/*******************************************************************************
 * Size: 20 px
 * Bpp: 4
 * Opts: lv_font_conv, Inter-Medium-tnum.ttf, see tools/bake-fonts.sh
 ******************************************************************************/

#ifdef LV_LVGL_H_INCLUDE_SIMPLE
#include "lvgl.h"
#else
#include "lvgl.h"
#endif

#ifndef FACE_INTER_20
#define FACE_INTER_20 1
#endif

#if FACE_INTER_20

/*-----------------
 *    BITMAPS
 *----------------*/

/*Store the image of the glyphs*/
static LV_ATTRIBUTE_LARGE_CONST const uint8_t glyph_bitmap[] = {
    /* U+0020 " " */

    /* U+0021 "!" */
    0x2f, 0xf3, 0x2f, 0xf3, 0x1f, 0xf3, 0x1f, 0xf2,
    0x1f, 0xf2, 0x1f, 0xf2, 0xf, 0xf2, 0xf, 0xf1,
    0xf, 0xf1, 0xd, 0xd1, 0x0, 0x0, 0xa, 0xb1,
    0x5f, 0xf7, 0x1d, 0xe2,

    /* U+0022 "\"" */
    0xff, 0x35, 0xfd, 0xef, 0x24, 0xfc, 0xef, 0x13,
    0xfc, 0xdf, 0x13, 0xfb, 0xcf, 0x2, 0xfa, 0x8a,
    0x1, 0xb7,

    /* U+0023 "#" */
    0x0, 0x0, 0xfc, 0x0, 0xd, 0xe0, 0x0, 0x0,
    0x2f, 0x80, 0x0, 0xfa, 0x0, 0x0, 0x6, 0xf5,
    0x0, 0x4f, 0x70, 0x0, 0xaf, 0xff, 0xff, 0xff,
    0xff, 0xf6, 0x9, 0xbf, 0xfb, 0xbb, 0xef, 0xbb,
    0x20, 0x0, 0xed, 0x0, 0xc, 0xf0, 0x0, 0x0,
    0xf, 0xb0, 0x0, 0xec, 0x0, 0x0, 0x2, 0xf8,
    0x0, 0x1f, 0xa0, 0x0, 0x5b, 0xcf, 0xdb, 0xbc,
    0xfd, 0xb6, 0x9, 0xff, 0xff, 0xff, 0xff, 0xff,
    0x60, 0x0, 0xaf, 0x0, 0x9, 0xf2, 0x0, 0x0,
    0xd, 0xe0, 0x0, 0xbf, 0x0, 0x0, 0x0, 0xfb,
    0x0, 0xe, 0xd0, 0x0, 0x0, 0x2f, 0x90, 0x0,
    0xfb, 0x0, 0x0,

    /* U+0024 "$" */
    0x0, 0x0, 0x9, 0x0, 0x0, 0x0, 0x0, 0x1,
    0xf1, 0x0, 0x0, 0x0, 0x0, 0x1f, 0x10, 0x0,
    0x0, 0x4, 0xbf, 0xff, 0xc6, 0x0, 0x9, 0xff,
    0xef, 0xef, 0xfb, 0x3, 0xff, 0x51, 0xf1, 0x4f,
    0xf6, 0x8f, 0xb0, 0x1f, 0x10, 0x7b, 0x77, 0xfd,
    0x1, 0xf1, 0x0, 0x0, 0x2f, 0xfd, 0x7f, 0x10,
    0x0, 0x0, 0x3d, 0xff, 0xfd, 0x82, 0x0, 0x0,
    0x4, 0xaf, 0xff, 0xf8, 0x0, 0x0, 0x1, 0xf3,
    0x8f, 0xf6, 0x0, 0x0, 0x1f, 0x10, 0x7f, 0xdd,
    0xf6, 0x1, 0xf1, 0x6, 0xfd, 0x9f, 0xe3, 0x1f,
    0x13, 0xef, 0x91, 0xdf, 0xfe, 0xfe, 0xff, 0xd1,
    0x1, 0x8d, 0xff, 0xfd, 0x81, 0x0, 0x0, 0x1,
    0xf1, 0x0, 0x0, 0x0, 0x0, 0x1f, 0x10, 0x0,
    0x0,

    /* U+0025 "%" */
    0x9, 0xef, 0xa1, 0x0, 0x0, 0x5, 0xf6, 0x0,
    0x9f, 0x98, 0xfb, 0x0, 0x0, 0x2f, 0xb0, 0x0,
    0xdd, 0x0, 0xbf, 0x0, 0x0, 0xce, 0x10, 0x0,
    0xec, 0x0, 0xaf, 0x0, 0x8, 0xf4, 0x0, 0x0,
    0xbf, 0x43, 0xed, 0x0, 0x3f, 0x80, 0x0, 0x0,
    0x2e, 0xff, 0xf3, 0x0, 0xdc, 0x0, 0x0, 0x0,
    0x0, 0x34, 0x0, 0xa, 0xf2, 0x0, 0x10, 0x0,
    0x0, 0x0, 0x0, 0x5f, 0x60, 0x2c, 0xff, 0x90,
    0x0, 0x0, 0x2, 0xfb, 0x0, 0xcf, 0x69, 0xf6,
    0x0, 0x0, 0xc, 0xe1, 0x1, 0xf9, 0x0, 0xfb,
    0x0, 0x0, 0x8f, 0x40, 0x2, 0xf8, 0x0, 0xec,
    0x0, 0x3, 0xf8, 0x0, 0x1, 0xf9, 0x0, 0xfa,
    0x0, 0xd, 0xc0, 0x0, 0x0, 0xbf, 0x8b, 0xf5,
    0x0, 0xaf, 0x20, 0x0, 0x0, 0x1b, 0xfe, 0x70,

    /* U+0026 "&" */
    0x0, 0x5, 0xcf, 0xeb, 0x20, 0x0, 0x0, 0x5,
    0xff, 0xde, 0xfe, 0x10, 0x0, 0x0, 0xcf, 0x80,
    0xc, 0xf6, 0x0, 0x0, 0xc, 0xf3, 0x0, 0x9f,
    0x50, 0x0, 0x0, 0x7f, 0x80, 0x3e, 0xd0, 0x0,
    0x0, 0x0, 0xcf, 0x8f, 0xc1, 0x0, 0x0, 0x0,
    0xa, 0xff, 0xc0, 0x0, 0x0, 0x0, 0x1c, 0xfc,
    0xef, 0x70, 0xc, 0xc0, 0xa, 0xfb, 0x3, 0xff,
    0x52, 0xfd, 0x0, 0xff, 0x30, 0x4, 0xff, 0xaf,
    0xa0, 0xf, 0xf3, 0x0, 0x7, 0xff, 0xf3, 0x0,
    0xcf, 0xb1, 0x0, 0x5f, 0xfe, 0x0, 0x2, 0xff,
    0xfd, 0xff, 0xfe, 0xfa, 0x0, 0x1, 0x9e, 0xfe,
    0xb4, 0x1e, 0xf7,

    /* U+0027 "'" */
    0xff, 0x3e, 0xf2, 0xef, 0x1d, 0xf1, 0xcf, 0x8,
    0xa0,

    /* U+0028 "(" */
    0x0, 0x1, 0x0, 0x9, 0xf8, 0x1, 0xff, 0x20,
    0x7f, 0xb0, 0xc, 0xf6, 0x0, 0xff, 0x20, 0x5f,
    0xe0, 0x8, 0xfa, 0x0, 0xaf, 0x80, 0xc, 0xf6,
    0x0, 0xcf, 0x60, 0xb, 0xf7, 0x0, 0xaf, 0x90,
    0x6, 0xfc, 0x0, 0x3f, 0xf0, 0x0, 0xdf, 0x50,
    0x8, 0xfb, 0x0, 0x1f, 0xf2, 0x0, 0x8f, 0x80,

    /* U+0029 ")" */
    0x1, 0x0, 0xb, 0xf6, 0x0, 0x5f, 0xe0, 0x0,
    0xef, 0x40, 0x9, 0xfa, 0x0, 0x4f, 0xe0, 0x0,
    0xff, 0x20, 0xd, 0xf5, 0x0, 0xbf, 0x70, 0x9,
    0xf8, 0x0, 0x9f, 0x90, 0xb, 0xf8, 0x0, 0xcf,
    0x60, 0xf, 0xf3, 0x3, 0xff, 0x0, 0x8f, 0xa0,
    0xe, 0xf5, 0x4, 0xfd, 0x0, 0xbf, 0x50, 0x0,

    /* U+002A "*" */
    0x0, 0x4, 0xf3, 0x0, 0x0, 0x60, 0x4f, 0x20,
    0x60, 0x4f, 0xd7, 0xf6, 0xef, 0x20, 0x3b, 0xff,
    0xfb, 0x30, 0x1, 0x9f, 0xff, 0x81, 0x3, 0xfe,
    0x8f, 0x8f, 0xf2, 0x8, 0x13, 0xf2, 0x28, 0x0,
    0x0, 0x4f, 0x30, 0x0, 0x0, 0x0, 0x20, 0x0,
    0x0,

    /* U+002B "+" */
    0x0, 0x0, 0x7f, 0x70, 0x0, 0x0, 0x0, 0x7,
    0xf7, 0x0, 0x0, 0x0, 0x0, 0x7f, 0x70, 0x0,
    0x0, 0x0, 0x7, 0xf7, 0x0, 0x0, 0x5f, 0xff,
    0xff, 0xff, 0xff, 0x44, 0xdd, 0xde, 0xfe, 0xdd,
    0xd3, 0x0, 0x0, 0x7f, 0x70, 0x0, 0x0, 0x0,
    0x7, 0xf7, 0x0, 0x0, 0x0, 0x0, 0x7f, 0x70,
    0x0, 0x0, 0x0, 0x4, 0x94, 0x0, 0x0,

    /* U+002C "," */
    0x3, 0xba, 0x0, 0x6f, 0xb0, 0x9, 0xf7, 0x0,
    0xbf, 0x20, 0xe, 0xe0, 0x0, 0xf9, 0x0,

    /* U+002D "-" */
    0xad, 0xdd, 0xdd, 0x9c, 0xff, 0xff, 0xfb,

    /* U+002E "." */
    0x3c, 0x80, 0xaf, 0xf1, 0x5f, 0xb0,

    /* U+002F "/" */
    0x0, 0x0, 0x7, 0x70, 0x0, 0x3, 0xfb, 0x0,
    0x0, 0x7f, 0x70, 0x0, 0xb, 0xf3, 0x0, 0x0,
    0xfe, 0x0, 0x0, 0x4f, 0xa0, 0x0, 0x8, 0xf6,
    0x0, 0x0, 0xcf, 0x10, 0x0, 0x1f, 0xd0, 0x0,
    0x5, 0xf9, 0x0, 0x0, 0x9f, 0x50, 0x0, 0xd,
    0xf1, 0x0, 0x2, 0xfc, 0x0, 0x0, 0x6f, 0x80,
    0x0, 0xa, 0xf3, 0x0, 0x0, 0xef, 0x0, 0x0,
    0x3f, 0xb0, 0x0, 0x7, 0xf7, 0x0, 0x0,

    /* U+0030 "0" */
    0x0, 0x19, 0xef, 0xe9, 0x10, 0x0, 0x2e, 0xff,
    0xef, 0xfe, 0x20, 0xc, 0xfb, 0x10, 0x1c, 0xfb,
    0x3, 0xff, 0x10, 0x0, 0x1f, 0xf2, 0x8f, 0xa0,
    0x0, 0x0, 0xbf, 0x7b, 0xf7, 0x0, 0x0, 0x8,
    0xfa, 0xcf, 0x60, 0x0, 0x0, 0x7f, 0xbc, 0xf6,
    0x0, 0x0, 0x7, 0xfb, 0xbf, 0x70, 0x0, 0x0,
    0x8f, 0xa8, 0xfa, 0x0, 0x0, 0xb, 0xf7, 0x4f,
    0xf1, 0x0, 0x1, 0xff, 0x30, 0xcf, 0xb1, 0x1,
    0xcf, 0xc0, 0x2, 0xef, 0xfe, 0xff, 0xe2, 0x0,
    0x2, 0x9e, 0xfe, 0x91, 0x0,

    /* U+0031 "1" */
    0x0, 0x4e, 0xff, 0x20, 0x0, 0x9, 0xff, 0xff,
    0x20, 0x0, 0x9f, 0xd4, 0xff, 0x20, 0x0, 0xa8,
    0x1, 0xff, 0x20, 0x0, 0x10, 0x1, 0xff, 0x20,
    0x0, 0x0, 0x1, 0xff, 0x20, 0x0, 0x0, 0x1,
    0xff, 0x20, 0x0, 0x0, 0x1, 0xff, 0x20, 0x0,
    0x0, 0x1, 0xff, 0x20, 0x0, 0x0, 0x1, 0xff,
    0x20, 0x0, 0x0, 0x1, 0xff, 0x20, 0x0, 0x0,
    0x1, 0xff, 0x20, 0x0, 0xcd, 0xdd, 0xff, 0xdd,
    0xd4, 0xff, 0xff, 0xff, 0xff, 0xf5,

    /* U+0032 "2" */
    0x0, 0x2a, 0xef, 0xe9, 0x10, 0x0, 0x4f, 0xff,
    0xef, 0xfe, 0x20, 0xe, 0xf9, 0x0, 0x1b, 0xfc,
    0x3, 0xff, 0x0, 0x0, 0x2f, 0xf0, 0x14, 0x30,
    0x0, 0x2, 0xff, 0x0, 0x0, 0x0, 0x0, 0x8f,
    0xb0, 0x0, 0x0, 0x0, 0x5f, 0xf2, 0x0, 0x0,
    0x0, 0x4f, 0xf5, 0x0, 0x0, 0x0, 0x5f, 0xf5,
    0x0, 0x0, 0x0, 0x5f, 0xf5, 0x0, 0x0, 0x0,
    0x5f, 0xf5, 0x0, 0x0, 0x0, 0x6f, 0xf5, 0x0,
    0x0, 0x0, 0x3f, 0xff, 0xff, 0xff, 0xff, 0x45,
    0xff, 0xff, 0xff, 0xff, 0xf4,

    /* U+0033 "3" */
    0x0, 0x4b, 0xef, 0xea, 0x30, 0x0, 0x8f, 0xff,
    0xdf, 0xff, 0x50, 0x3f, 0xf5, 0x0, 0x9, 0xfe,
    0x2, 0x65, 0x0, 0x0, 0x2f, 0xf0, 0x0, 0x0,
    0x0, 0xa, 0xfb, 0x0, 0x0, 0xc, 0xdf, 0xf9,
    0x10, 0x0, 0x1, 0xff, 0xfe, 0x91, 0x0, 0x0,
    0x0, 0x3, 0xcf, 0xd0, 0x0, 0x0, 0x0, 0x0,
    0xef, 0x51, 0x10, 0x0, 0x0, 0xb, 0xf8, 0x9f,
    0xb0, 0x0, 0x0, 0xef, 0x74, 0xff, 0x70, 0x1,
    0xaf, 0xf1, 0x9, 0xff, 0xfe, 0xff, 0xf5, 0x0,
    0x4, 0xbe, 0xfe, 0xa2, 0x0,

    /* U+0034 "4" */
    0x0, 0x0, 0x1, 0xff, 0xf0, 0x0, 0x0, 0x0,
    0xbf, 0xff, 0x0, 0x0, 0x0, 0x6f, 0xdf, 0xf0,
    0x0, 0x0, 0x2f, 0xf3, 0xff, 0x0, 0x0, 0xc,
    0xf6, 0x1f, 0xf0, 0x0, 0x7, 0xfb, 0x1, 0xff,
    0x0, 0x2, 0xff, 0x20, 0x1f, 0xf0, 0x0, 0xdf,
    0x60, 0x1, 0xff, 0x0, 0x8f, 0xb0, 0x0, 0x1f,
    0xf0, 0xf, 0xfe, 0xee, 0xee, 0xff, 0xed, 0xff,
    0xff, 0xff, 0xff, 0xff, 0xf0, 0x0, 0x0, 0x1,
    0xff, 0x0, 0x0, 0x0, 0x0, 0x1f, 0xf0, 0x0,
    0x0, 0x0, 0x1, 0xff, 0x0,

    /* U+0035 "5" */
    0x7, 0xff, 0xff, 0xff, 0xfa, 0x0, 0x9f, 0xfe,
    0xee, 0xee, 0x80, 0xb, 0xf5, 0x0, 0x0, 0x0,
    0x0, 0xdf, 0x30, 0x0, 0x0, 0x0, 0xf, 0xf4,
    0x9c, 0xb6, 0x0, 0x1, 0xff, 0xff, 0xff, 0xfc,
    0x10, 0x1a, 0xc7, 0x20, 0x5e, 0xfa, 0x0, 0x0,
    0x0, 0x0, 0x4f, 0xf1, 0x0, 0x0, 0x0, 0x0,
    0xef, 0x40, 0x0, 0x0, 0x0, 0xe, 0xf4, 0x6f,
    0xd0, 0x0, 0x2, 0xff, 0x21, 0xff, 0x80, 0x2,
    0xdf, 0xb0, 0x6, 0xff, 0xfe, 0xff, 0xd1, 0x0,
    0x3, 0xbe, 0xfd, 0x81, 0x0,

    /* U+0036 "6" */
    0x0, 0x6, 0xcf, 0xeb, 0x50, 0x0, 0xb, 0xff,
    0xff, 0xff, 0x90, 0x8, 0xfc, 0x30, 0x6, 0xff,
    0x41, 0xff, 0x10, 0x0, 0x4, 0x52, 0x5f, 0xa0,
    0x7b, 0xb8, 0x20, 0x9, 0xf9, 0xdf, 0xff, 0xff,
    0x40, 0xaf, 0xfe, 0x40, 0x2b, 0xfe, 0x1b, 0xff,
    0x20, 0x0, 0xd, 0xf6, 0xaf, 0xc0, 0x0, 0x0,
    0x8f, 0xa8, 0xfc, 0x0, 0x0, 0x8, 0xfa, 0x4f,
    0xf1, 0x0, 0x0, 0xdf, 0x70, 0xdf, 0xc1, 0x0,
    0xaf, 0xf1, 0x2, 0xef, 0xfe, 0xff, 0xf5, 0x0,
    0x1, 0x9e, 0xfe, 0xa2, 0x0,

    /* U+0037 "7" */
    0x5f, 0xff, 0xff, 0xff, 0xff, 0x45, 0xff, 0xff,
    0xff, 0xff, 0xf4, 0x0, 0x0, 0x0, 0x5, 0xff,
    0x10, 0x0, 0x0, 0x0, 0xdf, 0x70, 0x0, 0x0,
    0x0, 0x5f, 0xe0, 0x0, 0x0, 0x0, 0xd, 0xf7,
    0x0, 0x0, 0x0, 0x6, 0xfe, 0x0, 0x0, 0x0,
    0x0, 0xef, 0x60, 0x0, 0x0, 0x0, 0x7f, 0xd0,
    0x0, 0x0, 0x0, 0x1e, 0xf5, 0x0, 0x0, 0x0,
    0x8, 0xfc, 0x0, 0x0, 0x0, 0x1, 0xff, 0x40,
    0x0, 0x0, 0x0, 0x9f, 0xc0, 0x0, 0x0, 0x0,
    0x1f, 0xf3, 0x0, 0x0, 0x0,

    /* U+0038 "8" */
    0x0, 0x4b, 0xef, 0xea, 0x30, 0x0, 0x7f, 0xff,
    0xdf, 0xff, 0x60, 0xf, 0xf7, 0x0, 0x9, 0xff,
    0x2, 0xff, 0x0, 0x0, 0x1f, 0xf1, 0xd, 0xf7,
    0x0, 0x8, 0xfc, 0x0, 0x1b, 0xfe, 0xce, 0xfa,
    0x10, 0x2, 0xbf, 0xff, 0xff, 0xa1, 0x1, 0xef,
    0xb2, 0x3, 0xcf, 0xd0, 0x7f, 0xd0, 0x0, 0x0,
    0xef, 0x6a, 0xf9, 0x0, 0x0, 0xa, 0xfa, 0x9f,
    0xb0, 0x0, 0x0, 0xcf, 0x94, 0xff, 0x60, 0x0,
    0x7f, 0xf3, 0x9, 0xff, 0xed, 0xff, 0xf8, 0x0,
    0x4, 0xbe, 0xfe, 0xa4, 0x0,

    /* U+0039 "9" */
    0x0, 0x4b, 0xef, 0xd8, 0x10, 0x0, 0x7f, 0xff,
    0xef, 0xfe, 0x20, 0x3f, 0xf7, 0x0, 0x1b, 0xfc,
    0x9, 0xfa, 0x0, 0x0, 0xe, 0xf3, 0xbf, 0x70,
    0x0, 0x0, 0xcf, 0x79, 0xfb, 0x0, 0x0, 0x1f,
    0xf9, 0x3f, 0xf9, 0x10, 0x3d, 0xff, 0xa0, 0x7f,
    0xff, 0xff, 0xd8, 0xf9, 0x0, 0x39, 0xcb, 0x70,
    0x9f, 0x80, 0x0, 0x0, 0x0, 0xd, 0xf4, 0x7f,
    0xc0, 0x0, 0x4, 0xff, 0x2, 0xff, 0x90, 0x4,
    0xef, 0x70, 0x6, 0xff, 0xff, 0xff, 0xb0, 0x0,
    0x3, 0xbe, 0xfc, 0x60, 0x0,

    /* U+003A ":" */
    0x3c, 0x80, 0xaf, 0xf1, 0x5f, 0xb0, 0x0, 0x0,
    0x0, 0x0, 0x0, 0x0, 0x0, 0x0, 0x0, 0x0,
    0x3c, 0x80, 0xaf, 0xf1, 0x5f, 0xb0,

    /* U+003B ";" */
    0x2, 0xed, 0x10, 0x7f, 0xf5, 0x1, 0xbb, 0x0,
    0x0, 0x0, 0x0, 0x0, 0x0, 0x0, 0x0, 0x0,
    0x0, 0x0, 0x0, 0x0, 0x3, 0xba, 0x0, 0x6f,
    0xb0, 0x9, 0xf7, 0x0, 0xbf, 0x20, 0xe, 0xe0,
    0x0, 0xf9, 0x0,

    /* U+003C "<" */
    0x0, 0x0, 0x0, 0x0, 0x0, 0x0, 0x0, 0x0,
    0x0, 0x3, 0xb3, 0x0, 0x0, 0x0, 0x4c, 0xff,
    0x30, 0x0, 0x5, 0xcf, 0xfe, 0x70, 0x0, 0x5d,
    0xff, 0xc5, 0x0, 0x2, 0xdf, 0xfb, 0x40, 0x0,
    0x0, 0x4f, 0xfb, 0x10, 0x0, 0x0, 0x0, 0x7e,
    0xff, 0xa3, 0x0, 0x0, 0x0, 0x7, 0xef, 0xfb,
    0x40, 0x0, 0x0, 0x0, 0x6d, 0xff, 0xd1, 0x0,
    0x0, 0x0, 0x5, 0xdf, 0x30, 0x0, 0x0, 0x0,
    0x0, 0x51,

    /* U+003D "=" */
    0x1f, 0xff, 0xff, 0xff, 0xff, 0x1, 0xee, 0xee,
    0xee, 0xee, 0xe0, 0x0, 0x0, 0x0, 0x0, 0x0,
    0x0, 0x0, 0x0, 0x0, 0x0, 0x0, 0x1e, 0xee,
    0xee, 0xee, 0xee, 0x1, 0xff, 0xff, 0xff, 0xff,
    0xf0,

    /* U+003E ">" */
    0x0, 0x0, 0x0, 0x0, 0x0, 0x4, 0xb3, 0x0,
    0x0, 0x0, 0x0, 0x4f, 0xfb, 0x30, 0x0, 0x0,
    0x0, 0x7e, 0xff, 0xc4, 0x0, 0x0, 0x0, 0x6,
    0xdf, 0xfc, 0x50, 0x0, 0x0, 0x0, 0x4b, 0xff,
    0xd1, 0x0, 0x0, 0x0, 0x2b, 0xff, 0x30, 0x0,
    0x3, 0xaf, 0xfe, 0x70, 0x0, 0x5c, 0xff, 0xd6,
    0x0, 0x2, 0xdf, 0xfd, 0x50, 0x0, 0x0, 0x4f,
    0xc5, 0x0, 0x0, 0x0, 0x2, 0x40, 0x0, 0x0,
    0x0, 0x0,

    /* U+003F "?" */
    0x0, 0x4b, 0xef, 0xd8, 0x0, 0x5, 0xff, 0xed,
    0xff, 0xc0, 0xe, 0xf8, 0x0, 0x3f, 0xf5, 0x1c,
    0xc0, 0x0, 0xb, 0xf8, 0x0, 0x0, 0x0, 0xd,
    0xf6, 0x0, 0x0, 0x1, 0xbf, 0xe1, 0x0, 0x0,
    0x3e, 0xfc, 0x20, 0x0, 0x0, 0xef, 0x90, 0x0,
    0x0, 0x2, 0xfe, 0x0, 0x0, 0x0, 0x2, 0x98,
    0x0, 0x0, 0x0, 0x0, 0x0, 0x0, 0x0, 0x0,
    0x2, 0xc9, 0x0, 0x0, 0x0, 0x9, 0xff, 0x30,
    0x0, 0x0, 0x4, 0xec, 0x0, 0x0,

    /* U+0040 "@" */
    0x0, 0x0, 0x16, 0xbe, 0xff, 0xeb, 0x60, 0x0,
    0x0, 0x0, 0x5, 0xff, 0xfd, 0xbb, 0xdf, 0xfe,
    0x40, 0x0, 0x0, 0x8f, 0xf7, 0x10, 0x0, 0x1,
    0x7f, 0xf6, 0x0, 0x5, 0xfe, 0x20, 0x0, 0x0,
    0x0, 0x2, 0xef, 0x30, 0xe, 0xf4, 0x0, 0x28,
    0xa8, 0x29, 0x90, 0x4f, 0xb0, 0x5f, 0xb0, 0x4,
    0xff, 0xff, 0xff, 0xd0, 0xc, 0xf2, 0xaf, 0x50,
    0xe, 0xf5, 0x2, 0xbf, 0xd0, 0x7, 0xf6, 0xcf,
    0x20, 0x5f, 0x80, 0x0, 0x1f, 0xd0, 0x5, 0xf8,
    0xdf, 0x10, 0x8f, 0x30, 0x0, 0xe, 0xd0, 0x4,
    0xf8, 0xdf, 0x0, 0x8f, 0x30, 0x0, 0xe, 0xd0,
    0x5, 0xf7, 0xcf, 0x20, 0x6f, 0x60, 0x0, 0xf,
    0xd0, 0x6, 0xf5, 0xaf, 0x50, 0x2f, 0xc0, 0x0,
    0x7f, 0xe0, 0xb, 0xf1, 0x6f, 0xa0, 0x9, 0xfd,
    0x9b, 0xfc, 0xfb, 0xaf, 0xa0, 0xe, 0xf3, 0x0,
    0x7d, 0xfd, 0x41, 0xaf, 0xe9, 0x0, 0x7, 0xfd,
    0x20, 0x0, 0x0, 0x0, 0x0, 0x0, 0x0, 0x0,
    0xaf, 0xf7, 0x10, 0x0, 0x0, 0x21, 0x0, 0x0,
    0x0, 0x7, 0xff, 0xfd, 0xbb, 0xce, 0xf7, 0x0,
    0x0, 0x0, 0x0, 0x17, 0xbe, 0xff, 0xec, 0x83,
    0x0, 0x0,

    /* U+0041 "A" */
    0x0, 0x0, 0x8, 0xff, 0x90, 0x0, 0x0, 0x0,
    0x0, 0xe, 0xff, 0xe0, 0x0, 0x0, 0x0, 0x0,
    0x4f, 0xcb, 0xf5, 0x0, 0x0, 0x0, 0x0, 0x9f,
    0x76, 0xfb, 0x0, 0x0, 0x0, 0x0, 0xff, 0x21,
    0xff, 0x10, 0x0, 0x0, 0x5, 0xfc, 0x0, 0xbf,
    0x70, 0x0, 0x0, 0xb, 0xf7, 0x0, 0x5f, 0xd0,
    0x0, 0x0, 0x1f, 0xf1, 0x0, 0xe, 0xf3, 0x0,
    0x0, 0x7f, 0xfd, 0xdd, 0xdf, 0xf9, 0x0, 0x0,
    0xdf, 0xff, 0xff, 0xff, 0xff, 0x0, 0x3, 0xff,
    0x10, 0x0, 0x0, 0xef, 0x50, 0x9, 0xfb, 0x0,
    0x0, 0x0, 0x9f, 0xb0, 0xe, 0xf6, 0x0, 0x0,
    0x0, 0x3f, 0xf2, 0x5f, 0xf1, 0x0, 0x0, 0x0,
    0xe, 0xf7,

    /* U+0042 "B" */
    0x6f, 0xff, 0xff, 0xfd, 0x70, 0x0, 0x6f, 0xfe,
    0xee, 0xff, 0xfc, 0x0, 0x6f, 0xd0, 0x0, 0x5,
    0xff, 0x50, 0x6f, 0xd0, 0x0, 0x0, 0xbf, 0x80,
    0x6f, 0xd0, 0x0, 0x0, 0xcf, 0x60, 0x6f, 0xd0,
    0x0, 0x19, 0xfd, 0x0, 0x6f, 0xff, 0xff, 0xff,
    0xa0, 0x0, 0x6f, 0xfb, 0xbb, 0xcf, 0xfc, 0x10,
    0x6f, 0xd0, 0x0, 0x1, 0xcf, 0xb0, 0x6f, 0xd0,
    0x0, 0x0, 0x3f, 0xf0, 0x6f, 0xd0, 0x0, 0x0,
    0x3f, 0xf1, 0x6f, 0xd0, 0x0, 0x2, 0xcf, 0xd0,
    0x6f, 0xfe, 0xee, 0xff, 0xff, 0x40, 0x6f, 0xff,
    0xff, 0xfe, 0xa3, 0x0,

    /* U+0043 "C" */
    0x0, 0x3, 0xad, 0xfe, 0xb6, 0x0, 0x0, 0x8,
    0xff, 0xff, 0xff, 0xfc, 0x10, 0x8, 0xff, 0x93,
    0x2, 0x6e, 0xfc, 0x2, 0xff, 0x70, 0x0, 0x0,
    0x2f, 0xf4, 0x8f, 0xd0, 0x0, 0x0, 0x0, 0x7a,
    0x5b, 0xf7, 0x0, 0x0, 0x0, 0x0, 0x0, 0xdf,
    0x50, 0x0, 0x0, 0x0, 0x0, 0xd, 0xf5, 0x0,
    0x0, 0x0, 0x0, 0x0, 0xbf, 0x70, 0x0, 0x0,
    0x0, 0x0, 0x8, 0xfc, 0x0, 0x0, 0x0, 0x7,
    0xa5, 0x2f, 0xf6, 0x0, 0x0, 0x2, 0xff, 0x40,
    0x8f, 0xf9, 0x30, 0x26, 0xef, 0xc0, 0x0, 0x8f,
    0xff, 0xff, 0xff, 0xc1, 0x0, 0x0, 0x3a, 0xdf,
    0xeb, 0x60, 0x0,

    /* U+0044 "D" */
    0x6f, 0xff, 0xff, 0xec, 0x60, 0x0, 0x6, 0xff,
    0xff, 0xff, 0xff, 0xd2, 0x0, 0x6f, 0xd0, 0x0,
    0x5, 0xdf, 0xe1, 0x6, 0xfd, 0x0, 0x0, 0x0,
    0xdf, 0x90, 0x6f, 0xd0, 0x0, 0x0, 0x4, 0xfe,
    0x6, 0xfd, 0x0, 0x0, 0x0, 0xf, 0xf3, 0x6f,
    0xd0, 0x0, 0x0, 0x0, 0xef, 0x46, 0xfd, 0x0,
    0x0, 0x0, 0xe, 0xf4, 0x6f, 0xd0, 0x0, 0x0,
    0x0, 0xff, 0x36, 0xfd, 0x0, 0x0, 0x0, 0x4f,
    0xe0, 0x6f, 0xd0, 0x0, 0x0, 0xd, 0xf9, 0x6,
    0xfd, 0x0, 0x1, 0x5d, 0xfe, 0x10, 0x6f, 0xff,
    0xff, 0xff, 0xfd, 0x20, 0x6, 0xff, 0xff, 0xfe,
    0xb6, 0x0, 0x0,

    /* U+0045 "E" */
    0x6f, 0xff, 0xff, 0xff, 0xfc, 0x6f, 0xfe, 0xee,
    0xee, 0xeb, 0x6f, 0xd0, 0x0, 0x0, 0x0, 0x6f,
    0xd0, 0x0, 0x0, 0x0, 0x6f, 0xd0, 0x0, 0x0,
    0x0, 0x6f, 0xd0, 0x0, 0x0, 0x0, 0x6f, 0xff,
    0xff, 0xff, 0xf4, 0x6f, 0xfe, 0xee, 0xee, 0xe4,
    0x6f, 0xd0, 0x0, 0x0, 0x0, 0x6f, 0xd0, 0x0,
    0x0, 0x0, 0x6f, 0xd0, 0x0, 0x0, 0x0, 0x6f,
    0xd0, 0x0, 0x0, 0x0, 0x6f, 0xfe, 0xee, 0xee,
    0xec, 0x6f, 0xff, 0xff, 0xff, 0xfd,

    /* U+0046 "F" */
    0x6f, 0xff, 0xff, 0xff, 0xfa, 0x6f, 0xfe, 0xee,
    0xee, 0xe9, 0x6f, 0xd0, 0x0, 0x0, 0x0, 0x6f,
    0xd0, 0x0, 0x0, 0x0, 0x6f, 0xd0, 0x0, 0x0,
    0x0, 0x6f, 0xd0, 0x0, 0x0, 0x0, 0x6f, 0xfe,
    0xee, 0xee, 0xe0, 0x6f, 0xff, 0xff, 0xff, 0xf0,
    0x6f, 0xd0, 0x0, 0x0, 0x0, 0x6f, 0xd0, 0x0,
    0x0, 0x0, 0x6f, 0xd0, 0x0, 0x0, 0x0, 0x6f,
    0xd0, 0x0, 0x0, 0x0, 0x6f, 0xd0, 0x0, 0x0,
    0x0, 0x6f, 0xd0, 0x0, 0x0, 0x0,

    /* U+0047 "G" */
    0x0, 0x3, 0xad, 0xfe, 0xc6, 0x0, 0x0, 0x8,
    0xff, 0xff, 0xff, 0xfd, 0x20, 0x8, 0xff, 0x93,
    0x1, 0x6e, 0xfd, 0x2, 0xff, 0x70, 0x0, 0x0,
    0x1f, 0xf6, 0x8f, 0xc0, 0x0, 0x0, 0x0, 0x23,
    0x2b, 0xf7, 0x0, 0x0, 0x0, 0x0, 0x0, 0xdf,
    0x50, 0x0, 0xc, 0xdd, 0xdd, 0xad, 0xf5, 0x0,
    0x0, 0xff, 0xff, 0xfc, 0xbf, 0x70, 0x0, 0x0,
    0x0, 0x6f, 0xb8, 0xfc, 0x0, 0x0, 0x0, 0xa,
    0xf9, 0x2f, 0xf7, 0x0, 0x0, 0x3, 0xff, 0x40,
    0x8f, 0xf9, 0x30, 0x16, 0xef, 0xb0, 0x0, 0x9f,
    0xff, 0xff, 0xff, 0xc1, 0x0, 0x0, 0x3a, 0xdf,
    0xec, 0x60, 0x0,

    /* U+0048 "H" */
    0x6f, 0xd0, 0x0, 0x0, 0x0, 0xff, 0x46, 0xfd,
    0x0, 0x0, 0x0, 0xf, 0xf4, 0x6f, 0xd0, 0x0,
    0x0, 0x0, 0xff, 0x46, 0xfd, 0x0, 0x0, 0x0,
    0xf, 0xf4, 0x6f, 0xd0, 0x0, 0x0, 0x0, 0xff,
    0x46, 0xfd, 0x0, 0x0, 0x0, 0xf, 0xf4, 0x6f,
    0xff, 0xff, 0xff, 0xff, 0xff, 0x46, 0xff, 0xee,
    0xee, 0xee, 0xef, 0xf4, 0x6f, 0xd0, 0x0, 0x0,
    0x0, 0xff, 0x46, 0xfd, 0x0, 0x0, 0x0, 0xf,
    0xf4, 0x6f, 0xd0, 0x0, 0x0, 0x0, 0xff, 0x46,
    0xfd, 0x0, 0x0, 0x0, 0xf, 0xf4, 0x6f, 0xd0,
    0x0, 0x0, 0x0, 0xff, 0x46, 0xfd, 0x0, 0x0,
    0x0, 0xf, 0xf4,

    /* U+0049 "I" */
    0x6f, 0xd6, 0xfd, 0x6f, 0xd6, 0xfd, 0x6f, 0xd6,
    0xfd, 0x6f, 0xd6, 0xfd, 0x6f, 0xd6, 0xfd, 0x6f,
    0xd6, 0xfd, 0x6f, 0xd6, 0xfd,

    /* U+004A "J" */
    0x0, 0x0, 0x0, 0x5, 0xfe, 0x0, 0x0, 0x0,
    0x5, 0xfe, 0x0, 0x0, 0x0, 0x5, 0xfe, 0x0,
    0x0, 0x0, 0x5, 0xfe, 0x0, 0x0, 0x0, 0x5,
    0xfe, 0x0, 0x0, 0x0, 0x5, 0xfe, 0x0, 0x0,
    0x0, 0x5, 0xfe, 0x0, 0x0, 0x0, 0x5, 0xfe,
    0x0, 0x0, 0x0, 0x5, 0xfe, 0x1f, 0xf1, 0x0,
    0x5, 0xfe, 0xf, 0xf3, 0x0, 0x7, 0xfd, 0xc,
    0xfc, 0x10, 0x2e, 0xf9, 0x4, 0xff, 0xfe, 0xff,
    0xe1, 0x0, 0x3a, 0xef, 0xe9, 0x10,

    /* U+004B "K" */
    0x6f, 0xd0, 0x0, 0x0, 0x3f, 0xfa, 0x6, 0xfd,
    0x0, 0x0, 0x2e, 0xfb, 0x0, 0x6f, 0xd0, 0x0,
    0x2e, 0xfc, 0x0, 0x6, 0xfd, 0x0, 0x1d, 0xfc,
    0x0, 0x0, 0x6f, 0xd0, 0xd, 0xfd, 0x10, 0x0,
    0x6, 0xfd, 0xb, 0xfd, 0x10, 0x0, 0x0, 0x6f,
    0xd9, 0xff, 0xb0, 0x0, 0x0, 0x6, 0xff, 0xfd,
    0xff, 0x70, 0x0, 0x0, 0x6f, 0xfd, 0x16, 0xff,
    0x30, 0x0, 0x6, 0xfe, 0x10, 0xa, 0xfe, 0x10,
    0x0, 0x6f, 0xd0, 0x0, 0x1e, 0xfa, 0x0, 0x6,
    0xfd, 0x0, 0x0, 0x3f, 0xf6, 0x0, 0x6f, 0xd0,
    0x0, 0x0, 0x8f, 0xf2, 0x6, 0xfd, 0x0, 0x0,
    0x0, 0xcf, 0xd0,

    /* U+004C "L" */
    0x6f, 0xd0, 0x0, 0x0, 0x0, 0x6f, 0xd0, 0x0,
    0x0, 0x0, 0x6f, 0xd0, 0x0, 0x0, 0x0, 0x6f,
    0xd0, 0x0, 0x0, 0x0, 0x6f, 0xd0, 0x0, 0x0,
    0x0, 0x6f, 0xd0, 0x0, 0x0, 0x0, 0x6f, 0xd0,
    0x0, 0x0, 0x0, 0x6f, 0xd0, 0x0, 0x0, 0x0,
    0x6f, 0xd0, 0x0, 0x0, 0x0, 0x6f, 0xd0, 0x0,
    0x0, 0x0, 0x6f, 0xd0, 0x0, 0x0, 0x0, 0x6f,
    0xd0, 0x0, 0x0, 0x0, 0x6f, 0xfe, 0xee, 0xee,
    0xe6, 0x6f, 0xff, 0xff, 0xff, 0xf7,

    /* U+004D "M" */
    0x6f, 0xff, 0x10, 0x0, 0x0, 0x0, 0xdf, 0xfa,
    0x6f, 0xff, 0x70, 0x0, 0x0, 0x3, 0xff, 0xfa,
    0x6f, 0xef, 0xd0, 0x0, 0x0, 0xa, 0xfe, 0xfa,
    0x6f, 0xbd, 0xf4, 0x0, 0x0, 0xf, 0xf9, 0xfa,
    0x6f, 0xc8, 0xfa, 0x0, 0x0, 0x6f, 0xb8, 0xfa,
    0x6f, 0xc3, 0xff, 0x10, 0x0, 0xcf, 0x68, 0xfa,
    0x6f, 0xc0, 0xdf, 0x70, 0x2, 0xff, 0x19, 0xfa,
    0x6f, 0xc0, 0x6f, 0xd0, 0x9, 0xfa, 0x9, 0xfa,
    0x6f, 0xc0, 0x1f, 0xf3, 0xe, 0xf4, 0x9, 0xfa,
    0x6f, 0xc0, 0xa, 0xf8, 0x4f, 0xd0, 0x9, 0xfa,
    0x6f, 0xc0, 0x3, 0xfd, 0x8f, 0x70, 0x9, 0xfa,
    0x6f, 0xc0, 0x0, 0xdf, 0xef, 0x10, 0x9, 0xfa,
    0x6f, 0xc0, 0x0, 0x6f, 0xfa, 0x0, 0x9, 0xfa,
    0x6f, 0xc0, 0x0, 0x1f, 0xf4, 0x0, 0x9, 0xfa,

    /* U+004E "N" */
    0x6f, 0xf8, 0x0, 0x0, 0x0, 0xbf, 0x86, 0xff,
    0xf3, 0x0, 0x0, 0xb, 0xf8, 0x6f, 0xff, 0xc0,
    0x0, 0x0, 0xbf, 0x86, 0xfb, 0xcf, 0x70, 0x0,
    0xb, 0xf8, 0x6f, 0xc3, 0xff, 0x20, 0x0, 0xbf,
    0x86, 0xfd, 0xa, 0xfc, 0x0, 0xb, 0xf8, 0x6f,
    0xd0, 0x1e, 0xf7, 0x0, 0xbf, 0x86, 0xfe, 0x0,
    0x5f, 0xf2, 0xb, 0xf8, 0x6f, 0xe0, 0x0, 0xaf,
    0xb0, 0xbf, 0x86, 0xfe, 0x0, 0x1, 0xef, 0x5b,
    0xf8, 0x6f, 0xe0, 0x0, 0x5, 0xfe, 0xaf, 0x86,
    0xfe, 0x0, 0x0, 0xb, 0xff, 0xf8, 0x6f, 0xe0,
    0x0, 0x0, 0x1f, 0xff, 0x86, 0xfe, 0x0, 0x0,
    0x0, 0x6f, 0xf8,

    /* U+004F "O" */
    0x0, 0x3, 0xad, 0xfe, 0xb5, 0x0, 0x0, 0x0,
    0x8f, 0xff, 0xff, 0xff, 0xc1, 0x0, 0x7, 0xff,
    0x93, 0x1, 0x6f, 0xfc, 0x0, 0x2f, 0xf7, 0x0,
    0x0, 0x2, 0xff, 0x70, 0x8f, 0xc0, 0x0, 0x0,
    0x0, 0x7f, 0xd0, 0xbf, 0x70, 0x0, 0x0, 0x0,
    0x2f, 0xf1, 0xdf, 0x50, 0x0, 0x0, 0x0, 0xf,
    0xf2, 0xdf, 0x50, 0x0, 0x0, 0x0, 0xf, 0xf2,
    0xbf, 0x70, 0x0, 0x0, 0x0, 0x2f, 0xf1, 0x8f,
    0xc0, 0x0, 0x0, 0x0, 0x7f, 0xd0, 0x2f, 0xf6,
    0x0, 0x0, 0x2, 0xff, 0x70, 0x8, 0xff, 0x93,
    0x1, 0x6e, 0xfc, 0x0, 0x0, 0x8f, 0xff, 0xff,
    0xff, 0xc1, 0x0, 0x0, 0x3, 0xad, 0xfe, 0xb6,
    0x0, 0x0,

    /* U+0050 "P" */
    0x6f, 0xff, 0xff, 0xec, 0x60, 0x6, 0xff, 0xee,
    0xef, 0xff, 0xb0, 0x6f, 0xd0, 0x0, 0x6, 0xff,
    0x66, 0xfd, 0x0, 0x0, 0x9, 0xfb, 0x6f, 0xd0,
    0x0, 0x0, 0x6f, 0xd6, 0xfd, 0x0, 0x0, 0xa,
    0xfb, 0x6f, 0xd0, 0x0, 0x17, 0xff, 0x56, 0xff,
    0xff, 0xff, 0xff, 0xa0, 0x6f, 0xfe, 0xed, 0xda,
    0x50, 0x6, 0xfd, 0x0, 0x0, 0x0, 0x0, 0x6f,
    0xd0, 0x0, 0x0, 0x0, 0x6, 0xfd, 0x0, 0x0,
    0x0, 0x0, 0x6f, 0xd0, 0x0, 0x0, 0x0, 0x6,
    0xfd, 0x0, 0x0, 0x0, 0x0,

    /* U+0051 "Q" */
    0x0, 0x3, 0xad, 0xfe, 0xb5, 0x0, 0x0, 0x0,
    0x8f, 0xff, 0xff, 0xff, 0xc1, 0x0, 0x7, 0xff,
    0x93, 0x1, 0x6f, 0xfc, 0x0, 0x2f, 0xf7, 0x0,
    0x0, 0x2, 0xff, 0x70, 0x8f, 0xc0, 0x0, 0x0,
    0x0, 0x7f, 0xd0, 0xbf, 0x70, 0x0, 0x0, 0x0,
    0x2f, 0xf1, 0xdf, 0x50, 0x0, 0x0, 0x0, 0xf,
    0xf2, 0xdf, 0x50, 0x0, 0x0, 0x0, 0xf, 0xf2,
    0xbf, 0x70, 0x0, 0x0, 0x0, 0x2f, 0xf1, 0x8f,
    0xc0, 0x0, 0x7a, 0x30, 0x7f, 0xd0, 0x2f, 0xf6,
    0x0, 0x2e, 0xe4, 0xff, 0x60, 0x8, 0xff, 0x93,
    0x6, 0xff, 0xfc, 0x0, 0x0, 0x8f, 0xff, 0xff,
    0xff, 0xf1, 0x0, 0x0, 0x3, 0xad, 0xfe, 0xbc,
    0xf8, 0x0, 0x0, 0x0, 0x0, 0x0, 0x0, 0xdf,
    0x50,

    /* U+0052 "R" */
    0x6f, 0xff, 0xff, 0xec, 0x70, 0x0, 0x6f, 0xfe,
    0xee, 0xff, 0xfb, 0x0, 0x6f, 0xd0, 0x0, 0x6,
    0xff, 0x60, 0x6f, 0xd0, 0x0, 0x0, 0x9f, 0xb0,
    0x6f, 0xd0, 0x0, 0x0, 0x6f, 0xd0, 0x6f, 0xd0,
    0x0, 0x0, 0x9f, 0xb0, 0x6f, 0xd0, 0x0, 0x17,
    0xff, 0x60, 0x6f, 0xff, 0xff, 0xff, 0xfa, 0x0,
    0x6f, 0xfe, 0xee, 0xff, 0x80, 0x0, 0x6f, 0xd0,
    0x0, 0xbf, 0xc0, 0x0, 0x6f, 0xd0, 0x0, 0x2f,
    0xf5, 0x0, 0x6f, 0xd0, 0x0, 0x8, 0xfe, 0x0,
    0x6f, 0xd0, 0x0, 0x0, 0xef, 0x80, 0x6f, 0xd0,
    0x0, 0x0, 0x6f, 0xf2,

    /* U+0053 "S" */
    0x0, 0x4a, 0xef, 0xeb, 0x50, 0x0, 0x8f, 0xff,
    0xff, 0xff, 0xa0, 0x3f, 0xf8, 0x10, 0x6, 0xff,
    0x58, 0xfc, 0x0, 0x0, 0x8, 0xd8, 0x7f, 0xd0,
    0x0, 0x0, 0x0, 0x1, 0xef, 0xc5, 0x0, 0x0,
    0x0, 0x2, 0xcf, 0xff, 0xc8, 0x20, 0x0, 0x0,
    0x27, 0xcf, 0xff, 0x80, 0x0, 0x0, 0x0, 0x6,
    0xff, 0x71, 0x10, 0x0, 0x0, 0x6, 0xfd, 0xef,
    0x70, 0x0, 0x0, 0x7f, 0xd8, 0xff, 0x61, 0x1,
    0x7f, 0xf8, 0xc, 0xff, 0xff, 0xff, 0xfc, 0x0,
    0x6, 0xce, 0xfe, 0xb6, 0x0,

    /* U+0054 "T" */
    0x2f, 0xff, 0xff, 0xff, 0xff, 0xff, 0x21, 0xee,
    0xee, 0xff, 0xfe, 0xee, 0xe2, 0x0, 0x0, 0x9,
    0xfa, 0x0, 0x0, 0x0, 0x0, 0x0, 0x9f, 0xa0,
    0x0, 0x0, 0x0, 0x0, 0x9, 0xfa, 0x0, 0x0,
    0x0, 0x0, 0x0, 0x9f, 0xa0, 0x0, 0x0, 0x0,
    0x0, 0x9, 0xfa, 0x0, 0x0, 0x0, 0x0, 0x0,
    0x9f, 0xa0, 0x0, 0x0, 0x0, 0x0, 0x9, 0xfa,
    0x0, 0x0, 0x0, 0x0, 0x0, 0x9f, 0xa0, 0x0,
    0x0, 0x0, 0x0, 0x9, 0xfa, 0x0, 0x0, 0x0,
    0x0, 0x0, 0x9f, 0xa0, 0x0, 0x0, 0x0, 0x0,
    0x9, 0xfa, 0x0, 0x0, 0x0, 0x0, 0x0, 0x9f,
    0xa0, 0x0, 0x0,

    /* U+0055 "U" */
    0x6f, 0xd0, 0x0, 0x0, 0x0, 0xff, 0x36, 0xfd,
    0x0, 0x0, 0x0, 0xf, 0xf3, 0x6f, 0xd0, 0x0,
    0x0, 0x0, 0xff, 0x36, 0xfd, 0x0, 0x0, 0x0,
    0xf, 0xf3, 0x6f, 0xd0, 0x0, 0x0, 0x0, 0xff,
    0x36, 0xfd, 0x0, 0x0, 0x0, 0xf, 0xf3, 0x6f,
    0xd0, 0x0, 0x0, 0x0, 0xff, 0x36, 0xfd, 0x0,
    0x0, 0x0, 0xf, 0xf3, 0x6f, 0xd0, 0x0, 0x0,
    0x0, 0xff, 0x35, 0xff, 0x0, 0x0, 0x0, 0x2f,
    0xf2, 0x2f, 0xf5, 0x0, 0x0, 0x9, 0xfe, 0x0,
    0xbf, 0xf7, 0x20, 0x29, 0xff, 0x70, 0x1, 0xcf,
    0xff, 0xff, 0xff, 0xa0, 0x0, 0x0, 0x6c, 0xef,
    0xeb, 0x40, 0x0,

    /* U+0056 "V" */
    0x5f, 0xf1, 0x0, 0x0, 0x0, 0xe, 0xf7, 0xe,
    0xf7, 0x0, 0x0, 0x0, 0x4f, 0xf2, 0x9, 0xfc,
    0x0, 0x0, 0x0, 0x9f, 0xc0, 0x2, 0xff, 0x20,
    0x0, 0x0, 0xff, 0x60, 0x0, 0xcf, 0x80, 0x0,
    0x5, 0xff, 0x0, 0x0, 0x6f, 0xe0, 0x0, 0xa,
    0xfa, 0x0, 0x0, 0x1f, 0xf4, 0x0, 0xf, 0xf4,
    0x0, 0x0, 0xa, 0xfa, 0x0, 0x6f, 0xe0, 0x0,
    0x0, 0x4, 0xff, 0x0, 0xbf, 0x80, 0x0, 0x0,
    0x0, 0xef, 0x40, 0xff, 0x20, 0x0, 0x0, 0x0,
    0x8f, 0x95, 0xfc, 0x0, 0x0, 0x0, 0x0, 0x2f,
    0xea, 0xf6, 0x0, 0x0, 0x0, 0x0, 0xc, 0xff,
    0xf1, 0x0, 0x0, 0x0, 0x0, 0x6, 0xff, 0xa0,
    0x0, 0x0,

    /* U+0057 "W" */
    0x5f, 0xf0, 0x0, 0x0, 0x5f, 0xf6, 0x0, 0x0,
    0xe, 0xf6, 0x1f, 0xf3, 0x0, 0x0, 0x9f, 0xfa,
    0x0, 0x0, 0x3f, 0xf2, 0xc, 0xf7, 0x0, 0x0,
    0xdf, 0xfe, 0x0, 0x0, 0x7f, 0xd0, 0x8, 0xfc,
    0x0, 0x2, 0xfd, 0xcf, 0x20, 0x0, 0xbf, 0x90,
    0x3, 0xff, 0x0, 0x6, 0xf9, 0x9f, 0x70, 0x0,
    0xff, 0x40, 0x0, 0xff, 0x40, 0xa, 0xf5, 0x5f,
    0xb0, 0x3, 0xff, 0x0, 0x0, 0xaf, 0x80, 0xe,
    0xf1, 0x1f, 0xf0, 0x8, 0xfb, 0x0, 0x0, 0x6f,
    0xc0, 0x3f, 0xd0, 0xc, 0xf3, 0xc, 0xf6, 0x0,
    0x0, 0x1f, 0xf0, 0x7f, 0x80, 0x8, 0xf8, 0xf,
    0xf2, 0x0, 0x0, 0xd, 0xf4, 0xbf, 0x40, 0x3,
    0xfb, 0x3f, 0xd0, 0x0, 0x0, 0x8, 0xf7, 0xef,
    0x0, 0x0, 0xef, 0x7f, 0x90, 0x0, 0x0, 0x4,
    0xfc, 0xfb, 0x0, 0x0, 0xaf, 0xdf, 0x40, 0x0,
    0x0, 0x0, 0xff, 0xf6, 0x0, 0x0, 0x6f, 0xff,
    0x0, 0x0, 0x0, 0x0, 0xbf, 0xf2, 0x0, 0x0,
    0x1f, 0xfb, 0x0, 0x0,

    /* U+0058 "X" */
    0xb, 0xfd, 0x0, 0x0, 0x0, 0xbf, 0xc0, 0x1,
    0xef, 0x80, 0x0, 0x7, 0xff, 0x20, 0x0, 0x5f,
    0xf3, 0x0, 0x2f, 0xf5, 0x0, 0x0, 0x9, 0xfd,
    0x0, 0xdf, 0xa0, 0x0, 0x0, 0x0, 0xdf, 0x87,
    0xfe, 0x10, 0x0, 0x0, 0x0, 0x3f, 0xff, 0xf3,
    0x0, 0x0, 0x0, 0x0, 0x8, 0xff, 0x80, 0x0,
    0x0, 0x0, 0x0, 0xb, 0xff, 0xd0, 0x0, 0x0,
    0x0, 0x0, 0x7f, 0xdd, 0xf9, 0x0, 0x0, 0x0,
    0x3, 0xff, 0x44, 0xff, 0x40, 0x0, 0x0, 0xd,
    0xf9, 0x0, 0x9f, 0xe1, 0x0, 0x0, 0xaf, 0xd0,
    0x0, 0xd, 0xfb, 0x0, 0x6, 0xff, 0x30, 0x0,
    0x3, 0xff, 0x60, 0x2f, 0xf7, 0x0, 0x0, 0x0,
    0x7f, 0xf2,

    /* U+0059 "Y" */
    0x3f, 0xf6, 0x0, 0x0, 0x0, 0x7f, 0xf2, 0x8,
    0xfe, 0x10, 0x0, 0x1, 0xff, 0x70, 0x0, 0xdf,
    0x90, 0x0, 0xa, 0xfd, 0x0, 0x0, 0x4f, 0xf3,
    0x0, 0x4f, 0xf3, 0x0, 0x0, 0xa, 0xfd, 0x0,
    0xdf, 0x90, 0x0, 0x0, 0x1, 0xef, 0x67, 0xfe,
    0x0, 0x0, 0x0, 0x0, 0x5f, 0xee, 0xf4, 0x0,
    0x0, 0x0, 0x0, 0xb, 0xff, 0xa0, 0x0, 0x0,
    0x0, 0x0, 0x3, 0xff, 0x20, 0x0, 0x0, 0x0,
    0x0, 0x2, 0xff, 0x10, 0x0, 0x0, 0x0, 0x0,
    0x2, 0xff, 0x10, 0x0, 0x0, 0x0, 0x0, 0x2,
    0xff, 0x10, 0x0, 0x0, 0x0, 0x0, 0x2, 0xff,
    0x10, 0x0, 0x0, 0x0, 0x0, 0x2, 0xff, 0x10,
    0x0, 0x0,

    /* U+005A "Z" */
    0xdf, 0xff, 0xff, 0xff, 0xff, 0x9c, 0xee, 0xee,
    0xee, 0xef, 0xf7, 0x0, 0x0, 0x0, 0x7, 0xfd,
    0x0, 0x0, 0x0, 0x4, 0xff, 0x20, 0x0, 0x0,
    0x1, 0xef, 0x60, 0x0, 0x0, 0x0, 0xbf, 0xb0,
    0x0, 0x0, 0x0, 0x7f, 0xe1, 0x0, 0x0, 0x0,
    0x3f, 0xf4, 0x0, 0x0, 0x0, 0xd, 0xf8, 0x0,
    0x0, 0x0, 0x9, 0xfc, 0x0, 0x0, 0x0, 0x5,
    0xff, 0x20, 0x0, 0x0, 0x1, 0xef, 0x40, 0x0,
    0x0, 0x0, 0xaf, 0xfe, 0xee, 0xee, 0xee, 0x9c,
    0xff, 0xff, 0xff, 0xff, 0xfa,

    /* U+005B "[" */
    0x6f, 0xff, 0xc6, 0xfe, 0xb8, 0x6f, 0xa0, 0x6,
    0xfa, 0x0, 0x6f, 0xa0, 0x6, 0xfa, 0x0, 0x6f,
    0xa0, 0x6, 0xfa, 0x0, 0x6f, 0xa0, 0x6, 0xfa,
    0x0, 0x6f, 0xa0, 0x6, 0xfa, 0x0, 0x6f, 0xa0,
    0x6, 0xfa, 0x0, 0x6f, 0xa0, 0x6, 0xfa, 0x0,
    0x6f, 0xeb, 0x86, 0xff, 0xfc,

    /* U+005C "\\" */
    0x48, 0x30, 0x0, 0x5, 0xf9, 0x0, 0x0, 0x1f,
    0xd0, 0x0, 0x0, 0xcf, 0x10, 0x0, 0x8, 0xf6,
    0x0, 0x0, 0x4f, 0xa0, 0x0, 0x0, 0xfe, 0x0,
    0x0, 0xb, 0xf2, 0x0, 0x0, 0x7f, 0x70, 0x0,
    0x3, 0xfb, 0x0, 0x0, 0xe, 0xf0, 0x0, 0x0,
    0xaf, 0x40, 0x0, 0x6, 0xf8, 0x0, 0x0, 0x2f,
    0xc0, 0x0, 0x0, 0xdf, 0x10, 0x0, 0x9, 0xf5,
    0x0, 0x0, 0x5f, 0x90, 0x0, 0x1, 0xfd,

    /* U+005D "]" */
    0xff, 0xff, 0x3b, 0xbf, 0xf3, 0x0, 0xdf, 0x30,
    0xd, 0xf3, 0x0, 0xdf, 0x30, 0xd, 0xf3, 0x0,
    0xdf, 0x30, 0xd, 0xf3, 0x0, 0xdf, 0x30, 0xd,
    0xf3, 0x0, 0xdf, 0x30, 0xd, 0xf3, 0x0, 0xdf,
    0x30, 0xd, 0xf3, 0x0, 0xdf, 0x30, 0xd, 0xf3,
    0xab, 0xff, 0x3f, 0xff, 0xf3,

    /* U+005E "^" */
    0x0, 0x8, 0xff, 0x10, 0x0, 0x1, 0xfe, 0xf8,
    0x0, 0x0, 0x8f, 0x4c, 0xf1, 0x0, 0x1f, 0xd0,
    0x4f, 0x80, 0x8, 0xf5, 0x0, 0xdf, 0x10, 0xee,
    0x0, 0x6, 0xf8,

    /* U+005F "_" */
    0xdd, 0xdd, 0xdd, 0xdd, 0xd3, 0xff, 0xff, 0xff,
    0xff, 0xf4,

    /* U+0060 "`" */
    0x3e, 0xd0, 0x0, 0x9f, 0x60, 0x0, 0xdd, 0x0,

    /* U+0061 "a" */
    0x0, 0x29, 0xef, 0xea, 0x30, 0x2, 0xff, 0xec,
    0xef, 0xf3, 0x9, 0xfa, 0x0, 0x9, 0xfb, 0x0,
    0x0, 0x0, 0x4, 0xfe, 0x0, 0x1, 0x47, 0x9d,
    0xfe, 0x2, 0xcf, 0xff, 0xfc, 0xfe, 0xe, 0xfb,
    0x51, 0x3, 0xfe, 0x2f, 0xf0, 0x0, 0x5, 0xfe,
    0x1f, 0xf3, 0x0, 0x2d, 0xfe, 0xa, 0xff, 0xcc,
    0xfb, 0xfe, 0x0, 0x8e, 0xfd, 0x72, 0xfe,

    /* U+0062 "b" */
    0x8f, 0x90, 0x0, 0x0, 0x0, 0x8, 0xf9, 0x0,
    0x0, 0x0, 0x0, 0x8f, 0x90, 0x0, 0x0, 0x0,
    0x8, 0xf9, 0x2b, 0xfe, 0xa2, 0x0, 0x8f, 0xbe,
    0xfd, 0xff, 0xe2, 0x8, 0xff, 0xa0, 0x1, 0xcf,
    0xc0, 0x8f, 0xe0, 0x0, 0x2, 0xff, 0x28, 0xfa,
    0x0, 0x0, 0xd, 0xf5, 0x8f, 0x90, 0x0, 0x0,
    0xcf, 0x68, 0xfa, 0x0, 0x0, 0xe, 0xf5, 0x8f,
    0xe0, 0x0, 0x2, 0xff, 0x28, 0xff, 0x90, 0x1,
    0xcf, 0xc0, 0x8f, 0xae, 0xfd, 0xff, 0xe2, 0x8,
    0xf8, 0x2b, 0xfe, 0xa2, 0x0,

    /* U+0063 "c" */
    0x0, 0x5, 0xce, 0xec, 0x60, 0x0, 0x9, 0xff,
    0xee, 0xff, 0xa0, 0x5, 0xff, 0x40, 0x4, 0xff,
    0x40, 0xbf, 0x80, 0x0, 0x5, 0x62, 0xf, 0xf3,
    0x0, 0x0, 0x0, 0x0, 0xff, 0x20, 0x0, 0x0,
    0x0, 0xf, 0xf3, 0x0, 0x0, 0x0, 0x0, 0xcf,
    0x80, 0x0, 0x5, 0x72, 0x5, 0xff, 0x40, 0x3,
    0xef, 0x40, 0x9, 0xff, 0xed, 0xff, 0x90, 0x0,
    0x5, 0xcf, 0xfc, 0x50, 0x0,

    /* U+0064 "d" */
    0x0, 0x0, 0x0, 0x0, 0x3f, 0xe0, 0x0, 0x0,
    0x0, 0x3, 0xfe, 0x0, 0x0, 0x0, 0x0, 0x3f,
    0xe0, 0x0, 0x7d, 0xfd, 0x63, 0xfe, 0x0, 0xbf,
    0xfe, 0xef, 0x9f, 0xe0, 0x6f, 0xf4, 0x0, 0x5f,
    0xfe, 0xc, 0xf8, 0x0, 0x0, 0x9f, 0xe0, 0xff,
    0x30, 0x0, 0x4, 0xfe, 0xf, 0xf2, 0x0, 0x0,
    0x3f, 0xe0, 0xff, 0x30, 0x0, 0x5, 0xfe, 0xc,
    0xf8, 0x0, 0x0, 0x9f, 0xe0, 0x6f, 0xf4, 0x0,
    0x5f, 0xfe, 0x0, 0xbf, 0xfe, 0xef, 0x8f, 0xe0,
    0x0, 0x7d, 0xfd, 0x62, 0xfe,

    /* U+0065 "e" */
    0x0, 0x5, 0xcf, 0xfb, 0x40, 0x0, 0x9, 0xff,
    0xdd, 0xff, 0x80, 0x5, 0xfe, 0x30, 0x3, 0xff,
    0x30, 0xbf, 0x50, 0x0, 0x8, 0xf9, 0xf, 0xfa,
    0x99, 0x99, 0xbf, 0xc0, 0xff, 0xff, 0xff, 0xff,
    0xfd, 0xf, 0xf2, 0x0, 0x0, 0x0, 0x0, 0xcf,
    0x70, 0x0, 0x1, 0x10, 0x5, 0xff, 0x40, 0x1,
    0xdf, 0x60, 0x9, 0xff, 0xec, 0xff, 0xc0, 0x0,
    0x5, 0xce, 0xfd, 0x70, 0x0,

    /* U+0066 "f" */
    0x0, 0x1, 0x57, 0x61, 0x0, 0x2e, 0xff, 0xf1,
    0x0, 0xaf, 0xd6, 0x60, 0x0, 0xbf, 0x60, 0x0,
    0xcf, 0xff, 0xff, 0xd0, 0x9b, 0xef, 0xdb, 0xa0,
    0x0, 0xbf, 0x60, 0x0, 0x0, 0xbf, 0x60, 0x0,
    0x0, 0xbf, 0x60, 0x0, 0x0, 0xbf, 0x60, 0x0,
    0x0, 0xbf, 0x60, 0x0, 0x0, 0xbf, 0x60, 0x0,
    0x0, 0xbf, 0x60, 0x0, 0x0, 0xbf, 0x60, 0x0,
    0x0, 0xbf, 0x60, 0x0,

    /* U+0067 "g" */
    0x0, 0x7, 0xdf, 0xd6, 0x2f, 0xf0, 0xb, 0xff,
    0xee, 0xf8, 0xff, 0x6, 0xff, 0x50, 0x4, 0xff,
    0xf0, 0xcf, 0x80, 0x0, 0xa, 0xff, 0xf, 0xf4,
    0x0, 0x0, 0x5f, 0xf0, 0xff, 0x20, 0x0, 0x3,
    0xff, 0xf, 0xf3, 0x0, 0x0, 0x4f, 0xf0, 0xdf,
    0x80, 0x0, 0x8, 0xff, 0x7, 0xff, 0x40, 0x4,
    0xff, 0xf0, 0xc, 0xff, 0xdd, 0xfa, 0xff, 0x0,
    0x8, 0xdf, 0xe7, 0x3f, 0xf0, 0x0, 0x0, 0x0,
    0x4, 0xfe, 0x3, 0xb9, 0x0, 0x1, 0xbf, 0xa0,
    0x2e, 0xff, 0xcc, 0xff, 0xe1, 0x0, 0x18, 0xdf,
    0xfd, 0x81, 0x0,

    /* U+0068 "h" */
    0x8f, 0x90, 0x0, 0x0, 0x0, 0x8f, 0x90, 0x0,
    0x0, 0x0, 0x8f, 0x90, 0x0, 0x0, 0x0, 0x8f,
    0x92, 0xbf, 0xea, 0x10, 0x8f, 0xae, 0xff, 0xff,
    0xd0, 0x8f, 0xf8, 0x0, 0x5f, 0xf5, 0x8f, 0xc0,
    0x0, 0xb, 0xf8, 0x8f, 0x90, 0x0, 0x9, 0xf9,
    0x8f, 0x90, 0x0, 0x9, 0xf9, 0x8f, 0x90, 0x0,
    0x9, 0xf9, 0x8f, 0x90, 0x0, 0x9, 0xf9, 0x8f,
    0x90, 0x0, 0x9, 0xf9, 0x8f, 0x90, 0x0, 0x9,
    0xf9, 0x8f, 0x90, 0x0, 0x9, 0xf9,

    /* U+0069 "i" */
    0x17, 0x2b, 0xfc, 0x7f, 0x80, 0x0, 0x8f, 0x98,
    0xf9, 0x8f, 0x98, 0xf9, 0x8f, 0x98, 0xf9, 0x8f,
    0x98, 0xf9, 0x8f, 0x98, 0xf9, 0x8f, 0x90,

    /* U+006A "j" */
    0x0, 0x17, 0x20, 0xb, 0xfc, 0x0, 0x7f, 0x80,
    0x0, 0x0, 0x0, 0x9f, 0x90, 0x9, 0xf9, 0x0,
    0x9f, 0x90, 0x9, 0xf9, 0x0, 0x9f, 0x90, 0x9,
    0xf9, 0x0, 0x9f, 0x90, 0x9, 0xf9, 0x0, 0x9f,
    0x90, 0x9, 0xf9, 0x0, 0x9f, 0x90, 0x9, 0xf9,
    0x0, 0xcf, 0x74, 0xef, 0xf2, 0x5f, 0xc3, 0x0,

    /* U+006B "k" */
    0x8f, 0x90, 0x0, 0x0, 0x0, 0x8f, 0x90, 0x0,
    0x0, 0x0, 0x8f, 0x90, 0x0, 0x0, 0x0, 0x8f,
    0x90, 0x0, 0x5f, 0xf3, 0x8f, 0x90, 0x4, 0xff,
    0x40, 0x8f, 0x90, 0x3f, 0xf5, 0x0, 0x8f, 0x93,
    0xff, 0x60, 0x0, 0x8f, 0xce, 0xf9, 0x0, 0x0,
    0x8f, 0xff, 0xfc, 0x0, 0x0, 0x8f, 0xf5, 0xef,
    0x90, 0x0, 0x8f, 0x90, 0x4f, 0xf5, 0x0, 0x8f,
    0x90, 0x8, 0xff, 0x20, 0x8f, 0x90, 0x0, 0xcf,
    0xd0, 0x8f, 0x90, 0x0, 0x1e, 0xf9,

    /* U+006C "l" */
    0x8f, 0x98, 0xf9, 0x8f, 0x98, 0xf9, 0x8f, 0x98,
    0xf9, 0x8f, 0x98, 0xf9, 0x8f, 0x98, 0xf9, 0x8f,
    0x98, 0xf9, 0x8f, 0x98, 0xf9,

    /* U+006D "m" */
    0x8f, 0x74, 0xcf, 0xd4, 0x4, 0xcf, 0xe9, 0x0,
    0x8f, 0xbf, 0xcd, 0xff, 0x5f, 0xcc, 0xff, 0xb0,
    0x8f, 0xf3, 0x0, 0x9f, 0xf7, 0x0, 0x3f, 0xf2,
    0x8f, 0xb0, 0x0, 0x3f, 0xf0, 0x0, 0xe, 0xf4,
    0x8f, 0x90, 0x0, 0x2f, 0xf0, 0x0, 0xd, 0xf5,
    0x8f, 0x90, 0x0, 0x2f, 0xf0, 0x0, 0xd, 0xf5,
    0x8f, 0x90, 0x0, 0x2f, 0xf0, 0x0, 0xd, 0xf5,
    0x8f, 0x90, 0x0, 0x2f, 0xf0, 0x0, 0xd, 0xf5,
    0x8f, 0x90, 0x0, 0x2f, 0xf0, 0x0, 0xd, 0xf5,
    0x8f, 0x90, 0x0, 0x2f, 0xf0, 0x0, 0xd, 0xf5,
    0x8f, 0x90, 0x0, 0x2f, 0xf0, 0x0, 0xd, 0xf5,

    /* U+006E "n" */
    0x8f, 0x83, 0xbf, 0xea, 0x10, 0x8f, 0xaf, 0xdc,
    0xff, 0xd0, 0x8f, 0xf6, 0x0, 0x3f, 0xf5, 0x8f,
    0xc0, 0x0, 0xa, 0xf8, 0x8f, 0x90, 0x0, 0x9,
    0xf9, 0x8f, 0x90, 0x0, 0x9, 0xf9, 0x8f, 0x90,
    0x0, 0x9, 0xf9, 0x8f, 0x90, 0x0, 0x9, 0xf9,
    0x8f, 0x90, 0x0, 0x9, 0xf9, 0x8f, 0x90, 0x0,
    0x9, 0xf9, 0x8f, 0x90, 0x0, 0x9, 0xf9,

    /* U+006F "o" */
    0x0, 0x5, 0xce, 0xfc, 0x60, 0x0, 0x0, 0x9f,
    0xfe, 0xef, 0xfa, 0x0, 0x5, 0xff, 0x50, 0x4,
    0xff, 0x60, 0xb, 0xf8, 0x0, 0x0, 0x7f, 0xd0,
    0xf, 0xf3, 0x0, 0x0, 0x2f, 0xf0, 0xf, 0xf2,
    0x0, 0x0, 0xf, 0xf1, 0xf, 0xf3, 0x0, 0x0,
    0x2f, 0xf0, 0xc, 0xf8, 0x0, 0x0, 0x7f, 0xd0,
    0x5, 0xff, 0x40, 0x3, 0xff, 0x60, 0x0, 0x9f,
    0xfd, 0xdf, 0xfa, 0x0, 0x0, 0x5, 0xcf, 0xfc,
    0x60, 0x0,

    /* U+0070 "p" */
    0x8f, 0x83, 0xcf, 0xea, 0x20, 0x8, 0xfb, 0xfd,
    0xbe, 0xfe, 0x20, 0x8f, 0xf8, 0x0, 0xb, 0xfc,
    0x8, 0xfe, 0x0, 0x0, 0x2f, 0xf2, 0x8f, 0xa0,
    0x0, 0x0, 0xdf, 0x58, 0xf9, 0x0, 0x0, 0xc,
    0xf6, 0x8f, 0xb0, 0x0, 0x0, 0xef, 0x58, 0xff,
    0x0, 0x0, 0x3f, 0xf2, 0x8f, 0xfa, 0x0, 0x1c,
    0xfc, 0x8, 0xfa, 0xef, 0xdf, 0xfe, 0x20, 0x8f,
    0x92, 0xbf, 0xea, 0x20, 0x8, 0xf9, 0x0, 0x0,
    0x0, 0x0, 0x8f, 0x90, 0x0, 0x0, 0x0, 0x8,
    0xf9, 0x0, 0x0, 0x0, 0x0, 0x8f, 0x90, 0x0,
    0x0, 0x0, 0x0,

    /* U+0071 "q" */
    0x0, 0x7, 0xdf, 0xd6, 0x2f, 0xe0, 0xb, 0xff,
    0xee, 0xf9, 0xfe, 0x6, 0xff, 0x40, 0x5, 0xff,
    0xe0, 0xcf, 0x80, 0x0, 0x9, 0xfe, 0xf, 0xf3,
    0x0, 0x0, 0x4f, 0xe0, 0xff, 0x20, 0x0, 0x3,
    0xfe, 0xf, 0xf3, 0x0, 0x0, 0x5f, 0xe0, 0xcf,
    0x80, 0x0, 0x9, 0xfe, 0x6, 0xff, 0x40, 0x5,
    0xff, 0xe0, 0xb, 0xff, 0xee, 0xf9, 0xfe, 0x0,
    0x7, 0xdf, 0xd6, 0x3f, 0xe0, 0x0, 0x0, 0x0,
    0x3, 0xfe, 0x0, 0x0, 0x0, 0x0, 0x3f, 0xe0,
    0x0, 0x0, 0x0, 0x3, 0xfe, 0x0, 0x0, 0x0,
    0x0, 0x3f, 0xe0,

    /* U+0072 "r" */
    0x8f, 0x85, 0xdf, 0x48, 0xfc, 0xff, 0xd4, 0x8f,
    0xf7, 0x0, 0x8, 0xfc, 0x0, 0x0, 0x8f, 0x90,
    0x0, 0x8, 0xf9, 0x0, 0x0, 0x8f, 0x90, 0x0,
    0x8, 0xf9, 0x0, 0x0, 0x8f, 0x90, 0x0, 0x8,
    0xf9, 0x0, 0x0, 0x8f, 0x90, 0x0, 0x0,

    /* U+0073 "s" */
    0x0, 0x2a, 0xef, 0xe9, 0x10, 0x2, 0xff, 0xeb,
    0xef, 0xe1, 0x9, 0xfb, 0x0, 0xa, 0xe5, 0xa,
    0xf9, 0x0, 0x0, 0x0, 0x5, 0xff, 0xb7, 0x40,
    0x0, 0x0, 0x5d, 0xff, 0xff, 0x80, 0x0, 0x0,
    0x25, 0xaf, 0xf8, 0x0, 0x30, 0x0, 0x7, 0xfc,
    0xd, 0xf7, 0x0, 0xa, 0xfb, 0x5, 0xff, 0xdb,
    0xef, 0xf3, 0x0, 0x4b, 0xef, 0xea, 0x20,

    /* U+0074 "t" */
    0x1, 0x87, 0x0, 0x0, 0x3f, 0xf0, 0x0, 0x3,
    0xff, 0x0, 0xc, 0xff, 0xff, 0xf1, 0x9c, 0xff,
    0xbb, 0x10, 0x3f, 0xf0, 0x0, 0x3, 0xff, 0x0,
    0x0, 0x3f, 0xf0, 0x0, 0x3, 0xff, 0x0, 0x0,
    0x3f, 0xf0, 0x0, 0x3, 0xff, 0x0, 0x0, 0x2f,
    0xf1, 0x0, 0x0, 0xdf, 0xed, 0x20, 0x2, 0xbf,
    0xf4,

    /* U+0075 "u" */
    0x8f, 0x90, 0x0, 0x9, 0xf9, 0x8f, 0x90, 0x0,
    0x9, 0xf9, 0x8f, 0x90, 0x0, 0x9, 0xf9, 0x8f,
    0x90, 0x0, 0x9, 0xf9, 0x8f, 0x90, 0x0, 0x9,
    0xf9, 0x8f, 0x90, 0x0, 0x9, 0xf9, 0x8f, 0x90,
    0x0, 0x9, 0xf9, 0x8f, 0xb0, 0x0, 0xc, 0xf9,
    0x5f, 0xf5, 0x0, 0x7f, 0xf9, 0xd, 0xff, 0xff,
    0xf9, 0xf9, 0x1, 0xae, 0xfb, 0x37, 0xf9,

    /* U+0076 "v" */
    0x5f, 0xe0, 0x0, 0x0, 0x7f, 0xd0, 0xf, 0xf4,
    0x0, 0x0, 0xcf, 0x70, 0x9, 0xfa, 0x0, 0x2,
    0xff, 0x10, 0x3, 0xff, 0x0, 0x7, 0xfb, 0x0,
    0x0, 0xdf, 0x50, 0xd, 0xf5, 0x0, 0x0, 0x7f,
    0xa0, 0x2f, 0xf0, 0x0, 0x0, 0x1f, 0xf0, 0x7f,
    0x90, 0x0, 0x0, 0xb, 0xf4, 0xcf, 0x30, 0x0,
    0x0, 0x5, 0xfa, 0xfd, 0x0, 0x0, 0x0, 0x0,
    0xff, 0xf7, 0x0, 0x0, 0x0, 0x0, 0x9f, 0xf1,
    0x0, 0x0,

    /* U+0077 "w" */
    0x4f, 0xf0, 0x0, 0xe, 0xf8, 0x0, 0x6, 0xfe,
    0x0, 0xff, 0x30, 0x2, 0xff, 0xc0, 0x0, 0xaf,
    0x90, 0xb, 0xf7, 0x0, 0x6f, 0xef, 0x0, 0xe,
    0xf4, 0x0, 0x6f, 0xc0, 0xb, 0xf8, 0xf4, 0x2,
    0xff, 0x0, 0x1, 0xff, 0x0, 0xfc, 0x3f, 0x80,
    0x6f, 0xa0, 0x0, 0xc, 0xf4, 0x3f, 0x80, 0xfc,
    0xb, 0xf6, 0x0, 0x0, 0x8f, 0x77, 0xf4, 0xb,
    0xf0, 0xef, 0x10, 0x0, 0x3, 0xfb, 0xaf, 0x0,
    0x6f, 0x6f, 0xc0, 0x0, 0x0, 0xe, 0xee, 0xb0,
    0x2, 0xfd, 0xf7, 0x0, 0x0, 0x0, 0x9f, 0xf6,
    0x0, 0xd, 0xff, 0x20, 0x0, 0x0, 0x4, 0xff,
    0x20, 0x0, 0x9f, 0xe0, 0x0, 0x0,

    /* U+0078 "x" */
    0xd, 0xf8, 0x0, 0x4, 0xff, 0x20, 0x3f, 0xf2,
    0x0, 0xdf, 0x70, 0x0, 0x9f, 0xb0, 0x8f, 0xc0,
    0x0, 0x0, 0xef, 0x5f, 0xf2, 0x0, 0x0, 0x4,
    0xff, 0xf7, 0x0, 0x0, 0x0, 0xe, 0xff, 0x0,
    0x0, 0x0, 0x7, 0xfe, 0xf9, 0x0, 0x0, 0x2,
    0xff, 0x2e, 0xf3, 0x0, 0x0, 0xcf, 0x80, 0x6f,
    0xd0, 0x0, 0x7f, 0xd0, 0x0, 0xcf, 0x90, 0x2f,
    0xf4, 0x0, 0x2, 0xff, 0x40,

    /* U+0079 "y" */
    0x5f, 0xe0, 0x0, 0x0, 0x6f, 0xd0, 0xf, 0xf4,
    0x0, 0x0, 0xcf, 0x70, 0x9, 0xfa, 0x0, 0x2,
    0xff, 0x10, 0x3, 0xff, 0x0, 0x8, 0xfb, 0x0,
    0x0, 0xdf, 0x50, 0xd, 0xf5, 0x0, 0x0, 0x7f,
    0xb0, 0x3f, 0xe0, 0x0, 0x0, 0x1f, 0xf0, 0x8f,
    0x90, 0x0, 0x0, 0xb, 0xf5, 0xef, 0x20, 0x0,
    0x0, 0x5, 0xfb, 0xfc, 0x0, 0x0, 0x0, 0x0,
    0xef, 0xf6, 0x0, 0x0, 0x0, 0x0, 0x9f, 0xf1,
    0x0, 0x0, 0x0, 0x0, 0x9f, 0xa0, 0x0, 0x0,
    0x0, 0x1, 0xef, 0x30, 0x0, 0x0, 0x4, 0xdf,
    0xfa, 0x0, 0x0, 0x0, 0x8, 0xfe, 0x90, 0x0,
    0x0, 0x0,

    /* U+007A "z" */
    0x9f, 0xff, 0xff, 0xff, 0xc8, 0xee, 0xee, 0xef,
    0xfb, 0x0, 0x0, 0x5, 0xff, 0x20, 0x0, 0x2,
    0xff, 0x50, 0x0, 0x0, 0xdf, 0x90, 0x0, 0x0,
    0xaf, 0xc0, 0x0, 0x0, 0x6f, 0xf2, 0x0, 0x0,
    0x3f, 0xf5, 0x0, 0x0, 0x1e, 0xf9, 0x0, 0x0,
    0xa, 0xff, 0xee, 0xee, 0xee, 0xcf, 0xff, 0xff,
    0xff, 0xf0,

    /* U+007B "{" */
    0x0, 0x0, 0x16, 0x50, 0x0, 0x5f, 0xfc, 0x0,
    0xe, 0xf8, 0x30, 0x2, 0xfd, 0x0, 0x0, 0x4f,
    0xa0, 0x0, 0x4, 0xfa, 0x0, 0x0, 0x4f, 0xa0,
    0x0, 0x5, 0xfa, 0x0, 0x3, 0xcf, 0x60, 0x6,
    0xfe, 0x70, 0x0, 0x6f, 0xf9, 0x0, 0x0, 0x1b,
    0xf7, 0x0, 0x0, 0x5f, 0xa0, 0x0, 0x4, 0xfa,
    0x0, 0x0, 0x4f, 0xa0, 0x0, 0x3, 0xfb, 0x0,
    0x0, 0x1f, 0xf4, 0x0, 0x0, 0x9f, 0xfc, 0x0,
    0x0, 0x49, 0x80,

    /* U+007C "|" */
    0x8f, 0x68, 0xf6, 0x8f, 0x68, 0xf6, 0x8f, 0x68,
    0xf6, 0x8f, 0x68, 0xf6, 0x8f, 0x68, 0xf6, 0x8f,
    0x68, 0xf6, 0x8f, 0x68, 0xf6, 0x8f, 0x68, 0xf6,
    0x8f, 0x68, 0xf6, 0x8f, 0x68, 0xf6, 0x8f, 0x68,
    0xf6, 0x8f, 0x68, 0xf6,

    /* U+007D "}" */
    0x75, 0x0, 0x0, 0xf, 0xfe, 0x30, 0x0, 0x4a,
    0xfb, 0x0, 0x0, 0xf, 0xf0, 0x0, 0x0, 0xdf,
    0x0, 0x0, 0xd, 0xf1, 0x0, 0x0, 0xdf, 0x10,
    0x0, 0xc, 0xf2, 0x0, 0x0, 0x9f, 0xa2, 0x0,
    0x0, 0x9f, 0xf3, 0x0, 0x1a, 0xff, 0x30, 0xa,
    0xf9, 0x10, 0x0, 0xdf, 0x20, 0x0, 0xd, 0xf1,
    0x0, 0x0, 0xdf, 0x10, 0x0, 0xe, 0xf0, 0x0,
    0x7, 0xfd, 0x0, 0xf, 0xff, 0x60, 0x0, 0xa8,
    0x30, 0x0, 0x0,

    /* U+007E "~" */
    0x5, 0xdf, 0xb2, 0x0, 0x3a, 0x52, 0xff, 0xef,
    0xf4, 0x9, 0xf6, 0x7f, 0x70, 0x5f, 0xfe, 0xff,
    0x15, 0xa2, 0x0, 0x2b, 0xfd, 0x40,

    /* U+00A0 " " */

    /* U+00A1 "¡" */
    0x1d, 0xe2, 0x5f, 0xf7, 0x1b, 0xb1, 0x0, 0x0,
    0x0, 0x0, 0xf, 0xf1, 0xf, 0xf1, 0xf, 0xf2,
    0xf, 0xf2, 0xf, 0xf2, 0x1f, 0xf2, 0x1f, 0xf2,
    0x1f, 0xf3, 0x1f, 0xf3, 0x1d, 0xd3,

    /* U+00A2 "¢" */
    0x0, 0x0, 0xa, 0x80, 0x0, 0x0, 0x0, 0x3,
    0xcb, 0x30, 0x0, 0x0, 0x2c, 0xff, 0xff, 0xc2,
    0x0, 0x1e, 0xfc, 0xcb, 0xbf, 0xe1, 0x8, 0xfc,
    0xa, 0x80, 0xce, 0x50, 0xef, 0x50, 0xa8, 0x0,
    0x0, 0xf, 0xf2, 0xa, 0x80, 0x0, 0x0, 0xff,
    0x20, 0xa8, 0x0, 0x0, 0xe, 0xf5, 0xa, 0x80,
    0x10, 0x0, 0x9f, 0xc0, 0xa8, 0xb, 0xf6, 0x1,
    0xef, 0xcc, 0xbb, 0xfe, 0x10, 0x2, 0xcf, 0xff,
    0xfc, 0x20, 0x0, 0x0, 0x3c, 0xb3, 0x0, 0x0,
    0x0, 0x0, 0xa8, 0x0, 0x0,

    /* U+00A3 "£" */
    0x0, 0x6, 0xcf, 0xeb, 0x30, 0x0, 0xa, 0xff,
    0xff, 0xff, 0x50, 0x4, 0xff, 0x40, 0x7, 0xff,
    0x0, 0x8f, 0x90, 0x0, 0x9, 0x92, 0x9, 0xf8,
    0x0, 0x0, 0x0, 0x0, 0x8f, 0x80, 0x0, 0x0,
    0x0, 0xff, 0xff, 0xff, 0xff, 0x0, 0x9, 0xcf,
    0xd9, 0x99, 0x90, 0x0, 0x7, 0xfa, 0x0, 0x0,
    0x0, 0x0, 0x6f, 0xa0, 0x0, 0x0, 0x0, 0x6,
    0xfa, 0x0, 0x0, 0x13, 0x10, 0xbe, 0x30, 0x0,
    0xa, 0xf5, 0xff, 0xfe, 0xee, 0xee, 0xff, 0x2f,
    0xff, 0xff, 0xff, 0xfe, 0x60,

    /* U+00A4 "¤" */
    0x0, 0x0, 0x0, 0x0, 0x0, 0x0, 0x4, 0xe3,
    0x3a, 0xef, 0xd9, 0x16, 0xe2, 0x5f, 0xff, 0xfc,
    0xad, 0xff, 0xfe, 0x20, 0x8f, 0xc2, 0x0, 0x4,
    0xef, 0x40, 0xe, 0xd0, 0x0, 0x0, 0x4, 0xfa,
    0x5, 0xf6, 0x0, 0x0, 0x0, 0xb, 0xf0, 0x7f,
    0x30, 0x0, 0x0, 0x0, 0x8f, 0x27, 0xf3, 0x0,
    0x0, 0x0, 0x8, 0xf2, 0x5f, 0x60, 0x0, 0x0,
    0x0, 0xcf, 0x0, 0xee, 0x0, 0x0, 0x0, 0x4f,
    0x90, 0xb, 0xfc, 0x20, 0x0, 0x4e, 0xf6, 0x7,
    0xfe, 0xff, 0xcb, 0xdf, 0xef, 0xf4, 0x2b, 0x13,
    0xbe, 0xfd, 0x81, 0x3b, 0x0,

    /* U+00A5 "¥" */
    0x7f, 0xe0, 0x0, 0x0, 0xcf, 0x90, 0xef, 0x50,
    0x0, 0x3f, 0xf1, 0x7, 0xfd, 0x0, 0xb, 0xf9,
    0x0, 0xe, 0xf4, 0x2, 0xff, 0x10, 0x0, 0x6f,
    0xc0, 0xaf, 0x90, 0x0, 0x0, 0xef, 0x5f, 0xf1,
    0x0, 0x1, 0x28, 0xff, 0xfa, 0x21, 0x0, 0xbf,
    0xff, 0xff, 0xff, 0xb0, 0x3, 0x55, 0xbf, 0xc5,
    0x53, 0x0, 0x12, 0x29, 0xfb, 0x22, 0x10, 0xb,
    0xff, 0xff, 0xff, 0xfb, 0x0, 0x35, 0x5b, 0xfc,
    0x55, 0x30, 0x0, 0x0, 0x8f, 0xa0, 0x0, 0x0,
    0x0, 0x8, 0xfa, 0x0, 0x0,

    /* U+00A6 "¦" */
    0x1f, 0xe1, 0xfe, 0x1f, 0xe1, 0xfe, 0x1f, 0xe1,
    0xfe, 0xa, 0x90, 0x0, 0x0, 0x0, 0x0, 0xa,
    0x91, 0xfe, 0x1f, 0xe1, 0xfe, 0x1f, 0xe1, 0xfe,
    0x1f, 0xe0,

    /* U+00A7 "§" */
    0x0, 0x6d, 0xfe, 0x91, 0x0, 0x9, 0xff, 0xce,
    0xfc, 0x0, 0xf, 0xf2, 0x0, 0xbf, 0x50, 0xf,
    0xf0, 0x0, 0x26, 0x10, 0xb, 0xf9, 0x0, 0x0,
    0x0, 0x1, 0xdd, 0xe5, 0x0, 0x0, 0x3e, 0x20,
    0x5d, 0xd3, 0x0, 0xbf, 0x0, 0x0, 0x7f, 0x50,
    0xdf, 0x70, 0x0, 0xa, 0xf1, 0x8f, 0xfc, 0x40,
    0xa, 0xf3, 0xc, 0xff, 0xfb, 0xaf, 0xf1, 0x0,
    0x6e, 0xff, 0xfc, 0x40, 0x0, 0x0, 0x7f, 0xf9,
    0x0, 0x0, 0x0, 0x2, 0xef, 0x30, 0x39, 0x60,
    0x0, 0x9f, 0x70, 0x2f, 0xe4, 0x3, 0xef, 0x50,
    0x8, 0xff, 0xff, 0xfb, 0x0, 0x0, 0x4a, 0xba,
    0x50, 0x0,

    /* U+00A8 "¨" */
    0x5, 0x40, 0x4, 0x50, 0x4f, 0xf1, 0x1f, 0xf4,
    0x1d, 0xc0, 0xc, 0xe1,

    /* U+00A9 "©" */
    0x0, 0x0, 0x6, 0xbd, 0xdb, 0x71, 0x0, 0x0,
    0x0, 0x4, 0xef, 0xff, 0xff, 0xff, 0x70, 0x0,
    0x0, 0x5f, 0xfa, 0x41, 0x3, 0x8f, 0xf9, 0x0,
    0x2, 0xff, 0x60, 0x5a, 0xb8, 0x12, 0xef, 0x60,
    0xa, 0xf8, 0xa, 0xff, 0xff, 0xe2, 0x3f, 0xe0,
    0xf, 0xe0, 0x6f, 0xc2, 0x7, 0xfc, 0xb, 0xf5,
    0x4f, 0xa0, 0xcf, 0x10, 0x0, 0x79, 0x6, 0xf8,
    0x5f, 0x90, 0xed, 0x0, 0x0, 0x0, 0x4, 0xf9,
    0x4f, 0xa0, 0xcf, 0x10, 0x0, 0x88, 0x5, 0xf8,
    0x1f, 0xe0, 0x6f, 0xc2, 0x8, 0xfa, 0xa, 0xf5,
    0xb, 0xf6, 0xa, 0xff, 0xff, 0xe1, 0x2f, 0xf1,
    0x3, 0xff, 0x40, 0x5a, 0xb8, 0x11, 0xdf, 0x70,
    0x0, 0x7f, 0xf9, 0x20, 0x1, 0x6e, 0xfb, 0x0,
    0x0, 0x5, 0xff, 0xff, 0xef, 0xff, 0x90, 0x0,
    0x0, 0x0, 0x17, 0xcf, 0xfd, 0x92, 0x0, 0x0,

    /* U+00AA "ª" */
    0x0, 0x8d, 0xfe, 0x80, 0x0, 0xcf, 0xa7, 0xbf,
    0xa0, 0x3, 0x40, 0x0, 0xef, 0x0, 0x5, 0x8a,
    0xdf, 0xf0, 0x1d, 0xfb, 0x74, 0xdf, 0x5, 0xf8,
    0x0, 0xf, 0xf0, 0x3f, 0xe8, 0x7d, 0xff, 0x0,
    0x5d, 0xfd, 0x5c, 0xf0,

    /* U+00AB "«" */
    0x0, 0x0, 0x9f, 0xc0, 0x6f, 0xe1, 0x0, 0x6,
    0xfe, 0x14, 0xff, 0x30, 0x0, 0x4f, 0xf2, 0x2f,
    0xf5, 0x0, 0x3, 0xff, 0x41, 0xef, 0x70, 0x0,
    0xd, 0xf9, 0xa, 0xfc, 0x0, 0x0, 0x4, 0xff,
    0x32, 0xff, 0x50, 0x0, 0x0, 0x6f, 0xe1, 0x4f,
    0xf3, 0x0, 0x0, 0x9, 0xfc, 0x6, 0xfe, 0x10,
    0x0, 0x0, 0xbf, 0xa0, 0x8f, 0xc0, 0x0, 0x0,
    0x2, 0x20, 0x2, 0x20,

    /* U+00AC "¬" */
    0xac, 0xcc, 0xcc, 0xcc, 0x6d, 0xff, 0xff, 0xff,
    0xf8, 0x0, 0x0, 0x0, 0x6f, 0x80, 0x0, 0x0,
    0x6, 0xf8, 0x0, 0x0, 0x0, 0x38, 0x40,

    /* U+00AE "®" */
    0x0, 0x0, 0x0, 0x10, 0x0, 0x0, 0x0, 0x0,
    0x2a, 0xff, 0xfc, 0x40, 0x0, 0x0, 0x4f, 0xd7,
    0x56, 0xcf, 0x80, 0x0, 0x2f, 0xb0, 0x0, 0x0,
    0x7f, 0x60, 0x9, 0xe0, 0x5f, 0xee, 0x40, 0xae,
    0x0, 0xe8, 0x6, 0xd0, 0x8d, 0x3, 0xf3, 0xf,
    0x60, 0x6d, 0x8, 0xd0, 0x1f, 0x40, 0xe8, 0x6,
    0xfd, 0xf5, 0x3, 0xf3, 0xa, 0xd0, 0x6d, 0xc,
    0x90, 0x9f, 0x0, 0x3f, 0x82, 0x60, 0x27, 0x4f,
    0x80, 0x0, 0x7f, 0xb4, 0x23, 0x9f, 0xb0, 0x0,
    0x0, 0x4d, 0xff, 0xfe, 0x70, 0x0, 0x0, 0x0,
    0x2, 0x43, 0x0, 0x0, 0x0,

    /* U+00AF "¯" */
    0x8, 0x88, 0x88, 0x31, 0xff, 0xff, 0xf6,

    /* U+00B0 "°" */
    0x0, 0x69, 0x71, 0x0, 0xdf, 0xff, 0xe2, 0x8f,
    0x70, 0x5f, 0xab, 0xe0, 0x0, 0xce, 0xaf, 0x20,
    0x1e, 0xc3, 0xfe, 0xae, 0xf5, 0x4, 0xcf, 0xd5,
    0x0,

    /* U+00B1 "±" */
    0x0, 0x0, 0x7f, 0x70, 0x0, 0x0, 0x0, 0x7,
    0xf7, 0x0, 0x0, 0x0, 0x0, 0x7f, 0x70, 0x0,
    0x4, 0xff, 0xff, 0xff, 0xff, 0xf3, 0x3d, 0xdd,
    0xef, 0xed, 0xdd, 0x20, 0x0, 0x7, 0xf7, 0x0,
    0x0, 0x0, 0x0, 0x7f, 0x70, 0x0, 0x0, 0x0,
    0x2, 0x52, 0x0, 0x0, 0x3e, 0xee, 0xee, 0xee,
    0xee, 0x24, 0xff, 0xff, 0xff, 0xff, 0xf3,

    /* U+00B2 "²" */
    0x9, 0xef, 0xd7, 0xa, 0xfa, 0x7d, 0xf6, 0x67,
    0x0, 0x3f, 0xa0, 0x0, 0xb, 0xf5, 0x0, 0x2d,
    0xf7, 0x0, 0x5f, 0xe4, 0x0, 0x9f, 0xf9, 0x88,
    0x7d, 0xff, 0xff, 0xff,

    /* U+00B3 "³" */
    0x0, 0x8d, 0xfe, 0x90, 0x0, 0x9f, 0xb8, 0xbf,
    0xa0, 0x2, 0x20, 0x15, 0xfa, 0x0, 0x0, 0x7f,
    0xfa, 0x0, 0x0, 0x1, 0x37, 0xfc, 0x0, 0x77,
    0x0, 0xe, 0xf2, 0xb, 0xfc, 0x8c, 0xfd, 0x0,
    0x8, 0xef, 0xe9, 0x10,

    /* U+00B4 "´" */
    0x2, 0xec, 0x0, 0xaf, 0x40, 0x2f, 0x90, 0x0,

    /* U+00B5 "µ" */
    0x8f, 0x90, 0x0, 0x8, 0xf9, 0x8, 0xf9, 0x0,
    0x0, 0x8f, 0x90, 0x8f, 0x90, 0x0, 0x8, 0xf9,
    0x8, 0xf9, 0x0, 0x0, 0x8f, 0x90, 0x8f, 0x90,
    0x0, 0x8, 0xf9, 0x8, 0xf9, 0x0, 0x0, 0x8f,
    0x90, 0x8f, 0x90, 0x0, 0x8, 0xf9, 0x8, 0xfb,
    0x0, 0x0, 0xaf, 0x90, 0x8f, 0xf3, 0x0, 0x2f,
    0xf9, 0x8, 0xfe, 0xfb, 0xbf, 0xcf, 0xf9, 0x8f,
    0x98, 0xee, 0x90, 0x8e, 0xe8, 0xf9, 0x0, 0x0,
    0x0, 0x0, 0x8f, 0x90, 0x0, 0x0, 0x0, 0x8,
    0xf9, 0x0, 0x0, 0x0, 0x0, 0x8f, 0x90, 0x0,
    0x0, 0x0, 0x0,

    /* U+00B6 "¶" */
    0x0, 0x8, 0xdf, 0xff, 0xff, 0x60, 0x1d, 0xff,
    0xff, 0xde, 0xf6, 0x9, 0xff, 0xff, 0xa0, 0x9f,
    0x60, 0xef, 0xff, 0xfa, 0x9, 0xf6, 0xf, 0xff,
    0xff, 0xa0, 0x9f, 0x60, 0xdf, 0xff, 0xfa, 0x9,
    0xf6, 0x8, 0xff, 0xff, 0xa0, 0x9f, 0x60, 0xc,
    0xff, 0xfa, 0x9, 0xf6, 0x0, 0x6, 0xbc, 0x80,
    0x9f, 0x60, 0x0, 0x0, 0x0, 0x9, 0xf6, 0x0,
    0x0, 0x0, 0x0, 0x9f, 0x60, 0x0, 0x0, 0x0,
    0x9, 0xf6, 0x0, 0x0, 0x0, 0x0, 0x9f, 0x60,
    0x0, 0x0, 0x0, 0x9, 0xf6,

    /* U+00B7 "·" */
    0xb, 0xb1, 0x5f, 0xf6, 0x1d, 0xd2,

    /* U+00B8 "¸" */
    0x1, 0x10, 0x0, 0xa6, 0x0, 0xc, 0xea, 0x0,
    0x4, 0xf3, 0x3f, 0xfd, 0x10, 0x21, 0x0,

    /* U+00B9 "¹" */
    0x1a, 0xff, 0x1f, 0xee, 0xf1, 0x80, 0xcf, 0x10,
    0xc, 0xf1, 0x0, 0xcf, 0x10, 0xc, 0xf1, 0x0,
    0xcf, 0x10, 0xc, 0xf1,

    /* U+00BA "º" */
    0x0, 0x5c, 0xfe, 0xb2, 0x0, 0x7f, 0xe9, 0xaf,
    0xf2, 0xf, 0xf2, 0x0, 0x5f, 0xa3, 0xfb, 0x0,
    0x0, 0xfe, 0x3f, 0xb0, 0x0, 0xf, 0xe0, 0xff,
    0x10, 0x5, 0xfb, 0x7, 0xfe, 0x9a, 0xff, 0x20,
    0x5, 0xcf, 0xeb, 0x20,

    /* U+00BB "»" */
    0xc, 0xf9, 0xa, 0xfb, 0x0, 0x0, 0x1, 0xef,
    0x60, 0xcf, 0x90, 0x0, 0x0, 0x2f, 0xf4, 0x1e,
    0xf7, 0x0, 0x0, 0x4, 0xff, 0x22, 0xff, 0x50,
    0x0, 0x0, 0x9f, 0xd0, 0x6f, 0xf1, 0x0, 0x3,
    0xff, 0x41, 0xef, 0x70, 0x0, 0x1e, 0xf6, 0xc,
    0xf9, 0x0, 0x0, 0xcf, 0x90, 0xaf, 0xb0, 0x0,
    0xa, 0xfb, 0x8, 0xfd, 0x0, 0x0, 0x2, 0x20,
    0x2, 0x21, 0x0, 0x0,

    /* U+00BC "¼" */
    0x5, 0xff, 0x60, 0x0, 0x0, 0x6, 0xf5, 0x0,
    0x3f, 0xbf, 0x60, 0x0, 0x0, 0x2f, 0xa0, 0x0,
    0x24, 0x4f, 0x60, 0x0, 0x0, 0xce, 0x10, 0x0,
    0x0, 0x4f, 0x60, 0x0, 0x8, 0xf4, 0x0, 0x0,
    0x0, 0x4f, 0x60, 0x0, 0x3f, 0x80, 0x0, 0x0,
    0x0, 0x4f, 0x60, 0x0, 0xdd, 0x0, 0x0, 0x0,
    0x0, 0x4f, 0x60, 0xa, 0xf2, 0x0, 0x57, 0x40,
    0x0, 0x4f, 0x60, 0x5f, 0x70, 0x2, 0xff, 0x90,
    0x0, 0x0, 0x1, 0xeb, 0x0, 0xb, 0xef, 0x90,
    0x0, 0x0, 0xb, 0xe1, 0x0, 0x4f, 0x5f, 0x90,
    0x0, 0x0, 0x6f, 0x50, 0x0, 0xdc, 0xf, 0x90,
    0x0, 0x2, 0xfa, 0x0, 0x7, 0xf5, 0x1f, 0xa0,
    0x0, 0xc, 0xe1, 0x0, 0xb, 0xff, 0xff, 0xf9,
    0x0, 0x8f, 0x40, 0x0, 0x3, 0x44, 0x5f, 0xb2,
    0x0, 0x43, 0x0, 0x0, 0x0, 0x0, 0x4, 0x20,

    /* U+00BD "½" */
    0x1, 0x89, 0x30, 0x0, 0x0, 0x2, 0x94, 0x0,
    0x1, 0xef, 0xf6, 0x0, 0x0, 0x0, 0xce, 0x10,
    0x0, 0x4a, 0x5f, 0x60, 0x0, 0x0, 0x7f, 0x40,
    0x0, 0x0, 0x4, 0xf6, 0x0, 0x0, 0x2f, 0x90,
    0x0, 0x0, 0x0, 0x4f, 0x60, 0x0, 0xc, 0xe0,
    0x0, 0x0, 0x0, 0x4, 0xf6, 0x0, 0x8, 0xf4,
    0x0, 0x0, 0x0, 0x0, 0x4f, 0x60, 0x3, 0xf9,
    0x0, 0x1, 0x0, 0x0, 0x4, 0xf6, 0x0, 0xde,
    0x0, 0x7f, 0xfe, 0x50, 0x0, 0x15, 0x20, 0x8f,
    0x40, 0x2f, 0xb6, 0xdf, 0x0, 0x0, 0x0, 0x3f,
    0x90, 0x1, 0x31, 0x8, 0xf2, 0x0, 0x0, 0xd,
    0xe0, 0x0, 0x0, 0x1, 0xec, 0x0, 0x0, 0x8,
    0xf4, 0x0, 0x0, 0x0, 0xcf, 0x20, 0x0, 0x3,
    0xf9, 0x0, 0x0, 0x0, 0xbf, 0x50, 0x0, 0x0,
    0xdd, 0x0, 0x0, 0x0, 0xaf, 0x92, 0x20, 0x0,
    0x8f, 0x40, 0x0, 0x0, 0x3f, 0xff, 0xff, 0x40,
    0x4, 0x40, 0x0, 0x0, 0x1, 0x55, 0x55, 0x51,

    /* U+00BE "¾" */
    0x0, 0x0, 0x0, 0x0, 0x0, 0x0, 0x0, 0x10,
    0x0, 0x2, 0xcf, 0xfb, 0x0, 0x0, 0x0, 0xd,
    0xd0, 0x0, 0xb, 0xc5, 0x8f, 0x70, 0x0, 0x0,
    0xaf, 0x20, 0x0, 0x0, 0x0, 0x5f, 0x70, 0x0,
    0x5, 0xf7, 0x0, 0x0, 0x0, 0x1f, 0xfb, 0x0,
    0x0, 0x1e, 0xb0, 0x0, 0x0, 0x0, 0x3, 0x7f,
    0x90, 0x0, 0xbf, 0x10, 0x0, 0x0, 0x0, 0x0,
    0xe, 0xe0, 0x6, 0xf5, 0x0, 0x0, 0x0, 0xc,
    0xb3, 0x5f, 0xb0, 0x2f, 0xa0, 0x0, 0x11, 0x0,
    0x6, 0xff, 0xfd, 0x20, 0xce, 0x10, 0x5, 0xff,
    0x20, 0x0, 0x13, 0x30, 0x7, 0xf4, 0x0, 0x1e,
    0xff, 0x20, 0x0, 0x0, 0x0, 0x3f, 0x90, 0x0,
    0x9e, 0x8f, 0x20, 0x0, 0x0, 0x0, 0xdd, 0x0,
    0x3, 0xf6, 0x7f, 0x20, 0x0, 0x0, 0x9, 0xf3,
    0x0, 0xd, 0xd1, 0x7f, 0x30, 0x0, 0x0, 0x4f,
    0x70, 0x0, 0x2f, 0xff, 0xff, 0xf2, 0x0, 0x1,
    0xec, 0x0, 0x0, 0x4, 0x44, 0xaf, 0x60, 0x0,
    0x1, 0x41, 0x0, 0x0, 0x0, 0x0, 0x24, 0x0,

    /* U+00BF "¿" */
    0x0, 0x0, 0x5e, 0xb0, 0x0, 0x0, 0x0, 0xaf,
    0xf2, 0x0, 0x0, 0x0, 0x3c, 0x90, 0x0, 0x0,
    0x0, 0x0, 0x0, 0x0, 0x0, 0x0, 0x17, 0x50,
    0x0, 0x0, 0x0, 0x5f, 0xb0, 0x0, 0x0, 0x0,
    0xbf, 0x90, 0x0, 0x0, 0x1b, 0xff, 0x20, 0x0,
    0x2, 0xef, 0xd3, 0x0, 0x0, 0xa, 0xfd, 0x10,
    0x0, 0x0, 0xf, 0xf4, 0x0, 0x0, 0x0, 0xf,
    0xf4, 0x0, 0x8, 0xfa, 0xb, 0xfb, 0x0, 0x2e,
    0xf6, 0x3, 0xff, 0xfd, 0xff, 0xc0, 0x0, 0x2a,
    0xef, 0xd8, 0x0,

    /* U+00C0 "À" */
    0x0, 0x0, 0x4e, 0xb0, 0x0, 0x0, 0x0, 0x0,
    0x0, 0xb, 0xf3, 0x0, 0x0, 0x0, 0x0, 0x0,
    0x1, 0xfb, 0x0, 0x0, 0x0, 0x0, 0x0, 0x0,
    0x0, 0x0, 0x0, 0x0, 0x0, 0x0, 0x0, 0x0,
    0x0, 0x0, 0x0, 0x0, 0x0, 0x8, 0xff, 0x90,
    0x0, 0x0, 0x0, 0x0, 0xe, 0xff, 0xe0, 0x0,
    0x0, 0x0, 0x0, 0x4f, 0xcb, 0xf5, 0x0, 0x0,
    0x0, 0x0, 0x9f, 0x76, 0xfb, 0x0, 0x0, 0x0,
    0x0, 0xff, 0x21, 0xff, 0x10, 0x0, 0x0, 0x5,
    0xfc, 0x0, 0xbf, 0x70, 0x0, 0x0, 0xb, 0xf7,
    0x0, 0x5f, 0xd0, 0x0, 0x0, 0x1f, 0xf1, 0x0,
    0xe, 0xf3, 0x0, 0x0, 0x7f, 0xfd, 0xdd, 0xdf,
    0xf9, 0x0, 0x0, 0xdf, 0xff, 0xff, 0xff, 0xff,
    0x0, 0x3, 0xff, 0x10, 0x0, 0x0, 0xef, 0x50,
    0x9, 0xfb, 0x0, 0x0, 0x0, 0x9f, 0xb0, 0xe,
    0xf6, 0x0, 0x0, 0x0, 0x3f, 0xf2, 0x5f, 0xf1,
    0x0, 0x0, 0x0, 0xe, 0xf7,

    /* U+00C1 "Á" */
    0x0, 0x0, 0x0, 0x9, 0xe6, 0x0, 0x0, 0x0,
    0x0, 0x0, 0x1f, 0xd0, 0x0, 0x0, 0x0, 0x0,
    0x0, 0x9f, 0x30, 0x0, 0x0, 0x0, 0x0, 0x0,
    0x0, 0x0, 0x0, 0x0, 0x0, 0x0, 0x0, 0x0,
    0x0, 0x0, 0x0, 0x0, 0x0, 0x8, 0xff, 0x90,
    0x0, 0x0, 0x0, 0x0, 0xe, 0xff, 0xe0, 0x0,
    0x0, 0x0, 0x0, 0x4f, 0xcb, 0xf5, 0x0, 0x0,
    0x0, 0x0, 0x9f, 0x76, 0xfb, 0x0, 0x0, 0x0,
    0x0, 0xff, 0x21, 0xff, 0x10, 0x0, 0x0, 0x5,
    0xfc, 0x0, 0xbf, 0x70, 0x0, 0x0, 0xb, 0xf7,
    0x0, 0x5f, 0xd0, 0x0, 0x0, 0x1f, 0xf1, 0x0,
    0xe, 0xf3, 0x0, 0x0, 0x7f, 0xfd, 0xdd, 0xdf,
    0xf9, 0x0, 0x0, 0xdf, 0xff, 0xff, 0xff, 0xff,
    0x0, 0x3, 0xff, 0x10, 0x0, 0x0, 0xef, 0x50,
    0x9, 0xfb, 0x0, 0x0, 0x0, 0x9f, 0xb0, 0xe,
    0xf6, 0x0, 0x0, 0x0, 0x3f, 0xf2, 0x5f, 0xf1,
    0x0, 0x0, 0x0, 0xe, 0xf7,

    /* U+00C2 "Â" */
    0x0, 0x0, 0x4, 0xff, 0x60, 0x0, 0x0, 0x0,
    0x0, 0x2f, 0xca, 0xf4, 0x0, 0x0, 0x0, 0x1,
    0xee, 0x20, 0xde, 0x20, 0x0, 0x0, 0x0, 0x0,
    0x0, 0x0, 0x0, 0x0, 0x0, 0x0, 0x0, 0x0,
    0x0, 0x0, 0x0, 0x0, 0x0, 0x8, 0xff, 0x90,
    0x0, 0x0, 0x0, 0x0, 0xe, 0xff, 0xe0, 0x0,
    0x0, 0x0, 0x0, 0x4f, 0xcb, 0xf5, 0x0, 0x0,
    0x0, 0x0, 0x9f, 0x76, 0xfb, 0x0, 0x0, 0x0,
    0x0, 0xff, 0x21, 0xff, 0x10, 0x0, 0x0, 0x5,
    0xfc, 0x0, 0xbf, 0x70, 0x0, 0x0, 0xb, 0xf7,
    0x0, 0x5f, 0xd0, 0x0, 0x0, 0x1f, 0xf1, 0x0,
    0xe, 0xf3, 0x0, 0x0, 0x7f, 0xfd, 0xdd, 0xdf,
    0xf9, 0x0, 0x0, 0xdf, 0xff, 0xff, 0xff, 0xff,
    0x0, 0x3, 0xff, 0x10, 0x0, 0x0, 0xef, 0x50,
    0x9, 0xfb, 0x0, 0x0, 0x0, 0x9f, 0xb0, 0xe,
    0xf6, 0x0, 0x0, 0x0, 0x3f, 0xf2, 0x5f, 0xf1,
    0x0, 0x0, 0x0, 0xe, 0xf7,

    /* U+00C3 "Ã" */
    0x0, 0x0, 0x0, 0x11, 0x11, 0x0, 0x0, 0x0,
    0x0, 0x9f, 0xff, 0xfd, 0x0, 0x0, 0x0, 0x0,
    0x34, 0x44, 0x30, 0x0, 0x0, 0x0, 0x0, 0x0,
    0x0, 0x0, 0x0, 0x0, 0x0, 0x0, 0x0, 0x0,
    0x0, 0x0, 0x0, 0x0, 0x0, 0x8, 0xff, 0x90,
    0x0, 0x0, 0x0, 0x0, 0xe, 0xff, 0xe0, 0x0,
    0x0, 0x0, 0x0, 0x4f, 0xcb, 0xf5, 0x0, 0x0,
    0x0, 0x0, 0x9f, 0x76, 0xfb, 0x0, 0x0, 0x0,
    0x0, 0xff, 0x21, 0xff, 0x10, 0x0, 0x0, 0x5,
    0xfc, 0x0, 0xbf, 0x70, 0x0, 0x0, 0xb, 0xf7,
    0x0, 0x5f, 0xd0, 0x0, 0x0, 0x1f, 0xf1, 0x0,
    0xe, 0xf3, 0x0, 0x0, 0x7f, 0xfd, 0xdd, 0xdf,
    0xf9, 0x0, 0x0, 0xdf, 0xff, 0xff, 0xff, 0xff,
    0x0, 0x3, 0xff, 0x10, 0x0, 0x0, 0xef, 0x50,
    0x9, 0xfb, 0x0, 0x0, 0x0, 0x9f, 0xb0, 0xe,
    0xf6, 0x0, 0x0, 0x0, 0x3f, 0xf2, 0x5f, 0xf1,
    0x0, 0x0, 0x0, 0xe, 0xf7,

    /* U+00C4 "Ä" */
    0x0, 0x0, 0x54, 0x0, 0x35, 0x0, 0x0, 0x0,
    0x2, 0xff, 0x20, 0xff, 0x50, 0x0, 0x0, 0x1,
    0xdd, 0x0, 0xbe, 0x20, 0x0, 0x0, 0x0, 0x0,
    0x0, 0x0, 0x0, 0x0, 0x0, 0x0, 0x0, 0x0,
    0x0, 0x0, 0x0, 0x0, 0x0, 0x8, 0xff, 0x90,
    0x0, 0x0, 0x0, 0x0, 0xe, 0xff, 0xe0, 0x0,
    0x0, 0x0, 0x0, 0x4f, 0xcb, 0xf5, 0x0, 0x0,
    0x0, 0x0, 0x9f, 0x76, 0xfb, 0x0, 0x0, 0x0,
    0x0, 0xff, 0x21, 0xff, 0x10, 0x0, 0x0, 0x5,
    0xfc, 0x0, 0xbf, 0x70, 0x0, 0x0, 0xb, 0xf7,
    0x0, 0x5f, 0xd0, 0x0, 0x0, 0x1f, 0xf1, 0x0,
    0xe, 0xf3, 0x0, 0x0, 0x7f, 0xfd, 0xdd, 0xdf,
    0xf9, 0x0, 0x0, 0xdf, 0xff, 0xff, 0xff, 0xff,
    0x0, 0x3, 0xff, 0x10, 0x0, 0x0, 0xef, 0x50,
    0x9, 0xfb, 0x0, 0x0, 0x0, 0x9f, 0xb0, 0xe,
    0xf6, 0x0, 0x0, 0x0, 0x3f, 0xf2, 0x5f, 0xf1,
    0x0, 0x0, 0x0, 0xe, 0xf7,

    /* U+00C5 "Å" */
    0x0, 0x0, 0x0, 0x0, 0x0, 0x0, 0x0, 0x0,
    0x0, 0x6, 0xef, 0x80, 0x0, 0x0, 0x0, 0x0,
    0x4f, 0x75, 0xf6, 0x0, 0x0, 0x0, 0x0, 0x8e,
    0x0, 0xca, 0x0, 0x0, 0x0, 0x0, 0x5f, 0x42,
    0xf8, 0x0, 0x0, 0x0, 0x0, 0x9, 0xff, 0xb0,
    0x0, 0x0, 0x0, 0x0, 0x0, 0x22, 0x0, 0x0,
    0x0, 0x0, 0x0, 0x8, 0xff, 0x90, 0x0, 0x0,
    0x0, 0x0, 0xe, 0xff, 0xe0, 0x0, 0x0, 0x0,
    0x0, 0x4f, 0xcb, 0xf5, 0x0, 0x0, 0x0, 0x0,
    0x9f, 0x76, 0xfb, 0x0, 0x0, 0x0, 0x0, 0xff,
    0x21, 0xff, 0x10, 0x0, 0x0, 0x5, 0xfc, 0x0,
    0xbf, 0x70, 0x0, 0x0, 0xb, 0xf7, 0x0, 0x5f,
    0xd0, 0x0, 0x0, 0x1f, 0xf1, 0x0, 0xe, 0xf3,
    0x0, 0x0, 0x7f, 0xfd, 0xdd, 0xdf, 0xf9, 0x0,
    0x0, 0xdf, 0xff, 0xff, 0xff, 0xff, 0x0, 0x3,
    0xff, 0x10, 0x0, 0x0, 0xef, 0x50, 0x9, 0xfb,
    0x0, 0x0, 0x0, 0x9f, 0xb0, 0xe, 0xf6, 0x0,
    0x0, 0x0, 0x3f, 0xf2, 0x5f, 0xf1, 0x0, 0x0,
    0x0, 0xe, 0xf7,

    /* U+00C6 "Æ" */
    0x0, 0x0, 0x0, 0xe, 0xff, 0xff, 0xff, 0xff,
    0xff, 0xc0, 0x0, 0x0, 0x7, 0xfd, 0x9f, 0xfe,
    0xee, 0xee, 0xeb, 0x0, 0x0, 0x0, 0xef, 0x54,
    0xfd, 0x0, 0x0, 0x0, 0x0, 0x0, 0x0, 0x7f,
    0xd0, 0x4f, 0xd0, 0x0, 0x0, 0x0, 0x0, 0x0,
    0xe, 0xf5, 0x4, 0xfd, 0x0, 0x0, 0x0, 0x0,
    0x0, 0x6, 0xfd, 0x0, 0x4f, 0xd0, 0x0, 0x0,
    0x0, 0x0, 0x0, 0xdf, 0x50, 0x4, 0xff, 0xff,
    0xff, 0xff, 0x40, 0x0, 0x5f, 0xd0, 0x0, 0x4f,
    0xfe, 0xee, 0xee, 0xe4, 0x0, 0xd, 0xfe, 0xcc,
    0xcd, 0xfd, 0x0, 0x0, 0x0, 0x0, 0x5, 0xff,
    0xff, 0xff, 0xff, 0xd0, 0x0, 0x0, 0x0, 0x0,
    0xcf, 0x70, 0x0, 0x4, 0xfd, 0x0, 0x0, 0x0,
    0x0, 0x4f, 0xf1, 0x0, 0x0, 0x4f, 0xd0, 0x0,
    0x0, 0x0, 0xc, 0xf9, 0x0, 0x0, 0x4, 0xff,
    0xee, 0xee, 0xee, 0xc4, 0xff, 0x20, 0x0, 0x0,
    0x4f, 0xff, 0xff, 0xff, 0xfd,

    /* U+00C7 "Ç" */
    0x0, 0x3, 0xad, 0xfe, 0xb6, 0x0, 0x0, 0x8,
    0xff, 0xff, 0xff, 0xfc, 0x10, 0x8, 0xff, 0x93,
    0x2, 0x6e, 0xfc, 0x2, 0xff, 0x70, 0x0, 0x0,
    0x2f, 0xf4, 0x8f, 0xd0, 0x0, 0x0, 0x0, 0x7a,
    0x5b, 0xf7, 0x0, 0x0, 0x0, 0x0, 0x0, 0xdf,
    0x50, 0x0, 0x0, 0x0, 0x0, 0xd, 0xf5, 0x0,
    0x0, 0x0, 0x0, 0x0, 0xbf, 0x70, 0x0, 0x0,
    0x0, 0x0, 0x8, 0xfc, 0x0, 0x0, 0x0, 0x7,
    0xa5, 0x2f, 0xf6, 0x0, 0x0, 0x2, 0xff, 0x40,
    0x8f, 0xf9, 0x30, 0x26, 0xef, 0xc0, 0x0, 0x8f,
    0xff, 0xff, 0xff, 0xc1, 0x0, 0x0, 0x3a, 0xdf,
    0xfb, 0x60, 0x0, 0x0, 0x0, 0x0, 0xf4, 0x0,
    0x0, 0x0, 0x0, 0x0, 0x1a, 0xeb, 0x0, 0x0,
    0x0, 0x0, 0x0, 0x19, 0xf0, 0x0, 0x0, 0x0,
    0x0, 0x8f, 0xe7, 0x0, 0x0,

    /* U+00C8 "È" */
    0x0, 0x3e, 0xd0, 0x0, 0x0, 0x0, 0x9, 0xf6,
    0x0, 0x0, 0x0, 0x0, 0xdd, 0x0, 0x0, 0x0,
    0x0, 0x0, 0x0, 0x0, 0x0, 0x0, 0x0, 0x0,
    0x0, 0x6f, 0xff, 0xff, 0xff, 0xfc, 0x6f, 0xfe,
    0xee, 0xee, 0xeb, 0x6f, 0xd0, 0x0, 0x0, 0x0,
    0x6f, 0xd0, 0x0, 0x0, 0x0, 0x6f, 0xd0, 0x0,
    0x0, 0x0, 0x6f, 0xd0, 0x0, 0x0, 0x0, 0x6f,
    0xff, 0xff, 0xff, 0xf4, 0x6f, 0xfe, 0xee, 0xee,
    0xe4, 0x6f, 0xd0, 0x0, 0x0, 0x0, 0x6f, 0xd0,
    0x0, 0x0, 0x0, 0x6f, 0xd0, 0x0, 0x0, 0x0,
    0x6f, 0xd0, 0x0, 0x0, 0x0, 0x6f, 0xfe, 0xee,
    0xee, 0xec, 0x6f, 0xff, 0xff, 0xff, 0xfd,

    /* U+00C9 "É" */
    0x0, 0x0, 0x6, 0xe9, 0x0, 0x0, 0x0, 0xe,
    0xe1, 0x0, 0x0, 0x0, 0x6f, 0x50, 0x0, 0x0,
    0x0, 0x0, 0x0, 0x0, 0x0, 0x0, 0x0, 0x0,
    0x0, 0x6f, 0xff, 0xff, 0xff, 0xfc, 0x6f, 0xfe,
    0xee, 0xee, 0xeb, 0x6f, 0xd0, 0x0, 0x0, 0x0,
    0x6f, 0xd0, 0x0, 0x0, 0x0, 0x6f, 0xd0, 0x0,
    0x0, 0x0, 0x6f, 0xd0, 0x0, 0x0, 0x0, 0x6f,
    0xff, 0xff, 0xff, 0xf4, 0x6f, 0xfe, 0xee, 0xee,
    0xe4, 0x6f, 0xd0, 0x0, 0x0, 0x0, 0x6f, 0xd0,
    0x0, 0x0, 0x0, 0x6f, 0xd0, 0x0, 0x0, 0x0,
    0x6f, 0xd0, 0x0, 0x0, 0x0, 0x6f, 0xfe, 0xee,
    0xee, 0xec, 0x6f, 0xff, 0xff, 0xff, 0xfd,

    /* U+00CA "Ê" */
    0x0, 0x2, 0xff, 0x90, 0x0, 0x0, 0x1e, 0xe9,
    0xf6, 0x0, 0x0, 0xcf, 0x30, 0xbf, 0x30, 0x0,
    0x0, 0x0, 0x0, 0x0, 0x0, 0x0, 0x0, 0x0,
    0x0, 0x6f, 0xff, 0xff, 0xff, 0xfc, 0x6f, 0xfe,
    0xee, 0xee, 0xeb, 0x6f, 0xd0, 0x0, 0x0, 0x0,
    0x6f, 0xd0, 0x0, 0x0, 0x0, 0x6f, 0xd0, 0x0,
    0x0, 0x0, 0x6f, 0xd0, 0x0, 0x0, 0x0, 0x6f,
    0xff, 0xff, 0xff, 0xf4, 0x6f, 0xfe, 0xee, 0xee,
    0xe4, 0x6f, 0xd0, 0x0, 0x0, 0x0, 0x6f, 0xd0,
    0x0, 0x0, 0x0, 0x6f, 0xd0, 0x0, 0x0, 0x0,
    0x6f, 0xd0, 0x0, 0x0, 0x0, 0x6f, 0xfe, 0xee,
    0xee, 0xec, 0x6f, 0xff, 0xff, 0xff, 0xfd,

    /* U+00CB "Ë" */
    0x0, 0x35, 0x0, 0x26, 0x0, 0x1, 0xff, 0x40,
    0xdf, 0x70, 0x0, 0xce, 0x20, 0x9f, 0x40, 0x0,
    0x0, 0x0, 0x0, 0x0, 0x0, 0x0, 0x0, 0x0,
    0x0, 0x6f, 0xff, 0xff, 0xff, 0xfc, 0x6f, 0xfe,
    0xee, 0xee, 0xeb, 0x6f, 0xd0, 0x0, 0x0, 0x0,
    0x6f, 0xd0, 0x0, 0x0, 0x0, 0x6f, 0xd0, 0x0,
    0x0, 0x0, 0x6f, 0xd0, 0x0, 0x0, 0x0, 0x6f,
    0xff, 0xff, 0xff, 0xf4, 0x6f, 0xfe, 0xee, 0xee,
    0xe4, 0x6f, 0xd0, 0x0, 0x0, 0x0, 0x6f, 0xd0,
    0x0, 0x0, 0x0, 0x6f, 0xd0, 0x0, 0x0, 0x0,
    0x6f, 0xd0, 0x0, 0x0, 0x0, 0x6f, 0xfe, 0xee,
    0xee, 0xec, 0x6f, 0xff, 0xff, 0xff, 0xfd,

    /* U+00CC "Ì" */
    0x9e, 0x60, 0x1f, 0xd0, 0x6, 0xf5, 0x0, 0x0,
    0x0, 0x0, 0x6, 0xfd, 0x6, 0xfd, 0x6, 0xfd,
    0x6, 0xfd, 0x6, 0xfd, 0x6, 0xfd, 0x6, 0xfd,
    0x6, 0xfd, 0x6, 0xfd, 0x6, 0xfd, 0x6, 0xfd,
    0x6, 0xfd, 0x6, 0xfd, 0x6, 0xfd,

    /* U+00CD "Í" */
    0x0, 0xde, 0x20, 0x7f, 0x70, 0xe, 0xd0, 0x0,
    0x0, 0x0, 0x0, 0x0, 0x6, 0xfd, 0x0, 0x6f,
    0xd0, 0x6, 0xfd, 0x0, 0x6f, 0xd0, 0x6, 0xfd,
    0x0, 0x6f, 0xd0, 0x6, 0xfd, 0x0, 0x6f, 0xd0,
    0x6, 0xfd, 0x0, 0x6f, 0xd0, 0x6, 0xfd, 0x0,
    0x6f, 0xd0, 0x6, 0xfd, 0x0, 0x6f, 0xd0, 0x0,

    /* U+00CE "Î" */
    0x0, 0xaf, 0xe2, 0x0, 0x7, 0xf8, 0xed, 0x0,
    0x5f, 0xb0, 0x4f, 0xb0, 0x0, 0x0, 0x0, 0x0,
    0x0, 0x0, 0x0, 0x0, 0x0, 0x6f, 0xd0, 0x0,
    0x0, 0x6f, 0xd0, 0x0, 0x0, 0x6f, 0xd0, 0x0,
    0x0, 0x6f, 0xd0, 0x0, 0x0, 0x6f, 0xd0, 0x0,
    0x0, 0x6f, 0xd0, 0x0, 0x0, 0x6f, 0xd0, 0x0,
    0x0, 0x6f, 0xd0, 0x0, 0x0, 0x6f, 0xd0, 0x0,
    0x0, 0x6f, 0xd0, 0x0, 0x0, 0x6f, 0xd0, 0x0,
    0x0, 0x6f, 0xd0, 0x0, 0x0, 0x6f, 0xd0, 0x0,
    0x0, 0x6f, 0xd0, 0x0,

    /* U+00CF "Ï" */
    0x6, 0x20, 0x5, 0x30, 0x8f, 0xc0, 0x5f, 0xf0,
    0x4f, 0x80, 0x2e, 0xb0, 0x0, 0x0, 0x0, 0x0,
    0x0, 0x0, 0x0, 0x0, 0x0, 0x6f, 0xd0, 0x0,
    0x0, 0x6f, 0xd0, 0x0, 0x0, 0x6f, 0xd0, 0x0,
    0x0, 0x6f, 0xd0, 0x0, 0x0, 0x6f, 0xd0, 0x0,
    0x0, 0x6f, 0xd0, 0x0, 0x0, 0x6f, 0xd0, 0x0,
    0x0, 0x6f, 0xd0, 0x0, 0x0, 0x6f, 0xd0, 0x0,
    0x0, 0x6f, 0xd0, 0x0, 0x0, 0x6f, 0xd0, 0x0,
    0x0, 0x6f, 0xd0, 0x0, 0x0, 0x6f, 0xd0, 0x0,
    0x0, 0x6f, 0xd0, 0x0,

    /* U+00D0 "Ð" */
    0x0, 0xff, 0xff, 0xfe, 0xd9, 0x20, 0x0, 0x0,
    0xff, 0xff, 0xff, 0xff, 0xf7, 0x0, 0x0, 0xff,
    0x40, 0x0, 0x29, 0xff, 0x60, 0x0, 0xff, 0x40,
    0x0, 0x0, 0x7f, 0xf0, 0x0, 0xff, 0x40, 0x0,
    0x0, 0xd, 0xf6, 0x0, 0xff, 0x40, 0x0, 0x0,
    0x9, 0xf9, 0xcf, 0xff, 0xff, 0xfe, 0x0, 0x7,
    0xfb, 0x8a, 0xff, 0xea, 0xa9, 0x0, 0x7, 0xfb,
    0x0, 0xff, 0x40, 0x0, 0x0, 0x9, 0xf9, 0x0,
    0xff, 0x40, 0x0, 0x0, 0xd, 0xf6, 0x0, 0xff,
    0x40, 0x0, 0x0, 0x7f, 0xf0, 0x0, 0xff, 0x40,
    0x0, 0x39, 0xff, 0x60, 0x0, 0xff, 0xff, 0xff,
    0xff, 0xf7, 0x0, 0x0, 0xff, 0xff, 0xfe, 0xd8,
    0x20, 0x0,

    /* U+00D1 "Ñ" */
    0x0, 0x0, 0x1, 0x11, 0x10, 0x0, 0x0, 0x0,
    0x2e, 0xff, 0xff, 0x50, 0x0, 0x0, 0x1, 0x44,
    0x44, 0x20, 0x0, 0x0, 0x0, 0x0, 0x0, 0x0,
    0x0, 0x0, 0x0, 0x0, 0x0, 0x0, 0x0, 0x0,
    0x6, 0xff, 0x80, 0x0, 0x0, 0xb, 0xf8, 0x6f,
    0xff, 0x30, 0x0, 0x0, 0xbf, 0x86, 0xff, 0xfc,
    0x0, 0x0, 0xb, 0xf8, 0x6f, 0xbc, 0xf7, 0x0,
    0x0, 0xbf, 0x86, 0xfc, 0x3f, 0xf2, 0x0, 0xb,
    0xf8, 0x6f, 0xd0, 0xaf, 0xc0, 0x0, 0xbf, 0x86,
    0xfd, 0x1, 0xef, 0x70, 0xb, 0xf8, 0x6f, 0xe0,
    0x5, 0xff, 0x20, 0xbf, 0x86, 0xfe, 0x0, 0xa,
    0xfb, 0xb, 0xf8, 0x6f, 0xe0, 0x0, 0x1e, 0xf5,
    0xbf, 0x86, 0xfe, 0x0, 0x0, 0x5f, 0xea, 0xf8,
    0x6f, 0xe0, 0x0, 0x0, 0xbf, 0xff, 0x86, 0xfe,
    0x0, 0x0, 0x1, 0xff, 0xf8, 0x6f, 0xe0, 0x0,
    0x0, 0x6, 0xff, 0x80,

    /* U+00D2 "Ò" */
    0x0, 0x0, 0xbf, 0x60, 0x0, 0x0, 0x0, 0x0,
    0x0, 0x1f, 0xd0, 0x0, 0x0, 0x0, 0x0, 0x0,
    0x6, 0xe4, 0x0, 0x0, 0x0, 0x0, 0x0, 0x0,
    0x0, 0x0, 0x0, 0x0, 0x0, 0x0, 0x0, 0x0,
    0x0, 0x0, 0x0, 0x0, 0x3, 0xad, 0xfe, 0xb5,
    0x0, 0x0, 0x0, 0x8f, 0xff, 0xff, 0xff, 0xc1,
    0x0, 0x7, 0xff, 0x93, 0x1, 0x6f, 0xfc, 0x0,
    0x2f, 0xf7, 0x0, 0x0, 0x2, 0xff, 0x70, 0x8f,
    0xc0, 0x0, 0x0, 0x0, 0x7f, 0xd0, 0xbf, 0x70,
    0x0, 0x0, 0x0, 0x2f, 0xf1, 0xdf, 0x50, 0x0,
    0x0, 0x0, 0xf, 0xf2, 0xdf, 0x50, 0x0, 0x0,
    0x0, 0xf, 0xf2, 0xbf, 0x70, 0x0, 0x0, 0x0,
    0x2f, 0xf1, 0x8f, 0xc0, 0x0, 0x0, 0x0, 0x7f,
    0xd0, 0x2f, 0xf6, 0x0, 0x0, 0x2, 0xff, 0x70,
    0x8, 0xff, 0x93, 0x1, 0x6e, 0xfc, 0x0, 0x0,
    0x8f, 0xff, 0xff, 0xff, 0xc1, 0x0, 0x0, 0x3,
    0xad, 0xfe, 0xb6, 0x0, 0x0,

    /* U+00D3 "Ó" */
    0x0, 0x0, 0x0, 0x1f, 0xf1, 0x0, 0x0, 0x0,
    0x0, 0x0, 0x8f, 0x60, 0x0, 0x0, 0x0, 0x0,
    0x0, 0xda, 0x0, 0x0, 0x0, 0x0, 0x0, 0x0,
    0x0, 0x0, 0x0, 0x0, 0x0, 0x0, 0x0, 0x0,
    0x0, 0x0, 0x0, 0x0, 0x3, 0xad, 0xfe, 0xb5,
    0x0, 0x0, 0x0, 0x8f, 0xff, 0xff, 0xff, 0xc1,
    0x0, 0x7, 0xff, 0x93, 0x1, 0x6f, 0xfc, 0x0,
    0x2f, 0xf7, 0x0, 0x0, 0x2, 0xff, 0x70, 0x8f,
    0xc0, 0x0, 0x0, 0x0, 0x7f, 0xd0, 0xbf, 0x70,
    0x0, 0x0, 0x0, 0x2f, 0xf1, 0xdf, 0x50, 0x0,
    0x0, 0x0, 0xf, 0xf2, 0xdf, 0x50, 0x0, 0x0,
    0x0, 0xf, 0xf2, 0xbf, 0x70, 0x0, 0x0, 0x0,
    0x2f, 0xf1, 0x8f, 0xc0, 0x0, 0x0, 0x0, 0x7f,
    0xd0, 0x2f, 0xf6, 0x0, 0x0, 0x2, 0xff, 0x70,
    0x8, 0xff, 0x93, 0x1, 0x6e, 0xfc, 0x0, 0x0,
    0x8f, 0xff, 0xff, 0xff, 0xc1, 0x0, 0x0, 0x3,
    0xad, 0xfe, 0xb6, 0x0, 0x0,

    /* U+00D4 "Ô" */
    0x0, 0x0, 0xa, 0xfe, 0x10, 0x0, 0x0, 0x0,
    0x0, 0x8f, 0x8f, 0xc0, 0x0, 0x0, 0x0, 0x6,
    0xfa, 0x5, 0xfa, 0x0, 0x0, 0x0, 0x0, 0x0,
    0x0, 0x0, 0x0, 0x0, 0x0, 0x0, 0x0, 0x0,
    0x0, 0x0, 0x0, 0x0, 0x3, 0xad, 0xfe, 0xb5,
    0x0, 0x0, 0x0, 0x8f, 0xff, 0xff, 0xff, 0xc1,
    0x0, 0x7, 0xff, 0x93, 0x1, 0x6f, 0xfc, 0x0,
    0x2f, 0xf7, 0x0, 0x0, 0x2, 0xff, 0x70, 0x8f,
    0xc0, 0x0, 0x0, 0x0, 0x7f, 0xd0, 0xbf, 0x70,
    0x0, 0x0, 0x0, 0x2f, 0xf1, 0xdf, 0x50, 0x0,
    0x0, 0x0, 0xf, 0xf2, 0xdf, 0x50, 0x0, 0x0,
    0x0, 0xf, 0xf2, 0xbf, 0x70, 0x0, 0x0, 0x0,
    0x2f, 0xf1, 0x8f, 0xc0, 0x0, 0x0, 0x0, 0x7f,
    0xd0, 0x2f, 0xf6, 0x0, 0x0, 0x2, 0xff, 0x70,
    0x8, 0xff, 0x93, 0x1, 0x6e, 0xfc, 0x0, 0x0,
    0x8f, 0xff, 0xff, 0xff, 0xc1, 0x0, 0x0, 0x3,
    0xad, 0xfe, 0xb6, 0x0, 0x0,

    /* U+00D5 "Õ" */
    0x0, 0x0, 0x0, 0x0, 0x1, 0x0, 0x0, 0x0,
    0x0, 0xbf, 0xb3, 0xc9, 0x0, 0x0, 0x0, 0x3,
    0xf7, 0xbf, 0xf3, 0x0, 0x0, 0x0, 0x1, 0x40,
    0x2, 0x20, 0x0, 0x0, 0x0, 0x0, 0x0, 0x0,
    0x0, 0x0, 0x0, 0x0, 0x0, 0x0, 0x0, 0x0,
    0x0, 0x0, 0x0, 0x3, 0xad, 0xfe, 0xb5, 0x0,
    0x0, 0x0, 0x8f, 0xff, 0xff, 0xff, 0xc1, 0x0,
    0x7, 0xff, 0x93, 0x1, 0x6f, 0xfc, 0x0, 0x2f,
    0xf7, 0x0, 0x0, 0x2, 0xff, 0x70, 0x8f, 0xc0,
    0x0, 0x0, 0x0, 0x7f, 0xd0, 0xbf, 0x70, 0x0,
    0x0, 0x0, 0x2f, 0xf1, 0xdf, 0x50, 0x0, 0x0,
    0x0, 0xf, 0xf2, 0xdf, 0x50, 0x0, 0x0, 0x0,
    0xf, 0xf2, 0xbf, 0x70, 0x0, 0x0, 0x0, 0x2f,
    0xf1, 0x8f, 0xc0, 0x0, 0x0, 0x0, 0x7f, 0xd0,
    0x2f, 0xf6, 0x0, 0x0, 0x2, 0xff, 0x70, 0x8,
    0xff, 0x93, 0x1, 0x6e, 0xfc, 0x0, 0x0, 0x8f,
    0xff, 0xff, 0xff, 0xc1, 0x0, 0x0, 0x3, 0xad,
    0xfe, 0xb6, 0x0, 0x0,

    /* U+00D6 "Ö" */
    0x0, 0x5, 0xf8, 0x3, 0xea, 0x0, 0x0, 0x0,
    0x9, 0xfc, 0x6, 0xff, 0x0, 0x0, 0x0, 0x1,
    0x62, 0x0, 0x63, 0x0, 0x0, 0x0, 0x0, 0x0,
    0x0, 0x0, 0x0, 0x0, 0x0, 0x0, 0x0, 0x0,
    0x0, 0x0, 0x0, 0x0, 0x3, 0xad, 0xfe, 0xb5,
    0x0, 0x0, 0x0, 0x8f, 0xff, 0xff, 0xff, 0xc1,
    0x0, 0x7, 0xff, 0x93, 0x1, 0x6f, 0xfc, 0x0,
    0x2f, 0xf7, 0x0, 0x0, 0x2, 0xff, 0x70, 0x8f,
    0xc0, 0x0, 0x0, 0x0, 0x7f, 0xd0, 0xbf, 0x70,
    0x0, 0x0, 0x0, 0x2f, 0xf1, 0xdf, 0x50, 0x0,
    0x0, 0x0, 0xf, 0xf2, 0xdf, 0x50, 0x0, 0x0,
    0x0, 0xf, 0xf2, 0xbf, 0x70, 0x0, 0x0, 0x0,
    0x2f, 0xf1, 0x8f, 0xc0, 0x0, 0x0, 0x0, 0x7f,
    0xd0, 0x2f, 0xf6, 0x0, 0x0, 0x2, 0xff, 0x70,
    0x8, 0xff, 0x93, 0x1, 0x6e, 0xfc, 0x0, 0x0,
    0x8f, 0xff, 0xff, 0xff, 0xc1, 0x0, 0x0, 0x3,
    0xad, 0xfe, 0xb6, 0x0, 0x0,

    /* U+00D7 "×" */
    0x1, 0x20, 0x0, 0x0, 0x20, 0x0, 0xce, 0x20,
    0x0, 0x2e, 0xc0, 0xa, 0xfe, 0x20, 0x2e, 0xfa,
    0x0, 0xa, 0xfe, 0x4e, 0xfa, 0x0, 0x0, 0xa,
    0xff, 0xfa, 0x0, 0x0, 0x0, 0x2f, 0xff, 0x20,
    0x0, 0x0, 0x2e, 0xfe, 0xfe, 0x20, 0x0, 0x2e,
    0xfa, 0xa, 0xfe, 0x20, 0x1e, 0xfa, 0x0, 0xa,
    0xfe, 0x10, 0x79, 0x0, 0x0, 0xa, 0x70, 0x0,
    0x0, 0x0, 0x0, 0x0, 0x0,

    /* U+00D8 "Ø" */
    0x0, 0x0, 0x0, 0x0, 0x0, 0x1, 0x0, 0x0,
    0x3, 0xad, 0xfe, 0xb5, 0x8e, 0x30, 0x0, 0x8f,
    0xff, 0xff, 0xff, 0xfd, 0x0, 0x7, 0xff, 0x93,
    0x1, 0x8f, 0xfe, 0x0, 0x2f, 0xf7, 0x0, 0x0,
    0xbf, 0xff, 0x70, 0x8f, 0xc0, 0x0, 0x7, 0xf8,
    0x7f, 0xd0, 0xbf, 0x70, 0x0, 0x3f, 0xc0, 0x2f,
    0xf1, 0xdf, 0x50, 0x1, 0xee, 0x10, 0xf, 0xf2,
    0xdf, 0x50, 0xb, 0xf4, 0x0, 0xf, 0xf2, 0xbf,
    0x70, 0x7f, 0x80, 0x0, 0x2f, 0xf1, 0x8f, 0xc3,
    0xfc, 0x0, 0x0, 0x7f, 0xd0, 0x2f, 0xff, 0xe2,
    0x0, 0x2, 0xff, 0x70, 0x8, 0xff, 0xe3, 0x1,
    0x6e, 0xfc, 0x0, 0x7, 0xff, 0xff, 0xff, 0xff,
    0xc1, 0x0, 0xc, 0xc4, 0xad, 0xfe, 0xb6, 0x0,
    0x0, 0x0, 0x10, 0x0, 0x0, 0x0, 0x0, 0x0,

    /* U+00D9 "Ù" */
    0x0, 0x1, 0xef, 0x20, 0x0, 0x0, 0x0, 0x0,
    0x5, 0xf9, 0x0, 0x0, 0x0, 0x0, 0x0, 0xa,
    0xe1, 0x0, 0x0, 0x0, 0x0, 0x0, 0x0, 0x0,
    0x0, 0x0, 0x0, 0x0, 0x0, 0x0, 0x0, 0x0,
    0x6, 0xfd, 0x0, 0x0, 0x0, 0xf, 0xf3, 0x6f,
    0xd0, 0x0, 0x0, 0x0, 0xff, 0x36, 0xfd, 0x0,
    0x0, 0x0, 0xf, 0xf3, 0x6f, 0xd0, 0x0, 0x0,
    0x0, 0xff, 0x36, 0xfd, 0x0, 0x0, 0x0, 0xf,
    0xf3, 0x6f, 0xd0, 0x0, 0x0, 0x0, 0xff, 0x36,
    0xfd, 0x0, 0x0, 0x0, 0xf, 0xf3, 0x6f, 0xd0,
    0x0, 0x0, 0x0, 0xff, 0x36, 0xfd, 0x0, 0x0,
    0x0, 0xf, 0xf3, 0x5f, 0xf0, 0x0, 0x0, 0x2,
    0xff, 0x22, 0xff, 0x50, 0x0, 0x0, 0x9f, 0xe0,
    0xb, 0xff, 0x72, 0x2, 0x9f, 0xf7, 0x0, 0x1c,
    0xff, 0xff, 0xff, 0xfa, 0x0, 0x0, 0x6, 0xce,
    0xfe, 0xb4, 0x0, 0x0,

    /* U+00DA "Ú" */
    0x0, 0x0, 0x0, 0x5f, 0xc0, 0x0, 0x0, 0x0,
    0x0, 0xc, 0xf2, 0x0, 0x0, 0x0, 0x0, 0x3,
    0xe6, 0x0, 0x0, 0x0, 0x0, 0x0, 0x0, 0x0,
    0x0, 0x0, 0x0, 0x0, 0x0, 0x0, 0x0, 0x0,
    0x6, 0xfd, 0x0, 0x0, 0x0, 0xf, 0xf3, 0x6f,
    0xd0, 0x0, 0x0, 0x0, 0xff, 0x36, 0xfd, 0x0,
    0x0, 0x0, 0xf, 0xf3, 0x6f, 0xd0, 0x0, 0x0,
    0x0, 0xff, 0x36, 0xfd, 0x0, 0x0, 0x0, 0xf,
    0xf3, 0x6f, 0xd0, 0x0, 0x0, 0x0, 0xff, 0x36,
    0xfd, 0x0, 0x0, 0x0, 0xf, 0xf3, 0x6f, 0xd0,
    0x0, 0x0, 0x0, 0xff, 0x36, 0xfd, 0x0, 0x0,
    0x0, 0xf, 0xf3, 0x5f, 0xf0, 0x0, 0x0, 0x2,
    0xff, 0x22, 0xff, 0x50, 0x0, 0x0, 0x9f, 0xe0,
    0xb, 0xff, 0x72, 0x2, 0x9f, 0xf7, 0x0, 0x1c,
    0xff, 0xff, 0xff, 0xfa, 0x0, 0x0, 0x6, 0xce,
    0xfe, 0xb4, 0x0, 0x0,

    /* U+00DB "Û" */
    0x0, 0x0, 0x1d, 0xfb, 0x0, 0x0, 0x0, 0x0,
    0xc, 0xf8, 0xf9, 0x0, 0x0, 0x0, 0xa, 0xf6,
    0x9, 0xf6, 0x0, 0x0, 0x0, 0x0, 0x0, 0x0,
    0x0, 0x0, 0x0, 0x0, 0x0, 0x0, 0x0, 0x0,
    0x6, 0xfd, 0x0, 0x0, 0x0, 0xf, 0xf3, 0x6f,
    0xd0, 0x0, 0x0, 0x0, 0xff, 0x36, 0xfd, 0x0,
    0x0, 0x0, 0xf, 0xf3, 0x6f, 0xd0, 0x0, 0x0,
    0x0, 0xff, 0x36, 0xfd, 0x0, 0x0, 0x0, 0xf,
    0xf3, 0x6f, 0xd0, 0x0, 0x0, 0x0, 0xff, 0x36,
    0xfd, 0x0, 0x0, 0x0, 0xf, 0xf3, 0x6f, 0xd0,
    0x0, 0x0, 0x0, 0xff, 0x36, 0xfd, 0x0, 0x0,
    0x0, 0xf, 0xf3, 0x5f, 0xf0, 0x0, 0x0, 0x2,
    0xff, 0x22, 0xff, 0x50, 0x0, 0x0, 0x9f, 0xe0,
    0xb, 0xff, 0x72, 0x2, 0x9f, 0xf7, 0x0, 0x1c,
    0xff, 0xff, 0xff, 0xfa, 0x0, 0x0, 0x6, 0xce,
    0xfe, 0xb4, 0x0, 0x0,

    /* U+00DC "Ü" */
    0x0, 0x9, 0xf4, 0x6, 0xf6, 0x0, 0x0, 0x0,
    0xdf, 0x70, 0xaf, 0xa0, 0x0, 0x0, 0x2, 0x60,
    0x1, 0x61, 0x0, 0x0, 0x0, 0x0, 0x0, 0x0,
    0x0, 0x0, 0x0, 0x0, 0x0, 0x0, 0x0, 0x0,
    0x6, 0xfd, 0x0, 0x0, 0x0, 0xf, 0xf3, 0x6f,
    0xd0, 0x0, 0x0, 0x0, 0xff, 0x36, 0xfd, 0x0,
    0x0, 0x0, 0xf, 0xf3, 0x6f, 0xd0, 0x0, 0x0,
    0x0, 0xff, 0x36, 0xfd, 0x0, 0x0, 0x0, 0xf,
    0xf3, 0x6f, 0xd0, 0x0, 0x0, 0x0, 0xff, 0x36,
    0xfd, 0x0, 0x0, 0x0, 0xf, 0xf3, 0x6f, 0xd0,
    0x0, 0x0, 0x0, 0xff, 0x36, 0xfd, 0x0, 0x0,
    0x0, 0xf, 0xf3, 0x5f, 0xf0, 0x0, 0x0, 0x2,
    0xff, 0x22, 0xff, 0x50, 0x0, 0x0, 0x9f, 0xe0,
    0xb, 0xff, 0x72, 0x2, 0x9f, 0xf7, 0x0, 0x1c,
    0xff, 0xff, 0xff, 0xfa, 0x0, 0x0, 0x6, 0xce,
    0xfe, 0xb4, 0x0, 0x0,

    /* U+00DD "Ý" */
    0x0, 0x0, 0x0, 0xa, 0xe5, 0x0, 0x0, 0x0,
    0x0, 0x0, 0x3f, 0xb0, 0x0, 0x0, 0x0, 0x0,
    0x0, 0xaf, 0x10, 0x0, 0x0, 0x0, 0x0, 0x0,
    0x0, 0x0, 0x0, 0x0, 0x0, 0x0, 0x0, 0x0,
    0x0, 0x0, 0x0, 0x3f, 0xf6, 0x0, 0x0, 0x0,
    0x7f, 0xf2, 0x8, 0xfe, 0x10, 0x0, 0x1, 0xff,
    0x70, 0x0, 0xdf, 0x90, 0x0, 0xa, 0xfd, 0x0,
    0x0, 0x4f, 0xf3, 0x0, 0x4f, 0xf3, 0x0, 0x0,
    0xa, 0xfd, 0x0, 0xdf, 0x90, 0x0, 0x0, 0x1,
    0xef, 0x67, 0xfe, 0x0, 0x0, 0x0, 0x0, 0x5f,
    0xee, 0xf4, 0x0, 0x0, 0x0, 0x0, 0xb, 0xff,
    0xa0, 0x0, 0x0, 0x0, 0x0, 0x3, 0xff, 0x20,
    0x0, 0x0, 0x0, 0x0, 0x2, 0xff, 0x10, 0x0,
    0x0, 0x0, 0x0, 0x2, 0xff, 0x10, 0x0, 0x0,
    0x0, 0x0, 0x2, 0xff, 0x10, 0x0, 0x0, 0x0,
    0x0, 0x2, 0xff, 0x10, 0x0, 0x0, 0x0, 0x0,
    0x2, 0xff, 0x10, 0x0, 0x0,

    /* U+00DE "Þ" */
    0x7f, 0xc0, 0x0, 0x0, 0x0, 0x7, 0xfc, 0x0,
    0x0, 0x0, 0x0, 0x7f, 0xfd, 0xdd, 0xb7, 0x10,
    0x7, 0xff, 0xff, 0xff, 0xfe, 0x20, 0x7f, 0xc0,
    0x0, 0x3b, 0xfd, 0x7, 0xfc, 0x0, 0x0, 0x1f,
    0xf3, 0x7f, 0xc0, 0x0, 0x0, 0xcf, 0x47, 0xfc,
    0x0, 0x0, 0xf, 0xf3, 0x7f, 0xc0, 0x0, 0x3b,
    0xfd, 0x7, 0xff, 0xff, 0xff, 0xfe, 0x20, 0x7f,
    0xfd, 0xdd, 0xb7, 0x10, 0x7, 0xfc, 0x0, 0x0,
    0x0, 0x0, 0x7f, 0xc0, 0x0, 0x0, 0x0, 0x7,
    0xfc, 0x0, 0x0, 0x0, 0x0,

    /* U+00DF "ß" */
    0x0, 0x6c, 0xff, 0xd8, 0x0, 0x0, 0x9f, 0xff,
    0xff, 0xfd, 0x0, 0x2f, 0xf8, 0x0, 0x4f, 0xf7,
    0x5, 0xfd, 0x0, 0x0, 0x9f, 0xa0, 0x6f, 0xc0,
    0x0, 0xa, 0xf8, 0x6, 0xfc, 0x0, 0x5, 0xfe,
    0x10, 0x6f, 0xc0, 0x7f, 0xfd, 0x20, 0x6, 0xfc,
    0x6, 0xdf, 0xff, 0x50, 0x6f, 0xc0, 0x0, 0x6,
    0xff, 0x26, 0xfc, 0x0, 0x0, 0xb, 0xf7, 0x6f,
    0xc0, 0x0, 0x0, 0xaf, 0x86, 0xfc, 0x0, 0x0,
    0x5f, 0xf5, 0x6f, 0xc0, 0x7e, 0xff, 0xfb, 0x6,
    0xfc, 0x8, 0xff, 0xd7, 0x0,

    /* U+00E0 "à" */
    0x0, 0xd, 0xf4, 0x0, 0x0, 0x0, 0x3, 0xfb,
    0x0, 0x0, 0x0, 0x0, 0x7e, 0x20, 0x0, 0x0,
    0x0, 0x0, 0x0, 0x0, 0x0, 0x29, 0xef, 0xea,
    0x30, 0x2, 0xff, 0xec, 0xef, 0xf3, 0x9, 0xfa,
    0x0, 0x9, 0xfb, 0x0, 0x0, 0x0, 0x4, 0xfe,
    0x0, 0x1, 0x47, 0x9d, 0xfe, 0x2, 0xcf, 0xff,
    0xfc, 0xfe, 0xe, 0xfb, 0x51, 0x3, 0xfe, 0x2f,
    0xf0, 0x0, 0x5, 0xfe, 0x1f, 0xf3, 0x0, 0x2d,
    0xfe, 0xa, 0xff, 0xcc, 0xfb, 0xfe, 0x0, 0x8e,
    0xfd, 0x72, 0xfe,

    /* U+00E1 "á" */
    0x0, 0x0, 0x3, 0xfe, 0x0, 0x0, 0x0, 0xa,
    0xf4, 0x0, 0x0, 0x0, 0x1e, 0x80, 0x0, 0x0,
    0x0, 0x0, 0x0, 0x0, 0x0, 0x29, 0xef, 0xea,
    0x30, 0x2, 0xff, 0xec, 0xef, 0xf3, 0x9, 0xfa,
    0x0, 0x9, 0xfb, 0x0, 0x0, 0x0, 0x4, 0xfe,
    0x0, 0x1, 0x47, 0x9d, 0xfe, 0x2, 0xcf, 0xff,
    0xfc, 0xfe, 0xe, 0xfb, 0x51, 0x3, 0xfe, 0x2f,
    0xf0, 0x0, 0x5, 0xfe, 0x1f, 0xf3, 0x0, 0x2d,
    0xfe, 0xa, 0xff, 0xcc, 0xfb, 0xfe, 0x0, 0x8e,
    0xfd, 0x72, 0xfe,

    /* U+00E2 "â" */
    0x0, 0x0, 0x48, 0x50, 0x0, 0x0, 0x4, 0xfe,
    0xf4, 0x0, 0x0, 0x2e, 0xd1, 0xcf, 0x20, 0x0,
    0x58, 0x20, 0x28, 0x50, 0x0, 0x0, 0x0, 0x0,
    0x0, 0x0, 0x29, 0xef, 0xea, 0x30, 0x2, 0xff,
    0xec, 0xef, 0xf3, 0x9, 0xfa, 0x0, 0x9, 0xfb,
    0x0, 0x0, 0x0, 0x4, 0xfe, 0x0, 0x1, 0x47,
    0x9d, 0xfe, 0x2, 0xcf, 0xff, 0xfc, 0xfe, 0xe,
    0xfb, 0x51, 0x3, 0xfe, 0x2f, 0xf0, 0x0, 0x5,
    0xfe, 0x1f, 0xf3, 0x0, 0x2d, 0xfe, 0xa, 0xff,
    0xcc, 0xfb, 0xfe, 0x0, 0x8e, 0xfd, 0x72, 0xfe,

    /* U+00E3 "ã" */
    0x0, 0x4, 0x74, 0x7, 0x40, 0x0, 0x4f, 0xff,
    0xff, 0x40, 0x0, 0x25, 0x2, 0x43, 0x0, 0x0,
    0x0, 0x0, 0x0, 0x0, 0x0, 0x29, 0xef, 0xea,
    0x30, 0x2, 0xff, 0xec, 0xef, 0xf3, 0x9, 0xfa,
    0x0, 0x9, 0xfb, 0x0, 0x0, 0x0, 0x4, 0xfe,
    0x0, 0x1, 0x47, 0x9d, 0xfe, 0x2, 0xcf, 0xff,
    0xfc, 0xfe, 0xe, 0xfb, 0x51, 0x3, 0xfe, 0x2f,
    0xf0, 0x0, 0x5, 0xfe, 0x1f, 0xf3, 0x0, 0x2d,
    0xfe, 0xa, 0xff, 0xcc, 0xfb, 0xfe, 0x0, 0x8e,
    0xfd, 0x72, 0xfe,

    /* U+00E4 "ä" */
    0x0, 0x27, 0x10, 0x17, 0x20, 0x0, 0xbf, 0xa0,
    0x8f, 0xd0, 0x0, 0x7e, 0x50, 0x4e, 0x80, 0x0,
    0x0, 0x0, 0x0, 0x0, 0x0, 0x29, 0xef, 0xea,
    0x30, 0x2, 0xff, 0xec, 0xef, 0xf3, 0x9, 0xfa,
    0x0, 0x9, 0xfb, 0x0, 0x0, 0x0, 0x4, 0xfe,
    0x0, 0x1, 0x47, 0x9d, 0xfe, 0x2, 0xcf, 0xff,
    0xfc, 0xfe, 0xe, 0xfb, 0x51, 0x3, 0xfe, 0x2f,
    0xf0, 0x0, 0x5, 0xfe, 0x1f, 0xf3, 0x0, 0x2d,
    0xfe, 0xa, 0xff, 0xcc, 0xfb, 0xfe, 0x0, 0x8e,
    0xfd, 0x72, 0xfe,

    /* U+00E5 "å" */
    0x0, 0x0, 0x0, 0x0, 0x0, 0x0, 0x1, 0xcf,
    0xd3, 0x0, 0x0, 0xc, 0xc4, 0xbe, 0x0, 0x0,
    0xf, 0x60, 0x4f, 0x20, 0x0, 0xd, 0xb1, 0x9f,
    0x0, 0x0, 0x3, 0xef, 0xf5, 0x0, 0x0, 0x0,
    0x3, 0x0, 0x0, 0x0, 0x29, 0xef, 0xea, 0x30,
    0x2, 0xff, 0xec, 0xef, 0xf3, 0x9, 0xfa, 0x0,
    0x9, 0xfb, 0x0, 0x0, 0x0, 0x4, 0xfe, 0x0,
    0x1, 0x47, 0x9d, 0xfe, 0x2, 0xcf, 0xff, 0xfc,
    0xfe, 0xe, 0xfb, 0x51, 0x3, 0xfe, 0x2f, 0xf0,
    0x0, 0x5, 0xfe, 0x1f, 0xf3, 0x0, 0x2d, 0xfe,
    0xa, 0xff, 0xcc, 0xfb, 0xfe, 0x0, 0x8e, 0xfd,
    0x72, 0xfe,

    /* U+00E6 "æ" */
    0x0, 0x29, 0xef, 0xea, 0x10, 0x8d, 0xfe, 0x91,
    0x0, 0x3, 0xff, 0xec, 0xef, 0xdc, 0xfe, 0xce,
    0xfe, 0x20, 0x8, 0xfa, 0x0, 0x9, 0xff, 0x90,
    0x0, 0x9f, 0xc0, 0x0, 0x0, 0x0, 0x4, 0xfe,
    0x0, 0x0, 0xe, 0xf2, 0x0, 0x4, 0x79, 0x9b,
    0xfe, 0x99, 0x99, 0x9e, 0xf5, 0x3, 0xef, 0xff,
    0xff, 0xff, 0xff, 0xff, 0xff, 0xf6, 0xe, 0xfa,
    0x20, 0x4, 0xfb, 0x0, 0x0, 0x0, 0x0, 0x2f,
    0xf0, 0x0, 0x6, 0xff, 0x10, 0x0, 0x3, 0x10,
    0x1f, 0xf4, 0x0, 0x3e, 0xff, 0xb1, 0x0, 0x6f,
    0xf1, 0xa, 0xff, 0xdd, 0xff, 0x5d, 0xff, 0xde,
    0xff, 0x60, 0x0, 0x8d, 0xfd, 0xa2, 0x1, 0x8d,
    0xfe, 0xb4, 0x0,

    /* U+00E7 "ç" */
    0x0, 0x5, 0xce, 0xec, 0x60, 0x0, 0x9, 0xff,
    0xee, 0xff, 0xa0, 0x5, 0xff, 0x40, 0x4, 0xff,
    0x40, 0xbf, 0x80, 0x0, 0x5, 0x62, 0xf, 0xf3,
    0x0, 0x0, 0x0, 0x0, 0xff, 0x20, 0x0, 0x0,
    0x0, 0xf, 0xf3, 0x0, 0x0, 0x0, 0x0, 0xcf,
    0x80, 0x0, 0x5, 0x72, 0x5, 0xff, 0x40, 0x3,
    0xef, 0x40, 0x9, 0xff, 0xed, 0xff, 0x90, 0x0,
    0x5, 0xcf, 0xfc, 0x50, 0x0, 0x0, 0x0, 0x9a,
    0x20, 0x0, 0x0, 0x0, 0x7, 0xbf, 0x30, 0x0,
    0x0, 0x0, 0x13, 0xf5, 0x0, 0x0, 0x0, 0x1f,
    0xfb, 0x10, 0x0,

    /* U+00E8 "è" */
    0x0, 0x7, 0xfa, 0x0, 0x0, 0x0, 0x0, 0xc,
    0xf2, 0x0, 0x0, 0x0, 0x0, 0x2e, 0x80, 0x0,
    0x0, 0x0, 0x0, 0x0, 0x0, 0x0, 0x0, 0x5,
    0xcf, 0xfb, 0x40, 0x0, 0x9, 0xff, 0xdd, 0xff,
    0x80, 0x5, 0xfe, 0x30, 0x3, 0xff, 0x30, 0xbf,
    0x50, 0x0, 0x8, 0xf9, 0xf, 0xfa, 0x99, 0x99,
    0xbf, 0xc0, 0xff, 0xff, 0xff, 0xff, 0xfd, 0xf,
    0xf2, 0x0, 0x0, 0x0, 0x0, 0xcf, 0x70, 0x0,
    0x1, 0x10, 0x5, 0xff, 0x40, 0x1, 0xdf, 0x60,
    0x9, 0xff, 0xec, 0xff, 0xc0, 0x0, 0x5, 0xce,
    0xfd, 0x70, 0x0,

    /* U+00E9 "é" */
    0x0, 0x0, 0x0, 0xdf, 0x40, 0x0, 0x0, 0x0,
    0x4f, 0xa0, 0x0, 0x0, 0x0, 0xa, 0xd1, 0x0,
    0x0, 0x0, 0x0, 0x0, 0x0, 0x0, 0x0, 0x5,
    0xcf, 0xfb, 0x40, 0x0, 0x9, 0xff, 0xdd, 0xff,
    0x80, 0x5, 0xfe, 0x30, 0x3, 0xff, 0x30, 0xbf,
    0x50, 0x0, 0x8, 0xf9, 0xf, 0xfa, 0x99, 0x99,
    0xbf, 0xc0, 0xff, 0xff, 0xff, 0xff, 0xfd, 0xf,
    0xf2, 0x0, 0x0, 0x0, 0x0, 0xcf, 0x70, 0x0,
    0x1, 0x10, 0x5, 0xff, 0x40, 0x1, 0xdf, 0x60,
    0x9, 0xff, 0xec, 0xff, 0xc0, 0x0, 0x5, 0xce,
    0xfd, 0x70, 0x0,

    /* U+00EA "ê" */
    0x0, 0x0, 0x18, 0x70, 0x0, 0x0, 0x0, 0xd,
    0xef, 0xa0, 0x0, 0x0, 0xb, 0xf4, 0x7f, 0x70,
    0x0, 0x2, 0x85, 0x0, 0x67, 0x10, 0x0, 0x0,
    0x0, 0x0, 0x0, 0x0, 0x0, 0x5c, 0xff, 0xb4,
    0x0, 0x0, 0x9f, 0xfd, 0xdf, 0xf8, 0x0, 0x5f,
    0xe3, 0x0, 0x3f, 0xf3, 0xb, 0xf5, 0x0, 0x0,
    0x8f, 0x90, 0xff, 0xa9, 0x99, 0x9b, 0xfc, 0xf,
    0xff, 0xff, 0xff, 0xff, 0xd0, 0xff, 0x20, 0x0,
    0x0, 0x0, 0xc, 0xf7, 0x0, 0x0, 0x11, 0x0,
    0x5f, 0xf4, 0x0, 0x1d, 0xf6, 0x0, 0x9f, 0xfe,
    0xcf, 0xfc, 0x0, 0x0, 0x5c, 0xef, 0xd7, 0x0,

    /* U+00EB "ë" */
    0x0, 0x6, 0x40, 0x5, 0x50, 0x0, 0x5, 0xff,
    0x2, 0xff, 0x30, 0x0, 0x2e, 0xb0, 0xc, 0xd1,
    0x0, 0x0, 0x0, 0x0, 0x0, 0x0, 0x0, 0x5,
    0xcf, 0xfb, 0x40, 0x0, 0x9, 0xff, 0xdd, 0xff,
    0x80, 0x5, 0xfe, 0x30, 0x3, 0xff, 0x30, 0xbf,
    0x50, 0x0, 0x8, 0xf9, 0xf, 0xfa, 0x99, 0x99,
    0xbf, 0xc0, 0xff, 0xff, 0xff, 0xff, 0xfd, 0xf,
    0xf2, 0x0, 0x0, 0x0, 0x0, 0xcf, 0x70, 0x0,
    0x1, 0x10, 0x5, 0xff, 0x40, 0x1, 0xdf, 0x60,
    0x9, 0xff, 0xec, 0xff, 0xc0, 0x0, 0x5, 0xce,
    0xfd, 0x70, 0x0,

    /* U+00EC "ì" */
    0xd, 0xf3, 0x0, 0x3f, 0xb0, 0x0, 0x8e, 0x20,
    0x0, 0x0, 0x0, 0x8f, 0x90, 0x8, 0xf9, 0x0,
    0x8f, 0x90, 0x8, 0xf9, 0x0, 0x8f, 0x90, 0x8,
    0xf9, 0x0, 0x8f, 0x90, 0x8, 0xf9, 0x0, 0x8f,
    0x90, 0x8, 0xf9, 0x0, 0x8f, 0x90,

    /* U+00ED "í" */
    0x3, 0xfd, 0x0, 0xbf, 0x30, 0x2e, 0x80, 0x0,
    0x0, 0x0, 0x8f, 0x90, 0x8, 0xf9, 0x0, 0x8f,
    0x90, 0x8, 0xf9, 0x0, 0x8f, 0x90, 0x8, 0xf9,
    0x0, 0x8f, 0x90, 0x8, 0xf9, 0x0, 0x8f, 0x90,
    0x8, 0xf9, 0x0, 0x8f, 0x90, 0x0,

    /* U+00EE "î" */
    0x1, 0xdf, 0xd1, 0x1, 0xde, 0x3e, 0xd1, 0x58,
    0x20, 0x28, 0x50, 0x0, 0x0, 0x0, 0x0, 0x8f,
    0x90, 0x0, 0x8, 0xf9, 0x0, 0x0, 0x8f, 0x90,
    0x0, 0x8, 0xf9, 0x0, 0x0, 0x8f, 0x90, 0x0,
    0x8, 0xf9, 0x0, 0x0, 0x8f, 0x90, 0x0, 0x8,
    0xf9, 0x0, 0x0, 0x8f, 0x90, 0x0, 0x8, 0xf9,
    0x0, 0x0, 0x8f, 0x90, 0x0,

    /* U+00EF "ï" */
    0x27, 0x10, 0x17, 0x2c, 0xf9, 0x9, 0xfc, 0x7e,
    0x50, 0x4e, 0x80, 0x0, 0x0, 0x0, 0x0, 0x8f,
    0x90, 0x0, 0x8, 0xf9, 0x0, 0x0, 0x8f, 0x90,
    0x0, 0x8, 0xf9, 0x0, 0x0, 0x8f, 0x90, 0x0,
    0x8, 0xf9, 0x0, 0x0, 0x8f, 0x90, 0x0, 0x8,
    0xf9, 0x0, 0x0, 0x8f, 0x90, 0x0, 0x8, 0xf9,
    0x0, 0x0, 0x8f, 0x90, 0x0,

    /* U+00F0 "ð" */
    0x0, 0x6, 0x50, 0x0, 0x10, 0x0, 0x0, 0xcf,
    0xb3, 0x8f, 0x40, 0x0, 0x0, 0x8f, 0xfd, 0x40,
    0x0, 0x0, 0x9f, 0xce, 0xf3, 0x0, 0x0, 0x9,
    0x40, 0x2f, 0xe0, 0x0, 0x0, 0x17, 0x85, 0x6f,
    0x90, 0x0, 0x5f, 0xff, 0xfc, 0xdf, 0x10, 0x3f,
    0xf6, 0x1, 0x9f, 0xf6, 0xa, 0xf8, 0x0, 0x0,
    0xcf, 0xa0, 0xef, 0x30, 0x0, 0x6, 0xfb, 0xf,
    0xf1, 0x0, 0x0, 0x4f, 0xc0, 0xff, 0x20, 0x0,
    0x5, 0xfb, 0xc, 0xf6, 0x0, 0x0, 0x9f, 0x70,
    0x6f, 0xe3, 0x0, 0x5f, 0xf2, 0x0, 0xaf, 0xfd,
    0xef, 0xf6, 0x0, 0x0, 0x6c, 0xfe, 0xb4, 0x0,

    /* U+00F1 "ñ" */
    0x0, 0x17, 0x62, 0x37, 0x0, 0x0, 0xcf, 0xff,
    0xfb, 0x0, 0x0, 0x52, 0x3, 0x40, 0x0, 0x0,
    0x0, 0x0, 0x0, 0x0, 0x8f, 0x83, 0xbf, 0xea,
    0x10, 0x8f, 0xaf, 0xdc, 0xff, 0xd0, 0x8f, 0xf6,
    0x0, 0x3f, 0xf5, 0x8f, 0xc0, 0x0, 0xa, 0xf8,
    0x8f, 0x90, 0x0, 0x9, 0xf9, 0x8f, 0x90, 0x0,
    0x9, 0xf9, 0x8f, 0x90, 0x0, 0x9, 0xf9, 0x8f,
    0x90, 0x0, 0x9, 0xf9, 0x8f, 0x90, 0x0, 0x9,
    0xf9, 0x8f, 0x90, 0x0, 0x9, 0xf9, 0x8f, 0x90,
    0x0, 0x9, 0xf9,

    /* U+00F2 "ò" */
    0x0, 0x5, 0xfc, 0x0, 0x0, 0x0, 0x0, 0x0,
    0xbf, 0x30, 0x0, 0x0, 0x0, 0x0, 0x1d, 0x90,
    0x0, 0x0, 0x0, 0x0, 0x0, 0x0, 0x0, 0x0,
    0x0, 0x5, 0xce, 0xfc, 0x60, 0x0, 0x0, 0x9f,
    0xfe, 0xef, 0xfa, 0x0, 0x5, 0xff, 0x50, 0x4,
    0xff, 0x60, 0xb, 0xf8, 0x0, 0x0, 0x7f, 0xd0,
    0xf, 0xf3, 0x0, 0x0, 0x2f, 0xf0, 0xf, 0xf2,
    0x0, 0x0, 0xf, 0xf1, 0xf, 0xf3, 0x0, 0x0,
    0x2f, 0xf0, 0xc, 0xf8, 0x0, 0x0, 0x7f, 0xd0,
    0x5, 0xff, 0x40, 0x3, 0xff, 0x60, 0x0, 0x9f,
    0xfd, 0xdf, 0xfa, 0x0, 0x0, 0x5, 0xcf, 0xfc,
    0x60, 0x0,

    /* U+00F3 "ó" */
    0x0, 0x0, 0x0, 0xbf, 0x60, 0x0, 0x0, 0x0,
    0x2, 0xfb, 0x0, 0x0, 0x0, 0x0, 0x8, 0xe2,
    0x0, 0x0, 0x0, 0x0, 0x0, 0x0, 0x0, 0x0,
    0x0, 0x5, 0xce, 0xfc, 0x60, 0x0, 0x0, 0x9f,
    0xfe, 0xef, 0xfa, 0x0, 0x5, 0xff, 0x50, 0x4,
    0xff, 0x60, 0xb, 0xf8, 0x0, 0x0, 0x7f, 0xd0,
    0xf, 0xf3, 0x0, 0x0, 0x2f, 0xf0, 0xf, 0xf2,
    0x0, 0x0, 0xf, 0xf1, 0xf, 0xf3, 0x0, 0x0,
    0x2f, 0xf0, 0xc, 0xf8, 0x0, 0x0, 0x7f, 0xd0,
    0x5, 0xff, 0x40, 0x3, 0xff, 0x60, 0x0, 0x9f,
    0xfd, 0xdf, 0xfa, 0x0, 0x0, 0x5, 0xcf, 0xfc,
    0x60, 0x0,

    /* U+00F4 "ô" */
    0x0, 0x0, 0x17, 0x71, 0x0, 0x0, 0x0, 0x0,
    0xbf, 0xfc, 0x0, 0x0, 0x0, 0x9, 0xf6, 0x5f,
    0x90, 0x0, 0x0, 0x18, 0x60, 0x6, 0x81, 0x0,
    0x0, 0x0, 0x0, 0x0, 0x0, 0x0, 0x0, 0x5,
    0xce, 0xfc, 0x60, 0x0, 0x0, 0x9f, 0xfe, 0xef,
    0xfa, 0x0, 0x5, 0xff, 0x50, 0x4, 0xff, 0x60,
    0xb, 0xf8, 0x0, 0x0, 0x7f, 0xd0, 0xf, 0xf3,
    0x0, 0x0, 0x2f, 0xf0, 0xf, 0xf2, 0x0, 0x0,
    0xf, 0xf1, 0xf, 0xf3, 0x0, 0x0, 0x2f, 0xf0,
    0xc, 0xf8, 0x0, 0x0, 0x7f, 0xd0, 0x5, 0xff,
    0x40, 0x3, 0xff, 0x60, 0x0, 0x9f, 0xfd, 0xdf,
    0xfa, 0x0, 0x0, 0x5, 0xcf, 0xfc, 0x60, 0x0,

    /* U+00F5 "õ" */
    0x0, 0x1, 0x76, 0x23, 0x70, 0x0, 0x0, 0xc,
    0xff, 0xff, 0xc0, 0x0, 0x0, 0x5, 0x20, 0x35,
    0x0, 0x0, 0x0, 0x0, 0x0, 0x0, 0x0, 0x0,
    0x0, 0x5, 0xce, 0xfc, 0x60, 0x0, 0x0, 0x9f,
    0xfe, 0xef, 0xfa, 0x0, 0x5, 0xff, 0x50, 0x4,
    0xff, 0x60, 0xb, 0xf8, 0x0, 0x0, 0x7f, 0xd0,
    0xf, 0xf3, 0x0, 0x0, 0x2f, 0xf0, 0xf, 0xf2,
    0x0, 0x0, 0xf, 0xf1, 0xf, 0xf3, 0x0, 0x0,
    0x2f, 0xf0, 0xc, 0xf8, 0x0, 0x0, 0x7f, 0xd0,
    0x5, 0xff, 0x40, 0x3, 0xff, 0x60, 0x0, 0x9f,
    0xfd, 0xdf, 0xfa, 0x0, 0x0, 0x5, 0xcf, 0xfc,
    0x60, 0x0,

    /* U+00F6 "ö" */
    0x0, 0x5, 0x40, 0x4, 0x60, 0x0, 0x0, 0x3f,
    0xf2, 0x1f, 0xf5, 0x0, 0x0, 0x1d, 0xc0, 0xb,
    0xd2, 0x0, 0x0, 0x0, 0x0, 0x0, 0x0, 0x0,
    0x0, 0x5, 0xce, 0xfc, 0x60, 0x0, 0x0, 0x9f,
    0xfe, 0xef, 0xfa, 0x0, 0x5, 0xff, 0x50, 0x4,
    0xff, 0x60, 0xb, 0xf8, 0x0, 0x0, 0x7f, 0xd0,
    0xf, 0xf3, 0x0, 0x0, 0x2f, 0xf0, 0xf, 0xf2,
    0x0, 0x0, 0xf, 0xf1, 0xf, 0xf3, 0x0, 0x0,
    0x2f, 0xf0, 0xc, 0xf8, 0x0, 0x0, 0x7f, 0xd0,
    0x5, 0xff, 0x40, 0x3, 0xff, 0x60, 0x0, 0x9f,
    0xfd, 0xdf, 0xfa, 0x0, 0x0, 0x5, 0xcf, 0xfc,
    0x60, 0x0,

    /* U+00F7 "÷" */
    0x0, 0x0, 0x8f, 0x70, 0x0, 0x0, 0x0, 0xe,
    0xfd, 0x0, 0x0, 0x0, 0x0, 0x6c, 0x50, 0x0,
    0x0, 0x0, 0x0, 0x0, 0x0, 0x0, 0x3e, 0xee,
    0xee, 0xee, 0xee, 0x23, 0xff, 0xff, 0xff, 0xff,
    0xf2, 0x0, 0x0, 0x0, 0x0, 0x0, 0x0, 0x0,
    0x5, 0xc4, 0x0, 0x0, 0x0, 0x0, 0xef, 0xd0,
    0x0, 0x0, 0x0, 0x8, 0xf7, 0x0, 0x0,

    /* U+00F8 "ø" */
    0x0, 0x0, 0x0, 0x0, 0x0, 0x10, 0x0, 0x5,
    0xce, 0xfc, 0x67, 0xe1, 0x0, 0x9f, 0xfe, 0xef,
    0xff, 0x70, 0x5, 0xff, 0x50, 0x7, 0xff, 0x60,
    0xb, 0xf8, 0x0, 0x2e, 0xff, 0xd0, 0xf, 0xf3,
    0x1, 0xdc, 0x3f, 0xf0, 0xf, 0xf2, 0xc, 0xe1,
    0xf, 0xf1, 0xf, 0xf3, 0xaf, 0x20, 0x2f, 0xf0,
    0xc, 0xff, 0xf4, 0x0, 0x7f, 0xd0, 0x5, 0xff,
    0xa0, 0x3, 0xff, 0x60, 0x4, 0xff, 0xfd, 0xdf,
    0xfa, 0x0, 0xe, 0xa5, 0xcf, 0xfc, 0x60, 0x0,
    0x2, 0x0, 0x0, 0x0, 0x0, 0x0,

    /* U+00F9 "ù" */
    0x0, 0x6f, 0xb0, 0x0, 0x0, 0x0, 0xb, 0xf3,
    0x0, 0x0, 0x0, 0x1, 0xd9, 0x0, 0x0, 0x0,
    0x0, 0x0, 0x0, 0x0, 0x8f, 0x90, 0x0, 0x9,
    0xf9, 0x8f, 0x90, 0x0, 0x9, 0xf9, 0x8f, 0x90,
    0x0, 0x9, 0xf9, 0x8f, 0x90, 0x0, 0x9, 0xf9,
    0x8f, 0x90, 0x0, 0x9, 0xf9, 0x8f, 0x90, 0x0,
    0x9, 0xf9, 0x8f, 0x90, 0x0, 0x9, 0xf9, 0x8f,
    0xb0, 0x0, 0xc, 0xf9, 0x5f, 0xf5, 0x0, 0x7f,
    0xf9, 0xd, 0xff, 0xff, 0xf9, 0xf9, 0x1, 0xae,
    0xfb, 0x37, 0xf9,

    /* U+00FA "ú" */
    0x0, 0x0, 0xb, 0xf6, 0x0, 0x0, 0x0, 0x3f,
    0xb0, 0x0, 0x0, 0x0, 0x9d, 0x10, 0x0, 0x0,
    0x0, 0x0, 0x0, 0x0, 0x8f, 0x90, 0x0, 0x9,
    0xf9, 0x8f, 0x90, 0x0, 0x9, 0xf9, 0x8f, 0x90,
    0x0, 0x9, 0xf9, 0x8f, 0x90, 0x0, 0x9, 0xf9,
    0x8f, 0x90, 0x0, 0x9, 0xf9, 0x8f, 0x90, 0x0,
    0x9, 0xf9, 0x8f, 0x90, 0x0, 0x9, 0xf9, 0x8f,
    0xb0, 0x0, 0xc, 0xf9, 0x5f, 0xf5, 0x0, 0x7f,
    0xf9, 0xd, 0xff, 0xff, 0xf9, 0xf9, 0x1, 0xae,
    0xfb, 0x37, 0xf9,

    /* U+00FB "û" */
    0x0, 0x1, 0x77, 0x10, 0x0, 0x0, 0xb, 0xff,
    0xb0, 0x0, 0x0, 0x9f, 0x65, 0xf9, 0x0, 0x1,
    0x86, 0x0, 0x68, 0x10, 0x0, 0x0, 0x0, 0x0,
    0x0, 0x8f, 0x90, 0x0, 0x9, 0xf9, 0x8f, 0x90,
    0x0, 0x9, 0xf9, 0x8f, 0x90, 0x0, 0x9, 0xf9,
    0x8f, 0x90, 0x0, 0x9, 0xf9, 0x8f, 0x90, 0x0,
    0x9, 0xf9, 0x8f, 0x90, 0x0, 0x9, 0xf9, 0x8f,
    0x90, 0x0, 0x9, 0xf9, 0x8f, 0xb0, 0x0, 0xc,
    0xf9, 0x5f, 0xf5, 0x0, 0x7f, 0xf9, 0xd, 0xff,
    0xff, 0xf9, 0xf9, 0x1, 0xae, 0xfb, 0x37, 0xf9,

    /* U+00FC "ü" */
    0x0, 0x54, 0x0, 0x46, 0x0, 0x4, 0xff, 0x11,
    0xff, 0x40, 0x1, 0xdc, 0x0, 0xcd, 0x10, 0x0,
    0x0, 0x0, 0x0, 0x0, 0x8f, 0x90, 0x0, 0x9,
    0xf9, 0x8f, 0x90, 0x0, 0x9, 0xf9, 0x8f, 0x90,
    0x0, 0x9, 0xf9, 0x8f, 0x90, 0x0, 0x9, 0xf9,
    0x8f, 0x90, 0x0, 0x9, 0xf9, 0x8f, 0x90, 0x0,
    0x9, 0xf9, 0x8f, 0x90, 0x0, 0x9, 0xf9, 0x8f,
    0xb0, 0x0, 0xc, 0xf9, 0x5f, 0xf5, 0x0, 0x7f,
    0xf9, 0xd, 0xff, 0xff, 0xf9, 0xf9, 0x1, 0xae,
    0xfb, 0x37, 0xf9,

    /* U+00FD "ý" */
    0x0, 0x0, 0x0, 0xef, 0x20, 0x0, 0x0, 0x0,
    0x7, 0xf7, 0x0, 0x0, 0x0, 0x0, 0xc, 0xb0,
    0x0, 0x0, 0x0, 0x0, 0x0, 0x0, 0x0, 0x0,
    0x5f, 0xe0, 0x0, 0x0, 0x6f, 0xd0, 0xf, 0xf4,
    0x0, 0x0, 0xcf, 0x70, 0x9, 0xfa, 0x0, 0x2,
    0xff, 0x10, 0x3, 0xff, 0x0, 0x8, 0xfb, 0x0,
    0x0, 0xdf, 0x50, 0xd, 0xf5, 0x0, 0x0, 0x7f,
    0xb0, 0x3f, 0xe0, 0x0, 0x0, 0x1f, 0xf0, 0x8f,
    0x90, 0x0, 0x0, 0xb, 0xf5, 0xef, 0x20, 0x0,
    0x0, 0x5, 0xfb, 0xfc, 0x0, 0x0, 0x0, 0x0,
    0xef, 0xf6, 0x0, 0x0, 0x0, 0x0, 0x9f, 0xf1,
    0x0, 0x0, 0x0, 0x0, 0x9f, 0xa0, 0x0, 0x0,
    0x0, 0x1, 0xef, 0x30, 0x0, 0x0, 0x4, 0xdf,
    0xfa, 0x0, 0x0, 0x0, 0x8, 0xfe, 0x90, 0x0,
    0x0, 0x0,

    /* U+00FE "þ" */
    0x8f, 0x90, 0x0, 0x0, 0x0, 0x8, 0xf9, 0x0,
    0x0, 0x0, 0x0, 0x8f, 0x90, 0x0, 0x0, 0x0,
    0x8, 0xf9, 0x2b, 0xfe, 0xa2, 0x0, 0x8f, 0xbe,
    0xfd, 0xff, 0xe2, 0x8, 0xff, 0xa0, 0x1, 0xcf,
    0xc0, 0x8f, 0xe0, 0x0, 0x2, 0xff, 0x28, 0xfa,
    0x0, 0x0, 0xd, 0xf5, 0x8f, 0x90, 0x0, 0x0,
    0xcf, 0x68, 0xfa, 0x0, 0x0, 0xe, 0xf5, 0x8f,
    0xe0, 0x0, 0x2, 0xff, 0x28, 0xff, 0x90, 0x1,
    0xcf, 0xc0, 0x8f, 0xae, 0xfd, 0xff, 0xe2, 0x8,
    0xf9, 0x2b, 0xfe, 0xa2, 0x0, 0x8f, 0x90, 0x0,
    0x0, 0x0, 0x8, 0xf9, 0x0, 0x0, 0x0, 0x0,
    0x8f, 0x90, 0x0, 0x0, 0x0, 0x8, 0xf9, 0x0,
    0x0, 0x0, 0x0,

    /* U+00FF "ÿ" */
    0x0, 0x7, 0x20, 0x6, 0x40, 0x0, 0x0, 0x8f,
    0xd0, 0x5f, 0xf0, 0x0, 0x0, 0x4e, 0x80, 0x2e,
    0xb0, 0x0, 0x0, 0x0, 0x0, 0x0, 0x0, 0x0,
    0x5f, 0xe0, 0x0, 0x0, 0x6f, 0xd0, 0xf, 0xf4,
    0x0, 0x0, 0xcf, 0x70, 0x9, 0xfa, 0x0, 0x2,
    0xff, 0x10, 0x3, 0xff, 0x0, 0x8, 0xfb, 0x0,
    0x0, 0xdf, 0x50, 0xd, 0xf5, 0x0, 0x0, 0x7f,
    0xb0, 0x3f, 0xe0, 0x0, 0x0, 0x1f, 0xf0, 0x8f,
    0x90, 0x0, 0x0, 0xb, 0xf5, 0xef, 0x20, 0x0,
    0x0, 0x5, 0xfb, 0xfc, 0x0, 0x0, 0x0, 0x0,
    0xef, 0xf6, 0x0, 0x0, 0x0, 0x0, 0x9f, 0xf1,
    0x0, 0x0, 0x0, 0x0, 0x9f, 0xa0, 0x0, 0x0,
    0x0, 0x1, 0xef, 0x30, 0x0, 0x0, 0x4, 0xdf,
    0xfa, 0x0, 0x0, 0x0, 0x8, 0xfe, 0x90, 0x0,
    0x0, 0x0,

    /* U+0100 "Ā" */
    0x0, 0x0, 0xaf, 0xff, 0xfd, 0x0, 0x0, 0x0,
    0x0, 0x58, 0x88, 0x87, 0x0, 0x0, 0x0, 0x0,
    0x0, 0x0, 0x0, 0x0, 0x0, 0x0, 0x0, 0x0,
    0x0, 0x0, 0x0, 0x0, 0x0, 0x0, 0x8, 0xff,
    0x90, 0x0, 0x0, 0x0, 0x0, 0xe, 0xff, 0xe0,
    0x0, 0x0, 0x0, 0x0, 0x4f, 0xcb, 0xf5, 0x0,
    0x0, 0x0, 0x0, 0x9f, 0x76, 0xfb, 0x0, 0x0,
    0x0, 0x0, 0xff, 0x21, 0xff, 0x10, 0x0, 0x0,
    0x5, 0xfc, 0x0, 0xbf, 0x70, 0x0, 0x0, 0xb,
    0xf7, 0x0, 0x5f, 0xd0, 0x0, 0x0, 0x1f, 0xf1,
    0x0, 0xe, 0xf3, 0x0, 0x0, 0x7f, 0xfd, 0xdd,
    0xdf, 0xf9, 0x0, 0x0, 0xdf, 0xff, 0xff, 0xff,
    0xff, 0x0, 0x3, 0xff, 0x10, 0x0, 0x0, 0xef,
    0x50, 0x9, 0xfb, 0x0, 0x0, 0x0, 0x9f, 0xb0,
    0xe, 0xf6, 0x0, 0x0, 0x0, 0x3f, 0xf2, 0x5f,
    0xf1, 0x0, 0x0, 0x0, 0xe, 0xf7,

    /* U+0101 "ā" */
    0x0, 0x3f, 0xff, 0xff, 0x40, 0x0, 0x18, 0x88,
    0x88, 0x20, 0x0, 0x0, 0x0, 0x0, 0x0, 0x0,
    0x29, 0xef, 0xea, 0x30, 0x2, 0xff, 0xec, 0xef,
    0xf3, 0x9, 0xfa, 0x0, 0x9, 0xfb, 0x0, 0x0,
    0x0, 0x4, 0xfe, 0x0, 0x1, 0x47, 0x9d, 0xfe,
    0x2, 0xcf, 0xff, 0xfc, 0xfe, 0xe, 0xfb, 0x51,
    0x3, 0xfe, 0x2f, 0xf0, 0x0, 0x5, 0xfe, 0x1f,
    0xf3, 0x0, 0x2d, 0xfe, 0xa, 0xff, 0xcc, 0xfb,
    0xfe, 0x0, 0x8e, 0xfd, 0x72, 0xfe,

    /* U+0102 "Ă" */
    0x0, 0x0, 0xe9, 0x0, 0x6f, 0x0, 0x0, 0x0,
    0x0, 0x9e, 0x43, 0xdb, 0x0, 0x0, 0x0, 0x0,
    0x1c, 0xff, 0xd2, 0x0, 0x0, 0x0, 0x0, 0x0,
    0x23, 0x0, 0x0, 0x0, 0x0, 0x0, 0x0, 0x0,
    0x0, 0x0, 0x0, 0x0, 0x0, 0x8, 0xff, 0x90,
    0x0, 0x0, 0x0, 0x0, 0xe, 0xff, 0xe0, 0x0,
    0x0, 0x0, 0x0, 0x4f, 0xcb, 0xf5, 0x0, 0x0,
    0x0, 0x0, 0x9f, 0x76, 0xfb, 0x0, 0x0, 0x0,
    0x0, 0xff, 0x21, 0xff, 0x10, 0x0, 0x0, 0x5,
    0xfc, 0x0, 0xbf, 0x70, 0x0, 0x0, 0xb, 0xf7,
    0x0, 0x5f, 0xd0, 0x0, 0x0, 0x1f, 0xf1, 0x0,
    0xe, 0xf3, 0x0, 0x0, 0x7f, 0xfd, 0xdd, 0xdf,
    0xf9, 0x0, 0x0, 0xdf, 0xff, 0xff, 0xff, 0xff,
    0x0, 0x3, 0xff, 0x10, 0x0, 0x0, 0xef, 0x50,
    0x9, 0xfb, 0x0, 0x0, 0x0, 0x9f, 0xb0, 0xe,
    0xf6, 0x0, 0x0, 0x0, 0x3f, 0xf2, 0x5f, 0xf1,
    0x0, 0x0, 0x0, 0xe, 0xf7,

    /* U+0103 "ă" */
    0x0, 0x26, 0x0, 0x5, 0x30, 0x0, 0x4f, 0x71,
    0x6f, 0x50, 0x0, 0x8, 0xff, 0xf9, 0x0, 0x0,
    0x0, 0x13, 0x10, 0x0, 0x0, 0x0, 0x0, 0x0,
    0x0, 0x0, 0x29, 0xef, 0xea, 0x30, 0x2, 0xff,
    0xec, 0xef, 0xf3, 0x9, 0xfa, 0x0, 0x9, 0xfb,
    0x0, 0x0, 0x0, 0x4, 0xfe, 0x0, 0x1, 0x47,
    0x9d, 0xfe, 0x2, 0xcf, 0xff, 0xfc, 0xfe, 0xe,
    0xfb, 0x51, 0x3, 0xfe, 0x2f, 0xf0, 0x0, 0x5,
    0xfe, 0x1f, 0xf3, 0x0, 0x2d, 0xfe, 0xa, 0xff,
    0xcc, 0xfb, 0xfe, 0x0, 0x8e, 0xfd, 0x72, 0xfe,

    /* U+0104 "Ą" */
    0x0, 0x0, 0x8, 0xff, 0x90, 0x0, 0x0, 0x0,
    0x0, 0x0, 0xef, 0xfe, 0x0, 0x0, 0x0, 0x0,
    0x0, 0x4f, 0xcb, 0xf5, 0x0, 0x0, 0x0, 0x0,
    0x9, 0xf7, 0x6f, 0xb0, 0x0, 0x0, 0x0, 0x0,
    0xff, 0x21, 0xff, 0x10, 0x0, 0x0, 0x0, 0x5f,
    0xc0, 0xb, 0xf7, 0x0, 0x0, 0x0, 0xb, 0xf7,
    0x0, 0x5f, 0xd0, 0x0, 0x0, 0x1, 0xff, 0x10,
    0x0, 0xef, 0x30, 0x0, 0x0, 0x7f, 0xfd, 0xdd,
    0xdf, 0xf9, 0x0, 0x0, 0xd, 0xff, 0xff, 0xff,
    0xff, 0xf0, 0x0, 0x3, 0xff, 0x10, 0x0, 0x0,
    0xef, 0x50, 0x0, 0x9f, 0xb0, 0x0, 0x0, 0x9,
    0xfb, 0x0, 0xe, 0xf6, 0x0, 0x0, 0x0, 0x3f,
    0xf2, 0x5, 0xff, 0x10, 0x0, 0x0, 0x0, 0xff,
    0x80, 0x0, 0x0, 0x0, 0x0, 0x0, 0x4f, 0xd2,
    0x0, 0x0, 0x0, 0x0, 0x0, 0xe, 0xf2, 0x0,
    0x0, 0x0, 0x0, 0x0, 0x0, 0xff, 0xb9, 0x0,
    0x0, 0x0, 0x0, 0x0, 0x5, 0xdf, 0xc1,

    /* U+0105 "ą" */
    0x0, 0x29, 0xef, 0xea, 0x30, 0x0, 0x2f, 0xfe,
    0xce, 0xff, 0x30, 0x9, 0xfa, 0x0, 0x9, 0xfb,
    0x0, 0x0, 0x0, 0x0, 0x4f, 0xe0, 0x0, 0x1,
    0x47, 0x9d, 0xfe, 0x0, 0x2c, 0xff, 0xff, 0xcf,
    0xe0, 0xe, 0xfb, 0x51, 0x3, 0xfe, 0x2, 0xff,
    0x0, 0x0, 0x5f, 0xe0, 0x1f, 0xf3, 0x0, 0x2d,
    0xfe, 0x0, 0xaf, 0xfc, 0xcf, 0xbf, 0xe0, 0x0,
    0x8e, 0xfd, 0x75, 0xff, 0x0, 0x0, 0x0, 0x2,
    0xfd, 0x10, 0x0, 0x0, 0x0, 0xaf, 0x50, 0x0,
    0x0, 0x0, 0xa, 0xfd, 0xa1, 0x0, 0x0, 0x0,
    0x2c, 0xfd, 0x40,

    /* U+0106 "Ć" */
    0x0, 0x0, 0x0, 0x1f, 0xe1, 0x0, 0x0, 0x0,
    0x0, 0x8, 0xf5, 0x0, 0x0, 0x0, 0x0, 0x0,
    0xda, 0x0, 0x0, 0x0, 0x0, 0x0, 0x0, 0x0,
    0x0, 0x0, 0x0, 0x0, 0x0, 0x0, 0x0, 0x0,
    0x0, 0x0, 0x3a, 0xdf, 0xeb, 0x60, 0x0, 0x0,
    0x8f, 0xff, 0xff, 0xff, 0xc1, 0x0, 0x8f, 0xf9,
    0x30, 0x26, 0xef, 0xc0, 0x2f, 0xf7, 0x0, 0x0,
    0x2, 0xff, 0x48, 0xfd, 0x0, 0x0, 0x0, 0x7,
    0xa5, 0xbf, 0x70, 0x0, 0x0, 0x0, 0x0, 0xd,
    0xf5, 0x0, 0x0, 0x0, 0x0, 0x0, 0xdf, 0x50,
    0x0, 0x0, 0x0, 0x0, 0xb, 0xf7, 0x0, 0x0,
    0x0, 0x0, 0x0, 0x8f, 0xc0, 0x0, 0x0, 0x0,
    0x7a, 0x52, 0xff, 0x60, 0x0, 0x0, 0x2f, 0xf4,
    0x8, 0xff, 0x93, 0x2, 0x6e, 0xfc, 0x0, 0x8,
    0xff, 0xff, 0xff, 0xfc, 0x10, 0x0, 0x3, 0xad,
    0xfe, 0xb6, 0x0, 0x0,

    /* U+0107 "ć" */
    0x0, 0x0, 0x0, 0xbf, 0x60, 0x0, 0x0, 0x0,
    0x2f, 0xb0, 0x0, 0x0, 0x0, 0x8, 0xe2, 0x0,
    0x0, 0x0, 0x0, 0x0, 0x0, 0x0, 0x0, 0x5,
    0xce, 0xec, 0x60, 0x0, 0x9, 0xff, 0xee, 0xff,
    0xa0, 0x5, 0xff, 0x40, 0x4, 0xff, 0x40, 0xbf,
    0x80, 0x0, 0x5, 0x62, 0xf, 0xf3, 0x0, 0x0,
    0x0, 0x0, 0xff, 0x20, 0x0, 0x0, 0x0, 0xf,
    0xf3, 0x0, 0x0, 0x0, 0x0, 0xcf, 0x80, 0x0,
    0x5, 0x72, 0x5, 0xff, 0x40, 0x3, 0xef, 0x40,
    0x9, 0xff, 0xed, 0xff, 0x90, 0x0, 0x5, 0xcf,
    0xfc, 0x50, 0x0,

    /* U+0108 "Ĉ" */
    0x0, 0x0, 0xb, 0xfe, 0x10, 0x0, 0x0, 0x0,
    0x8, 0xf8, 0xfc, 0x0, 0x0, 0x0, 0x6, 0xfa,
    0x5, 0xfa, 0x0, 0x0, 0x0, 0x0, 0x0, 0x0,
    0x0, 0x0, 0x0, 0x0, 0x0, 0x0, 0x0, 0x0,
    0x0, 0x0, 0x3a, 0xdf, 0xeb, 0x60, 0x0, 0x0,
    0x8f, 0xff, 0xff, 0xff, 0xc1, 0x0, 0x8f, 0xf9,
    0x30, 0x26, 0xef, 0xc0, 0x2f, 0xf7, 0x0, 0x0,
    0x2, 0xff, 0x48, 0xfd, 0x0, 0x0, 0x0, 0x7,
    0xa5, 0xbf, 0x70, 0x0, 0x0, 0x0, 0x0, 0xd,
    0xf5, 0x0, 0x0, 0x0, 0x0, 0x0, 0xdf, 0x50,
    0x0, 0x0, 0x0, 0x0, 0xb, 0xf7, 0x0, 0x0,
    0x0, 0x0, 0x0, 0x8f, 0xc0, 0x0, 0x0, 0x0,
    0x7a, 0x52, 0xff, 0x60, 0x0, 0x0, 0x2f, 0xf4,
    0x8, 0xff, 0x93, 0x2, 0x6e, 0xfc, 0x0, 0x8,
    0xff, 0xff, 0xff, 0xfc, 0x10, 0x0, 0x3, 0xad,
    0xfe, 0xb6, 0x0, 0x0,

    /* U+0109 "ĉ" */
    0x0, 0x0, 0x17, 0x71, 0x0, 0x0, 0x0, 0xb,
    0xff, 0xc0, 0x0, 0x0, 0x9, 0xf6, 0x5f, 0x90,
    0x0, 0x1, 0x86, 0x0, 0x68, 0x10, 0x0, 0x0,
    0x0, 0x0, 0x0, 0x0, 0x0, 0x5c, 0xee, 0xc6,
    0x0, 0x0, 0x9f, 0xfe, 0xef, 0xfa, 0x0, 0x5f,
    0xf4, 0x0, 0x4f, 0xf4, 0xb, 0xf8, 0x0, 0x0,
    0x56, 0x20, 0xff, 0x30, 0x0, 0x0, 0x0, 0xf,
    0xf2, 0x0, 0x0, 0x0, 0x0, 0xff, 0x30, 0x0,
    0x0, 0x0, 0xc, 0xf8, 0x0, 0x0, 0x57, 0x20,
    0x5f, 0xf4, 0x0, 0x3e, 0xf4, 0x0, 0x9f, 0xfe,
    0xdf, 0xf9, 0x0, 0x0, 0x5c, 0xff, 0xc5, 0x0,

    /* U+010A "Ċ" */
    0x0, 0x0, 0x5, 0xfa, 0x0, 0x0, 0x0, 0x0,
    0x0, 0x9f, 0xe0, 0x0, 0x0, 0x0, 0x0, 0x1,
    0x73, 0x0, 0x0, 0x0, 0x0, 0x0, 0x0, 0x0,
    0x0, 0x0, 0x0, 0x0, 0x0, 0x0, 0x0, 0x0,
    0x0, 0x0, 0x3a, 0xdf, 0xeb, 0x60, 0x0, 0x0,
    0x8f, 0xff, 0xff, 0xff, 0xc1, 0x0, 0x8f, 0xf9,
    0x30, 0x26, 0xef, 0xc0, 0x2f, 0xf7, 0x0, 0x0,
    0x2, 0xff, 0x48, 0xfd, 0x0, 0x0, 0x0, 0x7,
    0xa5, 0xbf, 0x70, 0x0, 0x0, 0x0, 0x0, 0xd,
    0xf5, 0x0, 0x0, 0x0, 0x0, 0x0, 0xdf, 0x50,
    0x0, 0x0, 0x0, 0x0, 0xb, 0xf7, 0x0, 0x0,
    0x0, 0x0, 0x0, 0x8f, 0xc0, 0x0, 0x0, 0x0,
    0x7a, 0x52, 0xff, 0x60, 0x0, 0x0, 0x2f, 0xf4,
    0x8, 0xff, 0x93, 0x2, 0x6e, 0xfc, 0x0, 0x8,
    0xff, 0xff, 0xff, 0xfc, 0x10, 0x0, 0x3, 0xad,
    0xfe, 0xb6, 0x0, 0x0,

    /* U+010B "ċ" */
    0x0, 0x0, 0x5, 0x50, 0x0, 0x0, 0x0, 0x3,
    0xff, 0x40, 0x0, 0x0, 0x0, 0x1e, 0xe2, 0x0,
    0x0, 0x0, 0x0, 0x0, 0x0, 0x0, 0x0, 0x5,
    0xce, 0xec, 0x60, 0x0, 0x9, 0xff, 0xee, 0xff,
    0xa0, 0x5, 0xff, 0x40, 0x4, 0xff, 0x40, 0xbf,
    0x80, 0x0, 0x5, 0x62, 0xf, 0xf3, 0x0, 0x0,
    0x0, 0x0, 0xff, 0x20, 0x0, 0x0, 0x0, 0xf,
    0xf3, 0x0, 0x0, 0x0, 0x0, 0xcf, 0x80, 0x0,
    0x5, 0x72, 0x5, 0xff, 0x40, 0x3, 0xef, 0x40,
    0x9, 0xff, 0xed, 0xff, 0x90, 0x0, 0x5, 0xcf,
    0xfc, 0x50, 0x0,

    /* U+010C "Č" */
    0x0, 0x5, 0xfa, 0x5, 0xfb, 0x0, 0x0, 0x0,
    0x8, 0xf8, 0xfc, 0x0, 0x0, 0x0, 0x0, 0xa,
    0xfe, 0x10, 0x0, 0x0, 0x0, 0x0, 0x0, 0x0,
    0x0, 0x0, 0x0, 0x0, 0x0, 0x0, 0x0, 0x0,
    0x0, 0x0, 0x3a, 0xdf, 0xeb, 0x60, 0x0, 0x0,
    0x8f, 0xff, 0xff, 0xff, 0xc1, 0x0, 0x8f, 0xf9,
    0x30, 0x26, 0xef, 0xc0, 0x2f, 0xf7, 0x0, 0x0,
    0x2, 0xff, 0x48, 0xfd, 0x0, 0x0, 0x0, 0x7,
    0xa5, 0xbf, 0x70, 0x0, 0x0, 0x0, 0x0, 0xd,
    0xf5, 0x0, 0x0, 0x0, 0x0, 0x0, 0xdf, 0x50,
    0x0, 0x0, 0x0, 0x0, 0xb, 0xf7, 0x0, 0x0,
    0x0, 0x0, 0x0, 0x8f, 0xc0, 0x0, 0x0, 0x0,
    0x7a, 0x52, 0xff, 0x60, 0x0, 0x0, 0x2f, 0xf4,
    0x8, 0xff, 0x93, 0x2, 0x6e, 0xfc, 0x0, 0x8,
    0xff, 0xff, 0xff, 0xfc, 0x10, 0x0, 0x3, 0xad,
    0xfe, 0xb6, 0x0, 0x0,

    /* U+010D "č" */
    0x0, 0x17, 0x60, 0x6, 0x82, 0x0, 0x0, 0x8f,
    0x65, 0xfa, 0x0, 0x0, 0x0, 0xbf, 0xfc, 0x0,
    0x0, 0x0, 0x0, 0x77, 0x10, 0x0, 0x0, 0x0,
    0x0, 0x0, 0x0, 0x0, 0x0, 0x5c, 0xee, 0xc6,
    0x0, 0x0, 0x9f, 0xfe, 0xef, 0xfa, 0x0, 0x5f,
    0xf4, 0x0, 0x4f, 0xf4, 0xb, 0xf8, 0x0, 0x0,
    0x56, 0x20, 0xff, 0x30, 0x0, 0x0, 0x0, 0xf,
    0xf2, 0x0, 0x0, 0x0, 0x0, 0xff, 0x30, 0x0,
    0x0, 0x0, 0xc, 0xf8, 0x0, 0x0, 0x57, 0x20,
    0x5f, 0xf4, 0x0, 0x3e, 0xf4, 0x0, 0x9f, 0xfe,
    0xdf, 0xf9, 0x0, 0x0, 0x5c, 0xff, 0xc5, 0x0,

    /* U+010E "Ď" */
    0x1, 0xee, 0x11, 0xee, 0x20, 0x0, 0x0, 0x3,
    0xfb, 0xbf, 0x30, 0x0, 0x0, 0x0, 0x5, 0xff,
    0x50, 0x0, 0x0, 0x0, 0x0, 0x0, 0x0, 0x0,
    0x0, 0x0, 0x0, 0x0, 0x0, 0x0, 0x0, 0x0,
    0x6, 0xff, 0xff, 0xfe, 0xc6, 0x0, 0x0, 0x6f,
    0xff, 0xff, 0xff, 0xfd, 0x20, 0x6, 0xfd, 0x0,
    0x0, 0x5d, 0xfe, 0x10, 0x6f, 0xd0, 0x0, 0x0,
    0xd, 0xf9, 0x6, 0xfd, 0x0, 0x0, 0x0, 0x4f,
    0xe0, 0x6f, 0xd0, 0x0, 0x0, 0x0, 0xff, 0x36,
    0xfd, 0x0, 0x0, 0x0, 0xe, 0xf4, 0x6f, 0xd0,
    0x0, 0x0, 0x0, 0xef, 0x46, 0xfd, 0x0, 0x0,
    0x0, 0xf, 0xf3, 0x6f, 0xd0, 0x0, 0x0, 0x4,
    0xfe, 0x6, 0xfd, 0x0, 0x0, 0x0, 0xdf, 0x90,
    0x6f, 0xd0, 0x0, 0x15, 0xdf, 0xe1, 0x6, 0xff,
    0xff, 0xff, 0xff, 0xd2, 0x0, 0x6f, 0xff, 0xff,
    0xeb, 0x60, 0x0, 0x0,

    /* U+010F "ď" */
    0x0, 0x0, 0x0, 0x0, 0x0, 0x0, 0x8b, 0x10,
    0x0, 0x0, 0x0, 0x0, 0x0, 0xc, 0xf0, 0x0,
    0x0, 0x0, 0x0, 0x3f, 0xe0, 0xcd, 0x0, 0x0,
    0x0, 0x0, 0x3, 0xfe, 0xc, 0xb0, 0x0, 0x0,
    0x0, 0x0, 0x3f, 0xe0, 0x0, 0x0, 0x0, 0x7d,
    0xfd, 0x63, 0xfe, 0x0, 0x0, 0x0, 0xbf, 0xfe,
    0xef, 0x9f, 0xe0, 0x0, 0x0, 0x6f, 0xf4, 0x0,
    0x5f, 0xfe, 0x0, 0x0, 0xc, 0xf8, 0x0, 0x0,
    0x9f, 0xe0, 0x0, 0x0, 0xff, 0x30, 0x0, 0x4,
    0xfe, 0x0, 0x0, 0xf, 0xf2, 0x0, 0x0, 0x3f,
    0xe0, 0x0, 0x0, 0xff, 0x30, 0x0, 0x5, 0xfe,
    0x0, 0x0, 0xc, 0xf8, 0x0, 0x0, 0x9f, 0xe0,
    0x0, 0x0, 0x6f, 0xf4, 0x0, 0x5f, 0xfe, 0x0,
    0x0, 0x0, 0xbf, 0xfe, 0xef, 0x8f, 0xe0, 0x0,
    0x0, 0x0, 0x7d, 0xfd, 0x62, 0xfe, 0x0, 0x0,

    /* U+0110 "Đ" */
    0x0, 0xff, 0xff, 0xfe, 0xd9, 0x20, 0x0, 0x0,
    0xff, 0xff, 0xff, 0xff, 0xf7, 0x0, 0x0, 0xff,
    0x40, 0x0, 0x29, 0xff, 0x60, 0x0, 0xff, 0x40,
    0x0, 0x0, 0x7f, 0xf0, 0x0, 0xff, 0x40, 0x0,
    0x0, 0xd, 0xf6, 0x0, 0xff, 0x40, 0x0, 0x0,
    0x9, 0xf9, 0xcf, 0xff, 0xff, 0xfe, 0x0, 0x7,
    0xfb, 0x8a, 0xff, 0xea, 0xa9, 0x0, 0x7, 0xfb,
    0x0, 0xff, 0x40, 0x0, 0x0, 0x9, 0xf9, 0x0,
    0xff, 0x40, 0x0, 0x0, 0xd, 0xf6, 0x0, 0xff,
    0x40, 0x0, 0x0, 0x7f, 0xf0, 0x0, 0xff, 0x40,
    0x0, 0x39, 0xff, 0x60, 0x0, 0xff, 0xff, 0xff,
    0xff, 0xf7, 0x0, 0x0, 0xff, 0xff, 0xfe, 0xd8,
    0x20, 0x0,

    /* U+0111 "đ" */
    0x0, 0x0, 0x0, 0x22, 0x6f, 0xf2, 0x0, 0x0,
    0x0, 0x4f, 0xff, 0xff, 0xf4, 0x0, 0x0, 0x1,
    0x55, 0x9f, 0xf5, 0x10, 0x0, 0x7d, 0xfd, 0x63,
    0xfe, 0x0, 0x0, 0xbf, 0xfe, 0xef, 0x9f, 0xe0,
    0x0, 0x6f, 0xf4, 0x0, 0x5f, 0xfe, 0x0, 0xc,
    0xf8, 0x0, 0x0, 0x9f, 0xe0, 0x0, 0xff, 0x30,
    0x0, 0x4, 0xfe, 0x0, 0xf, 0xf2, 0x0, 0x0,
    0x3f, 0xe0, 0x0, 0xff, 0x30, 0x0, 0x5, 0xfe,
    0x0, 0xc, 0xf8, 0x0, 0x0, 0x9f, 0xe0, 0x0,
    0x6f, 0xf4, 0x0, 0x5f, 0xfe, 0x0, 0x0, 0xbf,
    0xfe, 0xef, 0x8f, 0xe0, 0x0, 0x0, 0x7d, 0xfd,
    0x62, 0xfe, 0x0,

    /* U+0112 "Ē" */
    0x0, 0x8f, 0xff, 0xff, 0x0, 0x0, 0x48, 0x88,
    0x88, 0x0, 0x0, 0x0, 0x0, 0x0, 0x0, 0x0,
    0x0, 0x0, 0x0, 0x0, 0x6f, 0xff, 0xff, 0xff,
    0xfc, 0x6f, 0xfe, 0xee, 0xee, 0xeb, 0x6f, 0xd0,
    0x0, 0x0, 0x0, 0x6f, 0xd0, 0x0, 0x0, 0x0,
    0x6f, 0xd0, 0x0, 0x0, 0x0, 0x6f, 0xd0, 0x0,
    0x0, 0x0, 0x6f, 0xff, 0xff, 0xff, 0xf4, 0x6f,
    0xfe, 0xee, 0xee, 0xe4, 0x6f, 0xd0, 0x0, 0x0,
    0x0, 0x6f, 0xd0, 0x0, 0x0, 0x0, 0x6f, 0xd0,
    0x0, 0x0, 0x0, 0x6f, 0xd0, 0x0, 0x0, 0x0,
    0x6f, 0xfe, 0xee, 0xee, 0xec, 0x6f, 0xff, 0xff,
    0xff, 0xfd,

    /* U+0113 "ē" */
    0x0, 0xd, 0xff, 0xff, 0xa0, 0x0, 0x0, 0x68,
    0x88, 0x85, 0x0, 0x0, 0x0, 0x0, 0x0, 0x0,
    0x0, 0x0, 0x5c, 0xff, 0xb4, 0x0, 0x0, 0x9f,
    0xfd, 0xdf, 0xf8, 0x0, 0x5f, 0xe3, 0x0, 0x3f,
    0xf3, 0xb, 0xf5, 0x0, 0x0, 0x8f, 0x90, 0xff,
    0xa9, 0x99, 0x9b, 0xfc, 0xf, 0xff, 0xff, 0xff,
    0xff, 0xd0, 0xff, 0x20, 0x0, 0x0, 0x0, 0xc,
    0xf7, 0x0, 0x0, 0x11, 0x0, 0x5f, 0xf4, 0x0,
    0x1d, 0xf6, 0x0, 0x9f, 0xfe, 0xcf, 0xfc, 0x0,
    0x0, 0x5c, 0xef, 0xd7, 0x0,

    /* U+0114 "Ĕ" */
    0x0, 0xbb, 0x0, 0x4f, 0x30, 0x0, 0x6f, 0x52,
    0xce, 0x0, 0x0, 0xa, 0xff, 0xe3, 0x0, 0x0,
    0x0, 0x23, 0x0, 0x0, 0x0, 0x0, 0x0, 0x0,
    0x0, 0x6f, 0xff, 0xff, 0xff, 0xfc, 0x6f, 0xfe,
    0xee, 0xee, 0xeb, 0x6f, 0xd0, 0x0, 0x0, 0x0,
    0x6f, 0xd0, 0x0, 0x0, 0x0, 0x6f, 0xd0, 0x0,
    0x0, 0x0, 0x6f, 0xd0, 0x0, 0x0, 0x0, 0x6f,
    0xff, 0xff, 0xff, 0xf4, 0x6f, 0xfe, 0xee, 0xee,
    0xe4, 0x6f, 0xd0, 0x0, 0x0, 0x0, 0x6f, 0xd0,
    0x0, 0x0, 0x0, 0x6f, 0xd0, 0x0, 0x0, 0x0,
    0x6f, 0xd0, 0x0, 0x0, 0x0, 0x6f, 0xfe, 0xee,
    0xee, 0xec, 0x6f, 0xff, 0xff, 0xff, 0xfd,

    /* U+0115 "ĕ" */
    0x0, 0x8, 0x30, 0x4, 0x70, 0x0, 0x0, 0xdc,
    0x23, 0xdb, 0x0, 0x0, 0x3, 0xef, 0xfd, 0x10,
    0x0, 0x0, 0x0, 0x33, 0x0, 0x0, 0x0, 0x0,
    0x0, 0x0, 0x0, 0x0, 0x0, 0x5c, 0xff, 0xb4,
    0x0, 0x0, 0x9f, 0xfd, 0xdf, 0xf8, 0x0, 0x5f,
    0xe3, 0x0, 0x3f, 0xf3, 0xb, 0xf5, 0x0, 0x0,
    0x8f, 0x90, 0xff, 0xa9, 0x99, 0x9b, 0xfc, 0xf,
    0xff, 0xff, 0xff, 0xff, 0xd0, 0xff, 0x20, 0x0,
    0x0, 0x0, 0xc, 0xf7, 0x0, 0x0, 0x11, 0x0,
    0x5f, 0xf4, 0x0, 0x1d, 0xf6, 0x0, 0x9f, 0xfe,
    0xcf, 0xfc, 0x0, 0x0, 0x5c, 0xef, 0xd7, 0x0,

    /* U+0116 "Ė" */
    0x0, 0x0, 0x47, 0x0, 0x0, 0x0, 0x0, 0xff,
    0x80, 0x0, 0x0, 0x0, 0xbe, 0x40, 0x0, 0x0,
    0x0, 0x0, 0x0, 0x0, 0x0, 0x0, 0x0, 0x0,
    0x0, 0x6f, 0xff, 0xff, 0xff, 0xfc, 0x6f, 0xfe,
    0xee, 0xee, 0xeb, 0x6f, 0xd0, 0x0, 0x0, 0x0,
    0x6f, 0xd0, 0x0, 0x0, 0x0, 0x6f, 0xd0, 0x0,
    0x0, 0x0, 0x6f, 0xd0, 0x0, 0x0, 0x0, 0x6f,
    0xff, 0xff, 0xff, 0xf4, 0x6f, 0xfe, 0xee, 0xee,
    0xe4, 0x6f, 0xd0, 0x0, 0x0, 0x0, 0x6f, 0xd0,
    0x0, 0x0, 0x0, 0x6f, 0xd0, 0x0, 0x0, 0x0,
    0x6f, 0xd0, 0x0, 0x0, 0x0, 0x6f, 0xfe, 0xee,
    0xee, 0xec, 0x6f, 0xff, 0xff, 0xff, 0xfd,

    /* U+0117 "ė" */
    0x0, 0x0, 0x6, 0x50, 0x0, 0x0, 0x0, 0x5,
    0xff, 0x30, 0x0, 0x0, 0x0, 0x2e, 0xd1, 0x0,
    0x0, 0x0, 0x0, 0x0, 0x0, 0x0, 0x0, 0x5,
    0xcf, 0xfb, 0x40, 0x0, 0x9, 0xff, 0xdd, 0xff,
    0x80, 0x5, 0xfe, 0x30, 0x3, 0xff, 0x30, 0xbf,
    0x50, 0x0, 0x8, 0xf9, 0xf, 0xfa, 0x99, 0x99,
    0xbf, 0xc0, 0xff, 0xff, 0xff, 0xff, 0xfd, 0xf,
    0xf2, 0x0, 0x0, 0x0, 0x0, 0xcf, 0x70, 0x0,
    0x1, 0x10, 0x5, 0xff, 0x40, 0x1, 0xdf, 0x60,
    0x9, 0xff, 0xec, 0xff, 0xc0, 0x0, 0x5, 0xce,
    0xfd, 0x70, 0x0,

    /* U+0118 "Ę" */
    0x6f, 0xff, 0xff, 0xff, 0xfc, 0x6, 0xff, 0xee,
    0xee, 0xee, 0xb0, 0x6f, 0xd0, 0x0, 0x0, 0x0,
    0x6, 0xfd, 0x0, 0x0, 0x0, 0x0, 0x6f, 0xd0,
    0x0, 0x0, 0x0, 0x6, 0xff, 0xee, 0xee, 0xee,
    0x40, 0x6f, 0xff, 0xff, 0xff, 0xf4, 0x6, 0xfd,
    0x0, 0x0, 0x0, 0x0, 0x6f, 0xd0, 0x0, 0x0,
    0x0, 0x6, 0xfd, 0x0, 0x0, 0x0, 0x0, 0x6f,
    0xd0, 0x0, 0x0, 0x0, 0x6, 0xfd, 0x0, 0x0,
    0x0, 0x0, 0x6f, 0xfe, 0xee, 0xee, 0xec, 0x6,
    0xff, 0xff, 0xff, 0xff, 0xd0, 0x0, 0x0, 0x0,
    0x2e, 0xe3, 0x0, 0x0, 0x0, 0xa, 0xf4, 0x0,
    0x0, 0x0, 0x0, 0xbf, 0xca, 0x0, 0x0, 0x0,
    0x3, 0xcf, 0xd3,

    /* U+0119 "ę" */
    0x0, 0x5, 0xcf, 0xfb, 0x40, 0x0, 0x9, 0xff,
    0xdd, 0xff, 0x80, 0x5, 0xfe, 0x30, 0x3, 0xff,
    0x30, 0xbf, 0x50, 0x0, 0x8, 0xf9, 0xf, 0xfa,
    0x99, 0x99, 0xbf, 0xc0, 0xff, 0xff, 0xff, 0xff,
    0xfd, 0xf, 0xf2, 0x0, 0x0, 0x0, 0x0, 0xcf,
    0x70, 0x0, 0x1, 0x10, 0x5, 0xff, 0x40, 0x1,
    0xdf, 0xa0, 0x9, 0xff, 0xec, 0xff, 0xf2, 0x0,
    0x5, 0xce, 0xff, 0xf8, 0x0, 0x0, 0x0, 0x2,
    0xfd, 0x0, 0x0, 0x0, 0x0, 0x9f, 0x70, 0x0,
    0x0, 0x0, 0x8, 0xfd, 0xa2, 0x0, 0x0, 0x0,
    0x1b, 0xfe, 0x50,

    /* U+011A "Ě" */
    0x0, 0xbf, 0x30, 0xbf, 0x40, 0x0, 0x1d, 0xe9,
    0xf6, 0x0, 0x0, 0x2, 0xff, 0x90, 0x0, 0x0,
    0x0, 0x0, 0x0, 0x0, 0x0, 0x0, 0x0, 0x0,
    0x0, 0x6f, 0xff, 0xff, 0xff, 0xfc, 0x6f, 0xfe,
    0xee, 0xee, 0xeb, 0x6f, 0xd0, 0x0, 0x0, 0x0,
    0x6f, 0xd0, 0x0, 0x0, 0x0, 0x6f, 0xd0, 0x0,
    0x0, 0x0, 0x6f, 0xd0, 0x0, 0x0, 0x0, 0x6f,
    0xff, 0xff, 0xff, 0xf4, 0x6f, 0xfe, 0xee, 0xee,
    0xe4, 0x6f, 0xd0, 0x0, 0x0, 0x0, 0x6f, 0xd0,
    0x0, 0x0, 0x0, 0x6f, 0xd0, 0x0, 0x0, 0x0,
    0x6f, 0xd0, 0x0, 0x0, 0x0, 0x6f, 0xfe, 0xee,
    0xee, 0xec, 0x6f, 0xff, 0xff, 0xff, 0xfd,

    /* U+011B "ě" */
    0x0, 0x28, 0x50, 0x6, 0x71, 0x0, 0x0, 0xaf,
    0x47, 0xf8, 0x0, 0x0, 0x0, 0xce, 0xfa, 0x0,
    0x0, 0x0, 0x1, 0x87, 0x0, 0x0, 0x0, 0x0,
    0x0, 0x0, 0x0, 0x0, 0x0, 0x5c, 0xff, 0xb4,
    0x0, 0x0, 0x9f, 0xfd, 0xdf, 0xf8, 0x0, 0x5f,
    0xe3, 0x0, 0x3f, 0xf3, 0xb, 0xf5, 0x0, 0x0,
    0x8f, 0x90, 0xff, 0xa9, 0x99, 0x9b, 0xfc, 0xf,
    0xff, 0xff, 0xff, 0xff, 0xd0, 0xff, 0x20, 0x0,
    0x0, 0x0, 0xc, 0xf7, 0x0, 0x0, 0x11, 0x0,
    0x5f, 0xf4, 0x0, 0x1d, 0xf6, 0x0, 0x9f, 0xfe,
    0xcf, 0xfc, 0x0, 0x0, 0x5c, 0xef, 0xd7, 0x0,

    /* U+011C "Ĝ" */
    0x0, 0x0, 0xb, 0xfd, 0x10, 0x0, 0x0, 0x0,
    0x9, 0xf8, 0xfb, 0x0, 0x0, 0x0, 0x7, 0xf9,
    0x6, 0xf9, 0x0, 0x0, 0x0, 0x0, 0x0, 0x0,
    0x0, 0x0, 0x0, 0x0, 0x0, 0x0, 0x0, 0x0,
    0x0, 0x0, 0x3a, 0xdf, 0xec, 0x60, 0x0, 0x0,
    0x8f, 0xff, 0xff, 0xff, 0xd2, 0x0, 0x8f, 0xf9,
    0x30, 0x16, 0xef, 0xd0, 0x2f, 0xf7, 0x0, 0x0,
    0x1, 0xff, 0x68, 0xfc, 0x0, 0x0, 0x0, 0x2,
    0x32, 0xbf, 0x70, 0x0, 0x0, 0x0, 0x0, 0xd,
    0xf5, 0x0, 0x0, 0xcd, 0xdd, 0xda, 0xdf, 0x50,
    0x0, 0xf, 0xff, 0xff, 0xcb, 0xf7, 0x0, 0x0,
    0x0, 0x6, 0xfb, 0x8f, 0xc0, 0x0, 0x0, 0x0,
    0xaf, 0x92, 0xff, 0x70, 0x0, 0x0, 0x3f, 0xf4,
    0x8, 0xff, 0x93, 0x1, 0x6e, 0xfb, 0x0, 0x9,
    0xff, 0xff, 0xff, 0xfc, 0x10, 0x0, 0x3, 0xad,
    0xfe, 0xc6, 0x0, 0x0,

    /* U+011D "ĝ" */
    0x0, 0x0, 0x17, 0x71, 0x0, 0x0, 0x0, 0xc,
    0xff, 0xb0, 0x0, 0x0, 0xa, 0xf5, 0x6f, 0x90,
    0x0, 0x2, 0x86, 0x0, 0x67, 0x10, 0x0, 0x0,
    0x0, 0x0, 0x0, 0x0, 0x0, 0x7d, 0xfd, 0x62,
    0xff, 0x0, 0xbf, 0xfe, 0xef, 0x8f, 0xf0, 0x6f,
    0xf5, 0x0, 0x4f, 0xff, 0xc, 0xf8, 0x0, 0x0,
    0xaf, 0xf0, 0xff, 0x40, 0x0, 0x5, 0xff, 0xf,
    0xf2, 0x0, 0x0, 0x3f, 0xf0, 0xff, 0x30, 0x0,
    0x4, 0xff, 0xd, 0xf8, 0x0, 0x0, 0x8f, 0xf0,
    0x7f, 0xf4, 0x0, 0x4f, 0xff, 0x0, 0xcf, 0xfd,
    0xdf, 0xaf, 0xf0, 0x0, 0x8d, 0xfe, 0x73, 0xff,
    0x0, 0x0, 0x0, 0x0, 0x4f, 0xe0, 0x3b, 0x90,
    0x0, 0x1b, 0xfa, 0x2, 0xef, 0xfc, 0xcf, 0xfe,
    0x10, 0x1, 0x8d, 0xff, 0xd8, 0x10,

    /* U+011E "Ğ" */
    0x0, 0x5, 0xf1, 0x0, 0xe8, 0x0, 0x0, 0x0,
    0x1f, 0xa2, 0x7f, 0x40, 0x0, 0x0, 0x0, 0x5f,
    0xff, 0x80, 0x0, 0x0, 0x0, 0x0, 0x13, 0x10,
    0x0, 0x0, 0x0, 0x0, 0x0, 0x0, 0x0, 0x0,
    0x0, 0x0, 0x3a, 0xdf, 0xec, 0x60, 0x0, 0x0,
    0x8f, 0xff, 0xff, 0xff, 0xd2, 0x0, 0x8f, 0xf9,
    0x30, 0x16, 0xef, 0xd0, 0x2f, 0xf7, 0x0, 0x0,
    0x1, 0xff, 0x68, 0xfc, 0x0, 0x0, 0x0, 0x2,
    0x32, 0xbf, 0x70, 0x0, 0x0, 0x0, 0x0, 0xd,
    0xf5, 0x0, 0x0, 0xcd, 0xdd, 0xda, 0xdf, 0x50,
    0x0, 0xf, 0xff, 0xff, 0xcb, 0xf7, 0x0, 0x0,
    0x0, 0x6, 0xfb, 0x8f, 0xc0, 0x0, 0x0, 0x0,
    0xaf, 0x92, 0xff, 0x70, 0x0, 0x0, 0x3f, 0xf4,
    0x8, 0xff, 0x93, 0x1, 0x6e, 0xfb, 0x0, 0x9,
    0xff, 0xff, 0xff, 0xfc, 0x10, 0x0, 0x3, 0xad,
    0xfe, 0xc6, 0x0, 0x0,

    /* U+011F "ğ" */
    0x0, 0x7, 0x30, 0x3, 0x70, 0x0, 0x0, 0xcc,
    0x23, 0xdc, 0x0, 0x0, 0x2, 0xdf, 0xfd, 0x20,
    0x0, 0x0, 0x0, 0x33, 0x0, 0x0, 0x0, 0x0,
    0x0, 0x0, 0x0, 0x0, 0x0, 0x7d, 0xfd, 0x62,
    0xff, 0x0, 0xbf, 0xfe, 0xef, 0x8f, 0xf0, 0x6f,
    0xf5, 0x0, 0x4f, 0xff, 0xc, 0xf8, 0x0, 0x0,
    0xaf, 0xf0, 0xff, 0x40, 0x0, 0x5, 0xff, 0xf,
    0xf2, 0x0, 0x0, 0x3f, 0xf0, 0xff, 0x30, 0x0,
    0x4, 0xff, 0xd, 0xf8, 0x0, 0x0, 0x8f, 0xf0,
    0x7f, 0xf4, 0x0, 0x4f, 0xff, 0x0, 0xcf, 0xfd,
    0xdf, 0xaf, 0xf0, 0x0, 0x8d, 0xfe, 0x73, 0xff,
    0x0, 0x0, 0x0, 0x0, 0x4f, 0xe0, 0x3b, 0x90,
    0x0, 0x1b, 0xfa, 0x2, 0xef, 0xfc, 0xcf, 0xfe,
    0x10, 0x1, 0x8d, 0xff, 0xd8, 0x10,

    /* U+0120 "Ġ" */
    0x0, 0x0, 0x6, 0xf9, 0x0, 0x0, 0x0, 0x0,
    0x0, 0xaf, 0xe0, 0x0, 0x0, 0x0, 0x0, 0x1,
    0x73, 0x0, 0x0, 0x0, 0x0, 0x0, 0x0, 0x0,
    0x0, 0x0, 0x0, 0x0, 0x0, 0x0, 0x0, 0x0,
    0x0, 0x0, 0x3a, 0xdf, 0xec, 0x60, 0x0, 0x0,
    0x8f, 0xff, 0xff, 0xff, 0xd2, 0x0, 0x8f, 0xf9,
    0x30, 0x16, 0xef, 0xd0, 0x2f, 0xf7, 0x0, 0x0,
    0x1, 0xff, 0x68, 0xfc, 0x0, 0x0, 0x0, 0x2,
    0x32, 0xbf, 0x70, 0x0, 0x0, 0x0, 0x0, 0xd,
    0xf5, 0x0, 0x0, 0xcd, 0xdd, 0xda, 0xdf, 0x50,
    0x0, 0xf, 0xff, 0xff, 0xcb, 0xf7, 0x0, 0x0,
    0x0, 0x6, 0xfb, 0x8f, 0xc0, 0x0, 0x0, 0x0,
    0xaf, 0x92, 0xff, 0x70, 0x0, 0x0, 0x3f, 0xf4,
    0x8, 0xff, 0x93, 0x1, 0x6e, 0xfb, 0x0, 0x9,
    0xff, 0xff, 0xff, 0xfc, 0x10, 0x0, 0x3, 0xad,
    0xfe, 0xc6, 0x0, 0x0,

    /* U+0121 "ġ" */
    0x0, 0x0, 0x5, 0x50, 0x0, 0x0, 0x0, 0x4,
    0xff, 0x40, 0x0, 0x0, 0x0, 0x1e, 0xe1, 0x0,
    0x0, 0x0, 0x0, 0x0, 0x0, 0x0, 0x0, 0x7,
    0xdf, 0xd6, 0x2f, 0xf0, 0xb, 0xff, 0xee, 0xf8,
    0xff, 0x6, 0xff, 0x50, 0x4, 0xff, 0xf0, 0xcf,
    0x80, 0x0, 0xa, 0xff, 0xf, 0xf4, 0x0, 0x0,
    0x5f, 0xf0, 0xff, 0x20, 0x0, 0x3, 0xff, 0xf,
    0xf3, 0x0, 0x0, 0x4f, 0xf0, 0xdf, 0x80, 0x0,
    0x8, 0xff, 0x7, 0xff, 0x40, 0x4, 0xff, 0xf0,
    0xc, 0xff, 0xdd, 0xfa, 0xff, 0x0, 0x8, 0xdf,
    0xe7, 0x3f, 0xf0, 0x0, 0x0, 0x0, 0x4, 0xfe,
    0x3, 0xb9, 0x0, 0x1, 0xbf, 0xa0, 0x2e, 0xff,
    0xcc, 0xff, 0xe1, 0x0, 0x18, 0xdf, 0xfd, 0x81,
    0x0,

    /* U+0122 "Ģ" */
    0x0, 0x3, 0xad, 0xfe, 0xc6, 0x0, 0x0, 0x8,
    0xff, 0xff, 0xff, 0xfd, 0x20, 0x8, 0xff, 0x93,
    0x1, 0x6e, 0xfd, 0x2, 0xff, 0x70, 0x0, 0x0,
    0x1f, 0xf6, 0x8f, 0xc0, 0x0, 0x0, 0x0, 0x23,
    0x2b, 0xf7, 0x0, 0x0, 0x0, 0x0, 0x0, 0xdf,
    0x50, 0x0, 0xc, 0xdd, 0xdd, 0xad, 0xf5, 0x0,
    0x0, 0xff, 0xff, 0xfc, 0xbf, 0x70, 0x0, 0x0,
    0x0, 0x6f, 0xb8, 0xfc, 0x0, 0x0, 0x0, 0xa,
    0xf9, 0x2f, 0xf7, 0x0, 0x0, 0x3, 0xff, 0x40,
    0x8f, 0xf9, 0x30, 0x16, 0xef, 0xb0, 0x0, 0x9f,
    0xff, 0xff, 0xff, 0xc1, 0x0, 0x0, 0x3a, 0xdf,
    0xec, 0x60, 0x0, 0x0, 0x0, 0x0, 0x0, 0x0,
    0x0, 0x0, 0x0, 0x0, 0x9f, 0x60, 0x0, 0x0,
    0x0, 0x0, 0xd, 0xf1, 0x0, 0x0, 0x0, 0x0,
    0x1, 0xfa, 0x0, 0x0, 0x0, 0x0, 0x0, 0x29,
    0x30, 0x0, 0x0, 0x0,

    /* U+0123 "ģ" */
    0x0, 0x0, 0x0, 0x82, 0x0, 0x0, 0x0, 0x0,
    0x6f, 0x50, 0x0, 0x0, 0x0, 0xc, 0xf0, 0x0,
    0x0, 0x0, 0x0, 0xdd, 0x0, 0x0, 0x0, 0x0,
    0x7, 0x60, 0x0, 0x0, 0x0, 0x0, 0x0, 0x0,
    0x0, 0x0, 0x7, 0xdf, 0xd6, 0x2f, 0xf0, 0xb,
    0xff, 0xee, 0xf8, 0xff, 0x6, 0xff, 0x50, 0x4,
    0xff, 0xf0, 0xcf, 0x80, 0x0, 0xa, 0xff, 0xf,
    0xf4, 0x0, 0x0, 0x5f, 0xf0, 0xff, 0x20, 0x0,
    0x3, 0xff, 0xf, 0xf3, 0x0, 0x0, 0x4f, 0xf0,
    0xdf, 0x80, 0x0, 0x8, 0xff, 0x7, 0xff, 0x40,
    0x4, 0xff, 0xf0, 0xc, 0xff, 0xdd, 0xfa, 0xff,
    0x0, 0x8, 0xdf, 0xe7, 0x3f, 0xf0, 0x0, 0x0,
    0x0, 0x4, 0xfe, 0x3, 0xb9, 0x0, 0x1, 0xbf,
    0xa0, 0x2e, 0xff, 0xcc, 0xff, 0xe1, 0x0, 0x18,
    0xdf, 0xfd, 0x81, 0x0,

    /* U+0124 "Ĥ" */
    0x0, 0x0, 0x1d, 0xfb, 0x0, 0x0, 0x0, 0x0,
    0xb, 0xf8, 0xf9, 0x0, 0x0, 0x0, 0x9, 0xf6,
    0x9, 0xf6, 0x0, 0x0, 0x0, 0x0, 0x0, 0x0,
    0x0, 0x0, 0x0, 0x0, 0x0, 0x0, 0x0, 0x0,
    0x6, 0xfd, 0x0, 0x0, 0x0, 0xf, 0xf4, 0x6f,
    0xd0, 0x0, 0x0, 0x0, 0xff, 0x46, 0xfd, 0x0,
    0x0, 0x0, 0xf, 0xf4, 0x6f, 0xd0, 0x0, 0x0,
    0x0, 0xff, 0x46, 0xfd, 0x0, 0x0, 0x0, 0xf,
    0xf4, 0x6f, 0xd0, 0x0, 0x0, 0x0, 0xff, 0x46,
    0xff, 0xff, 0xff, 0xff, 0xff, 0xf4, 0x6f, 0xfe,
    0xee, 0xee, 0xee, 0xff, 0x46, 0xfd, 0x0, 0x0,
    0x0, 0xf, 0xf4, 0x6f, 0xd0, 0x0, 0x0, 0x0,
    0xff, 0x46, 0xfd, 0x0, 0x0, 0x0, 0xf, 0xf4,
    0x6f, 0xd0, 0x0, 0x0, 0x0, 0xff, 0x46, 0xfd,
    0x0, 0x0, 0x0, 0xf, 0xf4, 0x6f, 0xd0, 0x0,
    0x0, 0x0, 0xff, 0x40,

    /* U+0125 "ĥ" */
    0x0, 0xdf, 0xc0, 0x0, 0x0, 0x0, 0xb, 0xf8,
    0xfa, 0x0, 0x0, 0x0, 0x8f, 0x70, 0x7f, 0x70,
    0x0, 0x0, 0x0, 0x0, 0x0, 0x0, 0x0, 0x0,
    0x0, 0x0, 0x0, 0x0, 0x0, 0x0, 0x0, 0x8f,
    0x90, 0x0, 0x0, 0x0, 0x0, 0x8f, 0x90, 0x0,
    0x0, 0x0, 0x0, 0x8f, 0x90, 0x0, 0x0, 0x0,
    0x0, 0x8f, 0x92, 0xbf, 0xea, 0x10, 0x0, 0x8f,
    0xae, 0xff, 0xff, 0xd0, 0x0, 0x8f, 0xf8, 0x0,
    0x5f, 0xf5, 0x0, 0x8f, 0xc0, 0x0, 0xb, 0xf8,
    0x0, 0x8f, 0x90, 0x0, 0x9, 0xf9, 0x0, 0x8f,
    0x90, 0x0, 0x9, 0xf9, 0x0, 0x8f, 0x90, 0x0,
    0x9, 0xf9, 0x0, 0x8f, 0x90, 0x0, 0x9, 0xf9,
    0x0, 0x8f, 0x90, 0x0, 0x9, 0xf9, 0x0, 0x8f,
    0x90, 0x0, 0x9, 0xf9, 0x0, 0x8f, 0x90, 0x0,
    0x9, 0xf9,

    /* U+0126 "Ħ" */
    0x0, 0xff, 0x40, 0x0, 0x0, 0x8, 0xfb, 0x0,
    0xf, 0xf4, 0x0, 0x0, 0x0, 0x8f, 0xb0, 0x18,
    0xff, 0xa8, 0x88, 0x88, 0x8c, 0xfe, 0x72, 0xff,
    0xff, 0xff, 0xff, 0xff, 0xff, 0xfd, 0x0, 0xff,
    0x40, 0x0, 0x0, 0x8, 0xfb, 0x0, 0xf, 0xf4,
    0x0, 0x0, 0x0, 0x8f, 0xb0, 0x0, 0xff, 0xff,
    0xff, 0xff, 0xff, 0xfb, 0x0, 0xf, 0xfe, 0xee,
    0xee, 0xee, 0xff, 0xb0, 0x0, 0xff, 0x40, 0x0,
    0x0, 0x8, 0xfb, 0x0, 0xf, 0xf4, 0x0, 0x0,
    0x0, 0x8f, 0xb0, 0x0, 0xff, 0x40, 0x0, 0x0,
    0x8, 0xfb, 0x0, 0xf, 0xf4, 0x0, 0x0, 0x0,
    0x8f, 0xb0, 0x0, 0xff, 0x40, 0x0, 0x0, 0x8,
    0xfb, 0x0, 0xf, 0xf4, 0x0, 0x0, 0x0, 0x8f,
    0xb0,

    /* U+0127 "ħ" */
    0x2b, 0xfb, 0x22, 0x10, 0x0, 0xf, 0xff, 0xff,
    0xf9, 0x0, 0x0, 0x5e, 0xfe, 0x55, 0x30, 0x0,
    0x0, 0x8f, 0x92, 0xbf, 0xea, 0x10, 0x8, 0xfa,
    0xef, 0xff, 0xfd, 0x0, 0x8f, 0xf8, 0x0, 0x5f,
    0xf5, 0x8, 0xfc, 0x0, 0x0, 0xbf, 0x80, 0x8f,
    0x90, 0x0, 0x9, 0xf9, 0x8, 0xf9, 0x0, 0x0,
    0x9f, 0x90, 0x8f, 0x90, 0x0, 0x9, 0xf9, 0x8,
    0xf9, 0x0, 0x0, 0x9f, 0x90, 0x8f, 0x90, 0x0,
    0x9, 0xf9, 0x8, 0xf9, 0x0, 0x0, 0x9f, 0x90,
    0x8f, 0x90, 0x0, 0x9, 0xf9,

    /* U+0128 "Ĩ" */
    0x0, 0x11, 0x11, 0x11, 0xdf, 0xff, 0xf8, 0x14,
    0x44, 0x43, 0x0, 0x0, 0x0, 0x0, 0x0, 0x0,
    0x0, 0x0, 0x6, 0xfd, 0x0, 0x0, 0x6f, 0xd0,
    0x0, 0x6, 0xfd, 0x0, 0x0, 0x6f, 0xd0, 0x0,
    0x6, 0xfd, 0x0, 0x0, 0x6f, 0xd0, 0x0, 0x6,
    0xfd, 0x0, 0x0, 0x6f, 0xd0, 0x0, 0x6, 0xfd,
    0x0, 0x0, 0x6f, 0xd0, 0x0, 0x6, 0xfd, 0x0,
    0x0, 0x6f, 0xd0, 0x0, 0x6, 0xfd, 0x0, 0x0,
    0x6f, 0xd0, 0x0,

    /* U+0129 "ĩ" */
    0x4, 0x74, 0x7, 0x44, 0xff, 0xff, 0xf4, 0x25,
    0x2, 0x52, 0x0, 0x0, 0x0, 0x0, 0x0, 0x8f,
    0x90, 0x0, 0x8, 0xf9, 0x0, 0x0, 0x8f, 0x90,
    0x0, 0x8, 0xf9, 0x0, 0x0, 0x8f, 0x90, 0x0,
    0x8, 0xf9, 0x0, 0x0, 0x8f, 0x90, 0x0, 0x8,
    0xf9, 0x0, 0x0, 0x8f, 0x90, 0x0, 0x8, 0xf9,
    0x0, 0x0, 0x8f, 0x90, 0x0,

    /* U+012A "Ī" */
    0xf, 0xff, 0xff, 0x70, 0x88, 0x88, 0x84, 0x0,
    0x0, 0x0, 0x0, 0x0, 0x0, 0x0, 0x0, 0x6f,
    0xd0, 0x0, 0x6, 0xfd, 0x0, 0x0, 0x6f, 0xd0,
    0x0, 0x6, 0xfd, 0x0, 0x0, 0x6f, 0xd0, 0x0,
    0x6, 0xfd, 0x0, 0x0, 0x6f, 0xd0, 0x0, 0x6,
    0xfd, 0x0, 0x0, 0x6f, 0xd0, 0x0, 0x6, 0xfd,
    0x0, 0x0, 0x6f, 0xd0, 0x0, 0x6, 0xfd, 0x0,
    0x0, 0x6f, 0xd0, 0x0, 0x6, 0xfd, 0x0,

    /* U+012B "ī" */
    0x3f, 0xff, 0xff, 0x41, 0x88, 0x88, 0x82, 0x0,
    0x0, 0x0, 0x0, 0x8, 0xf9, 0x0, 0x0, 0x8f,
    0x90, 0x0, 0x8, 0xf9, 0x0, 0x0, 0x8f, 0x90,
    0x0, 0x8, 0xf9, 0x0, 0x0, 0x8f, 0x90, 0x0,
    0x8, 0xf9, 0x0, 0x0, 0x8f, 0x90, 0x0, 0x8,
    0xf9, 0x0, 0x0, 0x8f, 0x90, 0x0, 0x8, 0xf9,
    0x0,

    /* U+012C "Ĭ" */
    0x3f, 0x30, 0xc, 0xb0, 0xeb, 0x25, 0xf6, 0x3,
    0xef, 0xf9, 0x0, 0x0, 0x32, 0x0, 0x0, 0x0,
    0x0, 0x0, 0x6, 0xfd, 0x0, 0x0, 0x6f, 0xd0,
    0x0, 0x6, 0xfd, 0x0, 0x0, 0x6f, 0xd0, 0x0,
    0x6, 0xfd, 0x0, 0x0, 0x6f, 0xd0, 0x0, 0x6,
    0xfd, 0x0, 0x0, 0x6f, 0xd0, 0x0, 0x6, 0xfd,
    0x0, 0x0, 0x6f, 0xd0, 0x0, 0x6, 0xfd, 0x0,
    0x0, 0x6f, 0xd0, 0x0, 0x6, 0xfd, 0x0, 0x0,
    0x6f, 0xd0, 0x0,

    /* U+012D "ĭ" */
    0x6f, 0x52, 0x5f, 0x60, 0xaf, 0xff, 0xa0, 0x0,
    0x13, 0x20, 0x0, 0x0, 0x0, 0x0, 0x0, 0x8f,
    0x90, 0x0, 0x8, 0xf9, 0x0, 0x0, 0x8f, 0x90,
    0x0, 0x8, 0xf9, 0x0, 0x0, 0x8f, 0x90, 0x0,
    0x8, 0xf9, 0x0, 0x0, 0x8f, 0x90, 0x0, 0x8,
    0xf9, 0x0, 0x0, 0x8f, 0x90, 0x0, 0x8, 0xf9,
    0x0, 0x0, 0x8f, 0x90, 0x0,

    /* U+012E "Į" */
    0x6, 0xfd, 0x0, 0x6f, 0xd0, 0x6, 0xfd, 0x0,
    0x6f, 0xd0, 0x6, 0xfd, 0x0, 0x6f, 0xd0, 0x6,
    0xfd, 0x0, 0x6f, 0xd0, 0x6, 0xfd, 0x0, 0x6f,
    0xd0, 0x6, 0xfd, 0x0, 0x6f, 0xd0, 0x6, 0xfd,
    0x0, 0x7f, 0xd0, 0x2e, 0xe3, 0xa, 0xf4, 0x0,
    0xbf, 0xca, 0x2, 0xcf, 0xd3,

    /* U+012F "į" */
    0x0, 0x17, 0x20, 0x0, 0xbf, 0xc0, 0x0, 0x7f,
    0x80, 0x0, 0x0, 0x0, 0x0, 0x8f, 0x90, 0x0,
    0x8f, 0x90, 0x0, 0x8f, 0x90, 0x0, 0x8f, 0x90,
    0x0, 0x8f, 0x90, 0x0, 0x8f, 0x90, 0x0, 0x8f,
    0x90, 0x0, 0x8f, 0x90, 0x0, 0x8f, 0x90, 0x0,
    0x8f, 0x90, 0x0, 0xaf, 0x90, 0x4, 0xfc, 0x10,
    0xe, 0xf1, 0x0, 0xf, 0xfb, 0x80, 0x5, 0xdf,
    0xc0,

    /* U+0130 "İ" */
    0x7, 0x40, 0x8f, 0xf0, 0x4e, 0xb0, 0x0, 0x0,
    0x0, 0x0, 0x6f, 0xd0, 0x6f, 0xd0, 0x6f, 0xd0,
    0x6f, 0xd0, 0x6f, 0xd0, 0x6f, 0xd0, 0x6f, 0xd0,
    0x6f, 0xd0, 0x6f, 0xd0, 0x6f, 0xd0, 0x6f, 0xd0,
    0x6f, 0xd0, 0x6f, 0xd0, 0x6f, 0xd0,

    /* U+0131 "ı" */
    0x8f, 0x98, 0xf9, 0x8f, 0x98, 0xf9, 0x8f, 0x98,
    0xf9, 0x8f, 0x98, 0xf9, 0x8f, 0x98, 0xf9, 0x8f,
    0x90,

    /* U+0132 "Ĳ" */
    0x6f, 0xd0, 0x0, 0x0, 0x0, 0x0, 0xef, 0x56,
    0xfd, 0x0, 0x0, 0x0, 0x0, 0xe, 0xf5, 0x6f,
    0xd0, 0x0, 0x0, 0x0, 0x0, 0xef, 0x56, 0xfd,
    0x0, 0x0, 0x0, 0x0, 0xe, 0xf5, 0x6f, 0xd0,
    0x0, 0x0, 0x0, 0x0, 0xef, 0x56, 0xfd, 0x0,
    0x0, 0x0, 0x0, 0xe, 0xf5, 0x6f, 0xd0, 0x0,
    0x0, 0x0, 0x0, 0xef, 0x56, 0xfd, 0x0, 0x0,
    0x0, 0x0, 0xe, 0xf5, 0x6f, 0xd0, 0x0, 0x0,
    0x0, 0x0, 0xef, 0x56, 0xfd, 0x0, 0x9e, 0x80,
    0x0, 0xe, 0xf5, 0x6f, 0xd0, 0xa, 0xfa, 0x0,
    0x0, 0xff, 0x46, 0xfd, 0x0, 0x6f, 0xf2, 0x0,
    0x6f, 0xf1, 0x6f, 0xd0, 0x0, 0xcf, 0xfb, 0xcf,
    0xf7, 0x6, 0xfd, 0x0, 0x0, 0x8d, 0xff, 0xc5,
    0x0,

    /* U+0133 "ĳ" */
    0x17, 0x20, 0x1, 0x72, 0xbf, 0xc0, 0xb, 0xfd,
    0x7f, 0x80, 0x7, 0xf9, 0x0, 0x0, 0x0, 0x0,
    0x8f, 0x90, 0x8, 0xfa, 0x8f, 0x90, 0x8, 0xfa,
    0x8f, 0x90, 0x8, 0xfa, 0x8f, 0x90, 0x8, 0xfa,
    0x8f, 0x90, 0x8, 0xfa, 0x8f, 0x90, 0x8, 0xfa,
    0x8f, 0x90, 0x8, 0xfa, 0x8f, 0x90, 0x8, 0xfa,
    0x8f, 0x90, 0x8, 0xfa, 0x8f, 0x90, 0x8, 0xfa,
    0x8f, 0x90, 0x8, 0xfa, 0x0, 0x0, 0x8, 0xfa,
    0x0, 0x0, 0xc, 0xf8, 0x0, 0x4, 0xef, 0xf2,
    0x0, 0x4, 0xfc, 0x40,

    /* U+0134 "Ĵ" */
    0x0, 0x0, 0x0, 0x9, 0xff, 0x20, 0x0, 0x0,
    0x0, 0x6, 0xf9, 0xed, 0x10, 0x0, 0x0, 0x4,
    0xfb, 0x3, 0xfb, 0x0, 0x0, 0x0, 0x0, 0x0,
    0x0, 0x0, 0x0, 0x0, 0x0, 0x0, 0x0, 0x0,
    0x0, 0x0, 0x0, 0x0, 0x5f, 0xe0, 0x0, 0x0,
    0x0, 0x0, 0x5, 0xfe, 0x0, 0x0, 0x0, 0x0,
    0x0, 0x5f, 0xe0, 0x0, 0x0, 0x0, 0x0, 0x5,
    0xfe, 0x0, 0x0, 0x0, 0x0, 0x0, 0x5f, 0xe0,
    0x0, 0x0, 0x0, 0x0, 0x5, 0xfe, 0x0, 0x0,
    0x0, 0x0, 0x0, 0x5f, 0xe0, 0x0, 0x0, 0x0,
    0x0, 0x5, 0xfe, 0x0, 0x0, 0x0, 0x0, 0x0,
    0x5f, 0xe0, 0x0, 0x1f, 0xf1, 0x0, 0x5, 0xfe,
    0x0, 0x0, 0xff, 0x30, 0x0, 0x7f, 0xd0, 0x0,
    0xc, 0xfc, 0x10, 0x2e, 0xf9, 0x0, 0x0, 0x4f,
    0xff, 0xef, 0xfe, 0x10, 0x0, 0x0, 0x3a, 0xef,
    0xe9, 0x10, 0x0, 0x0,

    /* U+0135 "ĵ" */
    0x1, 0xdf, 0xd1, 0x1, 0xde, 0x3e, 0xd1, 0x58,
    0x20, 0x28, 0x50, 0x0, 0x0, 0x0, 0x0, 0x9f,
    0x90, 0x0, 0x9, 0xf9, 0x0, 0x0, 0x9f, 0x90,
    0x0, 0x9, 0xf9, 0x0, 0x0, 0x9f, 0x90, 0x0,
    0x9, 0xf9, 0x0, 0x0, 0x9f, 0x90, 0x0, 0x9,
    0xf9, 0x0, 0x0, 0x9f, 0x90, 0x0, 0x9, 0xf9,
    0x0, 0x0, 0x9f, 0x90, 0x0, 0x9, 0xf9, 0x0,
    0x0, 0xcf, 0x70, 0x4, 0xef, 0xf2, 0x0, 0x5f,
    0xc3, 0x0, 0x0,

    /* U+0136 "Ķ" */
    0x6f, 0xd0, 0x0, 0x0, 0x3f, 0xfa, 0x6, 0xfd,
    0x0, 0x0, 0x2e, 0xfb, 0x0, 0x6f, 0xd0, 0x0,
    0x2e, 0xfc, 0x0, 0x6, 0xfd, 0x0, 0x1d, 0xfc,
    0x0, 0x0, 0x6f, 0xd0, 0xd, 0xfd, 0x10, 0x0,
    0x6, 0xfd, 0xb, 0xfd, 0x10, 0x0, 0x0, 0x6f,
    0xd9, 0xff, 0xb0, 0x0, 0x0, 0x6, 0xff, 0xfd,
    0xff, 0x70, 0x0, 0x0, 0x6f, 0xfd, 0x16, 0xff,
    0x30, 0x0, 0x6, 0xfe, 0x10, 0xa, 0xfe, 0x10,
    0x0, 0x6f, 0xd0, 0x0, 0x1e, 0xfa, 0x0, 0x6,
    0xfd, 0x0, 0x0, 0x3f, 0xf6, 0x0, 0x6f, 0xd0,
    0x0, 0x0, 0x8f, 0xf2, 0x6, 0xfd, 0x0, 0x0,
    0x0, 0xcf, 0xd0, 0x0, 0x0, 0x0, 0x0, 0x0,
    0x0, 0x0, 0x0, 0x3, 0xfc, 0x0, 0x0, 0x0,
    0x0, 0x0, 0x7f, 0x70, 0x0, 0x0, 0x0, 0x0,
    0xa, 0xf1, 0x0, 0x0, 0x0, 0x0, 0x0, 0x87,
    0x0, 0x0, 0x0, 0x0,

    /* U+0137 "ķ" */
    0x8f, 0x90, 0x0, 0x0, 0x0, 0x8f, 0x90, 0x0,
    0x0, 0x0, 0x8f, 0x90, 0x0, 0x0, 0x0, 0x8f,
    0x90, 0x0, 0x5f, 0xf3, 0x8f, 0x90, 0x4, 0xff,
    0x40, 0x8f, 0x90, 0x3f, 0xf5, 0x0, 0x8f, 0x93,
    0xff, 0x60, 0x0, 0x8f, 0xce, 0xf9, 0x0, 0x0,
    0x8f, 0xff, 0xfc, 0x0, 0x0, 0x8f, 0xf5, 0xef,
    0x90, 0x0, 0x8f, 0x90, 0x4f, 0xf5, 0x0, 0x8f,
    0x90, 0x8, 0xff, 0x20, 0x8f, 0x90, 0x0, 0xcf,
    0xd0, 0x8f, 0x90, 0x0, 0x1e, 0xf9, 0x0, 0x0,
    0x0, 0x0, 0x0, 0x0, 0x6, 0xf9, 0x0, 0x0,
    0x0, 0xa, 0xf3, 0x0, 0x0, 0x0, 0xe, 0xd0,
    0x0, 0x0, 0x0, 0x9, 0x50, 0x0, 0x0,

    /* U+0138 "ĸ" */
    0x8f, 0x90, 0x0, 0x4f, 0xf5, 0x8f, 0x90, 0x1,
    0xef, 0x80, 0x8f, 0x90, 0xb, 0xfb, 0x0, 0x8f,
    0x90, 0x6f, 0xe1, 0x0, 0x8f, 0x92, 0xff, 0x30,
    0x0, 0x8f, 0xff, 0xf7, 0x0, 0x0, 0x8f, 0xcb,
    0xfc, 0x0, 0x0, 0x8f, 0x90, 0xcf, 0xa0, 0x0,
    0x8f, 0x90, 0x1e, 0xf8, 0x0, 0x8f, 0x90, 0x3,
    0xff, 0x50, 0x8f, 0x90, 0x0, 0x6f, 0xf3,

    /* U+0139 "Ĺ" */
    0x0, 0xde, 0x20, 0x0, 0x0, 0x7, 0xf7, 0x0,
    0x0, 0x0, 0xe, 0xc0, 0x0, 0x0, 0x0, 0x0,
    0x0, 0x0, 0x0, 0x0, 0x0, 0x0, 0x0, 0x0,
    0x0, 0x6f, 0xd0, 0x0, 0x0, 0x0, 0x6f, 0xd0,
    0x0, 0x0, 0x0, 0x6f, 0xd0, 0x0, 0x0, 0x0,
    0x6f, 0xd0, 0x0, 0x0, 0x0, 0x6f, 0xd0, 0x0,
    0x0, 0x0, 0x6f, 0xd0, 0x0, 0x0, 0x0, 0x6f,
    0xd0, 0x0, 0x0, 0x0, 0x6f, 0xd0, 0x0, 0x0,
    0x0, 0x6f, 0xd0, 0x0, 0x0, 0x0, 0x6f, 0xd0,
    0x0, 0x0, 0x0, 0x6f, 0xd0, 0x0, 0x0, 0x0,
    0x6f, 0xd0, 0x0, 0x0, 0x0, 0x6f, 0xfe, 0xee,
    0xee, 0xe6, 0x6f, 0xff, 0xff, 0xff, 0xf7,

    /* U+013A "ĺ" */
    0x2, 0xec, 0x0, 0xaf, 0x40, 0x2f, 0xa0, 0x0,
    0x0, 0x0, 0x0, 0x0, 0x8, 0xf9, 0x0, 0x8f,
    0x90, 0x8, 0xf9, 0x0, 0x8f, 0x90, 0x8, 0xf9,
    0x0, 0x8f, 0x90, 0x8, 0xf9, 0x0, 0x8f, 0x90,
    0x8, 0xf9, 0x0, 0x8f, 0x90, 0x8, 0xf9, 0x0,
    0x8f, 0x90, 0x8, 0xf9, 0x0, 0x8f, 0x90, 0x0,

    /* U+013B "Ļ" */
    0x6f, 0xd0, 0x0, 0x0, 0x0, 0x6f, 0xd0, 0x0,
    0x0, 0x0, 0x6f, 0xd0, 0x0, 0x0, 0x0, 0x6f,
    0xd0, 0x0, 0x0, 0x0, 0x6f, 0xd0, 0x0, 0x0,
    0x0, 0x6f, 0xd0, 0x0, 0x0, 0x0, 0x6f, 0xd0,
    0x0, 0x0, 0x0, 0x6f, 0xd0, 0x0, 0x0, 0x0,
    0x6f, 0xd0, 0x0, 0x0, 0x0, 0x6f, 0xd0, 0x0,
    0x0, 0x0, 0x6f, 0xd0, 0x0, 0x0, 0x0, 0x6f,
    0xd0, 0x0, 0x0, 0x0, 0x6f, 0xfe, 0xee, 0xee,
    0xe6, 0x6f, 0xff, 0xff, 0xff, 0xf7, 0x0, 0x0,
    0x0, 0x0, 0x0, 0x0, 0x2, 0xfd, 0x0, 0x0,
    0x0, 0x6, 0xf7, 0x0, 0x0, 0x0, 0xa, 0xf2,
    0x0, 0x0, 0x0, 0x7, 0x70, 0x0, 0x0,

    /* U+013C "ļ" */
    0x8, 0xf9, 0x8, 0xf9, 0x8, 0xf9, 0x8, 0xf9,
    0x8, 0xf9, 0x8, 0xf9, 0x8, 0xf9, 0x8, 0xf9,
    0x8, 0xf9, 0x8, 0xf9, 0x8, 0xf9, 0x8, 0xf9,
    0x8, 0xf9, 0x8, 0xf9, 0x0, 0x0, 0xa, 0xf5,
    0xe, 0xf0, 0x1f, 0xa0, 0x29, 0x30,

    /* U+013D "Ľ" */
    0x0, 0x0, 0xc, 0xf1, 0x0, 0x6f, 0xd0, 0xc,
    0xe0, 0x0, 0x6f, 0xd0, 0xc, 0xc0, 0x0, 0x6f,
    0xd0, 0x8, 0x70, 0x0, 0x6f, 0xd0, 0x0, 0x0,
    0x0, 0x6f, 0xd0, 0x0, 0x0, 0x0, 0x6f, 0xd0,
    0x0, 0x0, 0x0, 0x6f, 0xd0, 0x0, 0x0, 0x0,
    0x6f, 0xd0, 0x0, 0x0, 0x0, 0x6f, 0xd0, 0x0,
    0x0, 0x0, 0x6f, 0xd0, 0x0, 0x0, 0x0, 0x6f,
    0xd0, 0x0, 0x0, 0x0, 0x6f, 0xd0, 0x0, 0x0,
    0x0, 0x6f, 0xfe, 0xee, 0xee, 0xe6, 0x6f, 0xff,
    0xff, 0xff, 0xf7,

    /* U+013E "ľ" */
    0x0, 0x1, 0xfc, 0x8f, 0x91, 0xfa, 0x8f, 0x91,
    0xf8, 0x8f, 0x90, 0xb4, 0x8f, 0x90, 0x0, 0x8f,
    0x90, 0x0, 0x8f, 0x90, 0x0, 0x8f, 0x90, 0x0,
    0x8f, 0x90, 0x0, 0x8f, 0x90, 0x0, 0x8f, 0x90,
    0x0, 0x8f, 0x90, 0x0, 0x8f, 0x90, 0x0, 0x8f,
    0x90, 0x0, 0x8f, 0x90, 0x0,

    /* U+013F "Ŀ" */
    0x6f, 0xd0, 0x0, 0x0, 0x0, 0x6f, 0xd0, 0x0,
    0x0, 0x0, 0x6f, 0xd0, 0x0, 0x0, 0x0, 0x6f,
    0xd0, 0x0, 0x0, 0x0, 0x6f, 0xd0, 0x5, 0x60,
    0x0, 0x6f, 0xd0, 0x3f, 0xf5, 0x0, 0x6f, 0xd0,
    0x1d, 0xe2, 0x0, 0x6f, 0xd0, 0x0, 0x0, 0x0,
    0x6f, 0xd0, 0x0, 0x0, 0x0, 0x6f, 0xd0, 0x0,
    0x0, 0x0, 0x6f, 0xd0, 0x0, 0x0, 0x0, 0x6f,
    0xd0, 0x0, 0x0, 0x0, 0x6f, 0xfe, 0xee, 0xee,
    0xe6, 0x6f, 0xff, 0xff, 0xff, 0xf7,

    /* U+0140 "ŀ" */
    0x8f, 0x90, 0x0, 0x8, 0xf9, 0x0, 0x0, 0x8f,
    0x90, 0x0, 0x8, 0xf9, 0x0, 0x0, 0x8f, 0x90,
    0x0, 0x8, 0xf9, 0x8, 0xc3, 0x8f, 0x91, 0xff,
    0xa8, 0xf9, 0xb, 0xf5, 0x8f, 0x90, 0x0, 0x8,
    0xf9, 0x0, 0x0, 0x8f, 0x90, 0x0, 0x8, 0xf9,
    0x0, 0x0, 0x8f, 0x90, 0x0, 0x8, 0xf9, 0x0,
    0x0,

    /* U+0141 "Ł" */
    0x0, 0xbf, 0x80, 0x0, 0x0, 0x0, 0x0, 0xbf,
    0x80, 0x0, 0x0, 0x0, 0x0, 0xbf, 0x80, 0x0,
    0x0, 0x0, 0x0, 0xbf, 0x80, 0x7, 0x0, 0x0,
    0x0, 0xbf, 0x85, 0xef, 0x0, 0x0, 0x0, 0xbf,
    0xff, 0xf8, 0x0, 0x0, 0x2, 0xff, 0xfa, 0x10,
    0x0, 0x0, 0x6f, 0xff, 0xa0, 0x0, 0x0, 0x0,
    0x9d, 0xff, 0x80, 0x0, 0x0, 0x0, 0x20, 0xbf,
    0x80, 0x0, 0x0, 0x0, 0x0, 0xbf, 0x80, 0x0,
    0x0, 0x0, 0x0, 0xbf, 0x80, 0x0, 0x0, 0x0,
    0x0, 0xbf, 0xfe, 0xee, 0xee, 0xe1, 0x0, 0xbf,
    0xff, 0xff, 0xff, 0xf1,

    /* U+0142 "ł" */
    0x0, 0x8f, 0x90, 0x0, 0x8, 0xf9, 0x0, 0x0,
    0x8f, 0x90, 0x0, 0x8, 0xf9, 0x31, 0x0, 0x8f,
    0xff, 0x20, 0x1f, 0xff, 0x80, 0x1e, 0xff, 0xb0,
    0x2, 0xbb, 0xf9, 0x0, 0x0, 0x8f, 0x90, 0x0,
    0x8, 0xf9, 0x0, 0x0, 0x8f, 0x90, 0x0, 0x8,
    0xf9, 0x0, 0x0, 0x8f, 0x90, 0x0, 0x8, 0xf9,
    0x0,

    /* U+0143 "Ń" */
    0x0, 0x0, 0x0, 0x2e, 0xd0, 0x0, 0x0, 0x0,
    0x0, 0x9, 0xf5, 0x0, 0x0, 0x0, 0x0, 0x1,
    0xfa, 0x0, 0x0, 0x0, 0x0, 0x0, 0x0, 0x0,
    0x0, 0x0, 0x0, 0x0, 0x0, 0x0, 0x0, 0x0,
    0x6, 0xff, 0x80, 0x0, 0x0, 0xb, 0xf8, 0x6f,
    0xff, 0x30, 0x0, 0x0, 0xbf, 0x86, 0xff, 0xfc,
    0x0, 0x0, 0xb, 0xf8, 0x6f, 0xbc, 0xf7, 0x0,
    0x0, 0xbf, 0x86, 0xfc, 0x3f, 0xf2, 0x0, 0xb,
    0xf8, 0x6f, 0xd0, 0xaf, 0xc0, 0x0, 0xbf, 0x86,
    0xfd, 0x1, 0xef, 0x70, 0xb, 0xf8, 0x6f, 0xe0,
    0x5, 0xff, 0x20, 0xbf, 0x86, 0xfe, 0x0, 0xa,
    0xfb, 0xb, 0xf8, 0x6f, 0xe0, 0x0, 0x1e, 0xf5,
    0xbf, 0x86, 0xfe, 0x0, 0x0, 0x5f, 0xea, 0xf8,
    0x6f, 0xe0, 0x0, 0x0, 0xbf, 0xff, 0x86, 0xfe,
    0x0, 0x0, 0x1, 0xff, 0xf8, 0x6f, 0xe0, 0x0,
    0x0, 0x6, 0xff, 0x80,

    /* U+0144 "ń" */
    0x0, 0x0, 0xb, 0xf6, 0x0, 0x0, 0x0, 0x3f,
    0xb0, 0x0, 0x0, 0x0, 0x9d, 0x10, 0x0, 0x0,
    0x0, 0x0, 0x0, 0x0, 0x8f, 0x83, 0xbf, 0xea,
    0x10, 0x8f, 0xaf, 0xdc, 0xff, 0xd0, 0x8f, 0xf6,
    0x0, 0x3f, 0xf5, 0x8f, 0xc0, 0x0, 0xa, 0xf8,
    0x8f, 0x90, 0x0, 0x9, 0xf9, 0x8f, 0x90, 0x0,
    0x9, 0xf9, 0x8f, 0x90, 0x0, 0x9, 0xf9, 0x8f,
    0x90, 0x0, 0x9, 0xf9, 0x8f, 0x90, 0x0, 0x9,
    0xf9, 0x8f, 0x90, 0x0, 0x9, 0xf9, 0x8f, 0x90,
    0x0, 0x9, 0xf9,

    /* U+0145 "Ņ" */
    0x6f, 0xf8, 0x0, 0x0, 0x0, 0xbf, 0x86, 0xff,
    0xf3, 0x0, 0x0, 0xb, 0xf8, 0x6f, 0xff, 0xc0,
    0x0, 0x0, 0xbf, 0x86, 0xfb, 0xcf, 0x70, 0x0,
    0xb, 0xf8, 0x6f, 0xc3, 0xff, 0x20, 0x0, 0xbf,
    0x86, 0xfd, 0xa, 0xfc, 0x0, 0xb, 0xf8, 0x6f,
    0xd0, 0x1e, 0xf7, 0x0, 0xbf, 0x86, 0xfe, 0x0,
    0x5f, 0xf2, 0xb, 0xf8, 0x6f, 0xe0, 0x0, 0xaf,
    0xb0, 0xbf, 0x86, 0xfe, 0x0, 0x1, 0xef, 0x5b,
    0xf8, 0x6f, 0xe0, 0x0, 0x5, 0xfe, 0xaf, 0x86,
    0xfe, 0x0, 0x0, 0xb, 0xff, 0xf8, 0x6f, 0xe0,
    0x0, 0x0, 0x1f, 0xff, 0x86, 0xfe, 0x0, 0x0,
    0x0, 0x6f, 0xf8, 0x0, 0x0, 0x0, 0x0, 0x0,
    0x0, 0x0, 0x0, 0x0, 0x9f, 0x60, 0x0, 0x0,
    0x0, 0x0, 0xd, 0xf1, 0x0, 0x0, 0x0, 0x0,
    0x1, 0xfa, 0x0, 0x0, 0x0, 0x0, 0x0, 0x29,
    0x30, 0x0, 0x0, 0x0,

    /* U+0146 "ņ" */
    0x8f, 0x83, 0xbf, 0xea, 0x10, 0x8f, 0xaf, 0xdc,
    0xff, 0xd0, 0x8f, 0xf6, 0x0, 0x3f, 0xf5, 0x8f,
    0xc0, 0x0, 0xa, 0xf8, 0x8f, 0x90, 0x0, 0x9,
    0xf9, 0x8f, 0x90, 0x0, 0x9, 0xf9, 0x8f, 0x90,
    0x0, 0x9, 0xf9, 0x8f, 0x90, 0x0, 0x9, 0xf9,
    0x8f, 0x90, 0x0, 0x9, 0xf9, 0x8f, 0x90, 0x0,
    0x9, 0xf9, 0x8f, 0x90, 0x0, 0x9, 0xf9, 0x0,
    0x0, 0x0, 0x0, 0x0, 0x0, 0x2, 0xfd, 0x0,
    0x0, 0x0, 0x6, 0xf8, 0x0, 0x0, 0x0, 0x9,
    0xf2, 0x0, 0x0, 0x0, 0x7, 0x70, 0x0, 0x0,

    /* U+0147 "Ň" */
    0x0, 0x6, 0xf8, 0x6, 0xf9, 0x0, 0x0, 0x0,
    0x9, 0xf8, 0xfc, 0x0, 0x0, 0x0, 0x0, 0xc,
    0xfd, 0x10, 0x0, 0x0, 0x0, 0x0, 0x0, 0x0,
    0x0, 0x0, 0x0, 0x0, 0x0, 0x0, 0x0, 0x0,
    0x6, 0xff, 0x80, 0x0, 0x0, 0xb, 0xf8, 0x6f,
    0xff, 0x30, 0x0, 0x0, 0xbf, 0x86, 0xff, 0xfc,
    0x0, 0x0, 0xb, 0xf8, 0x6f, 0xbc, 0xf7, 0x0,
    0x0, 0xbf, 0x86, 0xfc, 0x3f, 0xf2, 0x0, 0xb,
    0xf8, 0x6f, 0xd0, 0xaf, 0xc0, 0x0, 0xbf, 0x86,
    0xfd, 0x1, 0xef, 0x70, 0xb, 0xf8, 0x6f, 0xe0,
    0x5, 0xff, 0x20, 0xbf, 0x86, 0xfe, 0x0, 0xa,
    0xfb, 0xb, 0xf8, 0x6f, 0xe0, 0x0, 0x1e, 0xf5,
    0xbf, 0x86, 0xfe, 0x0, 0x0, 0x5f, 0xea, 0xf8,
    0x6f, 0xe0, 0x0, 0x0, 0xbf, 0xff, 0x86, 0xfe,
    0x0, 0x0, 0x1, 0xff, 0xf8, 0x6f, 0xe0, 0x0,
    0x0, 0x6, 0xff, 0x80,

    /* U+0148 "ň" */
    0x1, 0xde, 0x22, 0xed, 0x10, 0x0, 0x1d, 0xed,
    0xd1, 0x0, 0x0, 0x1, 0x77, 0x10, 0x0, 0x0,
    0x0, 0x0, 0x0, 0x0, 0x8f, 0x83, 0xbf, 0xea,
    0x10, 0x8f, 0xaf, 0xdc, 0xff, 0xd0, 0x8f, 0xf6,
    0x0, 0x3f, 0xf5, 0x8f, 0xc0, 0x0, 0xa, 0xf8,
    0x8f, 0x90, 0x0, 0x9, 0xf9, 0x8f, 0x90, 0x0,
    0x9, 0xf9, 0x8f, 0x90, 0x0, 0x9, 0xf9, 0x8f,
    0x90, 0x0, 0x9, 0xf9, 0x8f, 0x90, 0x0, 0x9,
    0xf9, 0x8f, 0x90, 0x0, 0x9, 0xf9, 0x8f, 0x90,
    0x0, 0x9, 0xf9,

    /* U+014A "Ŋ" */
    0x6f, 0xf8, 0x0, 0x0, 0x0, 0xbf, 0x86, 0xff,
    0xf3, 0x0, 0x0, 0xb, 0xf8, 0x6f, 0xff, 0xc0,
    0x0, 0x0, 0xbf, 0x86, 0xfb, 0xcf, 0x70, 0x0,
    0xb, 0xf8, 0x6f, 0xc3, 0xff, 0x20, 0x0, 0xbf,
    0x86, 0xfd, 0xa, 0xfc, 0x0, 0xb, 0xf8, 0x6f,
    0xd0, 0x1e, 0xf7, 0x0, 0xbf, 0x86, 0xfe, 0x0,
    0x5f, 0xf2, 0xb, 0xf8, 0x6f, 0xe0, 0x0, 0xaf,
    0xb0, 0xbf, 0x86, 0xfe, 0x0, 0x1, 0xef, 0x5b,
    0xf8, 0x6f, 0xe0, 0x0, 0x5, 0xfe, 0xaf, 0x86,
    0xfe, 0x0, 0x0, 0xb, 0xff, 0xf8, 0x6f, 0xe0,
    0x0, 0x0, 0x1f, 0xff, 0x86, 0xfe, 0x0, 0x0,
    0x0, 0x6f, 0xf9, 0x0, 0x0, 0x0, 0x0, 0x0,
    0xaf, 0x90, 0x0, 0x0, 0x0, 0x0, 0xb, 0xf9,
    0x0, 0x0, 0x0, 0x0, 0x9e, 0xff, 0x50, 0x0,
    0x0, 0x0, 0x9, 0xfe, 0x80,

    /* U+014B "ŋ" */
    0x8f, 0x83, 0xbf, 0xea, 0x10, 0x8f, 0xaf, 0xdc,
    0xff, 0xd0, 0x8f, 0xf6, 0x0, 0x3f, 0xf5, 0x8f,
    0xc0, 0x0, 0xa, 0xf8, 0x8f, 0x90, 0x0, 0x9,
    0xf9, 0x8f, 0x90, 0x0, 0x9, 0xf9, 0x8f, 0x90,
    0x0, 0x9, 0xf9, 0x8f, 0x90, 0x0, 0x9, 0xf9,
    0x8f, 0x90, 0x0, 0x9, 0xf9, 0x8f, 0x90, 0x0,
    0x9, 0xf9, 0x8f, 0x90, 0x0, 0x9, 0xf9, 0x0,
    0x0, 0x0, 0x9, 0xf9, 0x0, 0x0, 0x0, 0xa,
    0xf8, 0x0, 0x0, 0x9, 0xef, 0xf5, 0x0, 0x0,
    0x9, 0xfe, 0x70,

    /* U+014C "Ō" */
    0x0, 0x0, 0x88, 0x88, 0x83, 0x0, 0x0, 0x0,
    0x1, 0xff, 0xff, 0xf6, 0x0, 0x0, 0x0, 0x0,
    0x0, 0x0, 0x0, 0x0, 0x0, 0x0, 0x0, 0x0,
    0x0, 0x0, 0x0, 0x0, 0x0, 0x0, 0x0, 0x0,
    0x0, 0x0, 0x0, 0x0, 0x3, 0xad, 0xfe, 0xb5,
    0x0, 0x0, 0x0, 0x8f, 0xff, 0xff, 0xff, 0xc1,
    0x0, 0x7, 0xff, 0x93, 0x1, 0x6f, 0xfc, 0x0,
    0x2f, 0xf7, 0x0, 0x0, 0x2, 0xff, 0x70, 0x8f,
    0xc0, 0x0, 0x0, 0x0, 0x7f, 0xd0, 0xbf, 0x70,
    0x0, 0x0, 0x0, 0x2f, 0xf1, 0xdf, 0x50, 0x0,
    0x0, 0x0, 0xf, 0xf2, 0xdf, 0x50, 0x0, 0x0,
    0x0, 0xf, 0xf2, 0xbf, 0x70, 0x0, 0x0, 0x0,
    0x2f, 0xf1, 0x8f, 0xc0, 0x0, 0x0, 0x0, 0x7f,
    0xd0, 0x2f, 0xf6, 0x0, 0x0, 0x2, 0xff, 0x70,
    0x8, 0xff, 0x93, 0x1, 0x6e, 0xfc, 0x0, 0x0,
    0x8f, 0xff, 0xff, 0xff, 0xc1, 0x0, 0x0, 0x3,
    0xad, 0xfe, 0xb6, 0x0, 0x0,

    /* U+014D "ō" */
    0x0, 0xb, 0xff, 0xff, 0xc0, 0x0, 0x0, 0x5,
    0x88, 0x88, 0x60, 0x0, 0x0, 0x0, 0x0, 0x0,
    0x0, 0x0, 0x0, 0x5, 0xce, 0xfc, 0x60, 0x0,
    0x0, 0x9f, 0xfe, 0xef, 0xfa, 0x0, 0x5, 0xff,
    0x50, 0x4, 0xff, 0x60, 0xb, 0xf8, 0x0, 0x0,
    0x7f, 0xd0, 0xf, 0xf3, 0x0, 0x0, 0x2f, 0xf0,
    0xf, 0xf2, 0x0, 0x0, 0xf, 0xf1, 0xf, 0xf3,
    0x0, 0x0, 0x2f, 0xf0, 0xc, 0xf8, 0x0, 0x0,
    0x7f, 0xd0, 0x5, 0xff, 0x40, 0x3, 0xff, 0x60,
    0x0, 0x9f, 0xfd, 0xdf, 0xfa, 0x0, 0x0, 0x5,
    0xcf, 0xfc, 0x60, 0x0,

    /* U+014E "Ŏ" */
    0x0, 0x4, 0xf2, 0x0, 0xda, 0x0, 0x0, 0x0,
    0x0, 0xfb, 0x26, 0xf5, 0x0, 0x0, 0x0, 0x0,
    0x4f, 0xff, 0x90, 0x0, 0x0, 0x0, 0x0, 0x0,
    0x31, 0x0, 0x0, 0x0, 0x0, 0x0, 0x0, 0x0,
    0x0, 0x0, 0x0, 0x0, 0x3, 0xad, 0xfe, 0xb5,
    0x0, 0x0, 0x0, 0x8f, 0xff, 0xff, 0xff, 0xc1,
    0x0, 0x7, 0xff, 0x93, 0x1, 0x6f, 0xfc, 0x0,
    0x2f, 0xf7, 0x0, 0x0, 0x2, 0xff, 0x70, 0x8f,
    0xc0, 0x0, 0x0, 0x0, 0x7f, 0xd0, 0xbf, 0x70,
    0x0, 0x0, 0x0, 0x2f, 0xf1, 0xdf, 0x50, 0x0,
    0x0, 0x0, 0xf, 0xf2, 0xdf, 0x50, 0x0, 0x0,
    0x0, 0xf, 0xf2, 0xbf, 0x70, 0x0, 0x0, 0x0,
    0x2f, 0xf1, 0x8f, 0xc0, 0x0, 0x0, 0x0, 0x7f,
    0xd0, 0x2f, 0xf6, 0x0, 0x0, 0x2, 0xff, 0x70,
    0x8, 0xff, 0x93, 0x1, 0x6e, 0xfc, 0x0, 0x0,
    0x8f, 0xff, 0xff, 0xff, 0xc1, 0x0, 0x0, 0x3,
    0xad, 0xfe, 0xb6, 0x0, 0x0,

    /* U+014F "ŏ" */
    0x0, 0x7, 0x30, 0x3, 0x70, 0x0, 0x0, 0xc,
    0xd3, 0x2c, 0xd0, 0x0, 0x0, 0x2, 0xdf, 0xfe,
    0x20, 0x0, 0x0, 0x0, 0x3, 0x30, 0x0, 0x0,
    0x0, 0x0, 0x0, 0x0, 0x0, 0x0, 0x0, 0x5,
    0xce, 0xfc, 0x60, 0x0, 0x0, 0x9f, 0xfe, 0xef,
    0xfa, 0x0, 0x5, 0xff, 0x50, 0x4, 0xff, 0x60,
    0xb, 0xf8, 0x0, 0x0, 0x7f, 0xd0, 0xf, 0xf3,
    0x0, 0x0, 0x2f, 0xf0, 0xf, 0xf2, 0x0, 0x0,
    0xf, 0xf1, 0xf, 0xf3, 0x0, 0x0, 0x2f, 0xf0,
    0xc, 0xf8, 0x0, 0x0, 0x7f, 0xd0, 0x5, 0xff,
    0x40, 0x3, 0xff, 0x60, 0x0, 0x9f, 0xfd, 0xdf,
    0xfa, 0x0, 0x0, 0x5, 0xcf, 0xfc, 0x60, 0x0,

    /* U+0150 "Ő" */
    0x0, 0x0, 0xaf, 0x60, 0xef, 0x30, 0x0, 0x0,
    0x0, 0xfd, 0x8, 0xf6, 0x0, 0x0, 0x0, 0x5,
    0xe4, 0x1d, 0xa0, 0x0, 0x0, 0x0, 0x0, 0x0,
    0x0, 0x0, 0x0, 0x0, 0x0, 0x0, 0x0, 0x0,
    0x0, 0x0, 0x0, 0x0, 0x3, 0xad, 0xfe, 0xb5,
    0x0, 0x0, 0x0, 0x8f, 0xff, 0xff, 0xff, 0xc1,
    0x0, 0x7, 0xff, 0x93, 0x1, 0x6f, 0xfc, 0x0,
    0x2f, 0xf7, 0x0, 0x0, 0x2, 0xff, 0x70, 0x8f,
    0xc0, 0x0, 0x0, 0x0, 0x7f, 0xd0, 0xbf, 0x70,
    0x0, 0x0, 0x0, 0x2f, 0xf1, 0xdf, 0x50, 0x0,
    0x0, 0x0, 0xf, 0xf2, 0xdf, 0x50, 0x0, 0x0,
    0x0, 0xf, 0xf2, 0xbf, 0x70, 0x0, 0x0, 0x0,
    0x2f, 0xf1, 0x8f, 0xc0, 0x0, 0x0, 0x0, 0x7f,
    0xd0, 0x2f, 0xf6, 0x0, 0x0, 0x2, 0xff, 0x70,
    0x8, 0xff, 0x93, 0x1, 0x6e, 0xfc, 0x0, 0x0,
    0x8f, 0xff, 0xff, 0xff, 0xc1, 0x0, 0x0, 0x3,
    0xad, 0xfe, 0xb6, 0x0, 0x0,

    /* U+0151 "ő" */
    0x0, 0x4, 0xfc, 0x9, 0xf8, 0x0, 0x0, 0xa,
    0xf3, 0x2f, 0xc0, 0x0, 0x0, 0xe, 0xa0, 0x9d,
    0x10, 0x0, 0x0, 0x0, 0x0, 0x0, 0x0, 0x0,
    0x0, 0x5, 0xce, 0xfc, 0x60, 0x0, 0x0, 0x9f,
    0xfe, 0xef, 0xfa, 0x0, 0x5, 0xff, 0x50, 0x4,
    0xff, 0x60, 0xb, 0xf8, 0x0, 0x0, 0x7f, 0xd0,
    0xf, 0xf3, 0x0, 0x0, 0x2f, 0xf0, 0xf, 0xf2,
    0x0, 0x0, 0xf, 0xf1, 0xf, 0xf3, 0x0, 0x0,
    0x2f, 0xf0, 0xc, 0xf8, 0x0, 0x0, 0x7f, 0xd0,
    0x5, 0xff, 0x40, 0x3, 0xff, 0x60, 0x0, 0x9f,
    0xfd, 0xdf, 0xfa, 0x0, 0x0, 0x5, 0xcf, 0xfc,
    0x60, 0x0,

    /* U+0152 "Œ" */
    0x0, 0x3, 0x9d, 0xff, 0xff, 0xff, 0xff, 0xff,
    0xfe, 0x0, 0x8f, 0xff, 0xee, 0xef, 0xfe, 0xee,
    0xee, 0xec, 0x7, 0xff, 0x81, 0x0, 0x4f, 0xf0,
    0x0, 0x0, 0x0, 0x2f, 0xf5, 0x0, 0x0, 0x4f,
    0xf0, 0x0, 0x0, 0x0, 0x7f, 0xc0, 0x0, 0x0,
    0x4f, 0xf0, 0x0, 0x0, 0x0, 0xbf, 0x70, 0x0,
    0x0, 0x4f, 0xf0, 0x0, 0x0, 0x0, 0xdf, 0x50,
    0x0, 0x0, 0x4f, 0xff, 0xff, 0xff, 0xf6, 0xdf,
    0x50, 0x0, 0x0, 0x4f, 0xfe, 0xee, 0xee, 0xe5,
    0xbf, 0x70, 0x0, 0x0, 0x4f, 0xf0, 0x0, 0x0,
    0x0, 0x7f, 0xc0, 0x0, 0x0, 0x4f, 0xf0, 0x0,
    0x0, 0x0, 0x2f, 0xf6, 0x0, 0x0, 0x4f, 0xf0,
    0x0, 0x0, 0x0, 0x7, 0xff, 0x81, 0x0, 0x4f,
    0xf0, 0x0, 0x0, 0x0, 0x0, 0x8f, 0xff, 0xfe,
    0xef, 0xfe, 0xee, 0xee, 0xed, 0x0, 0x3, 0x9d,
    0xff, 0xff, 0xff, 0xff, 0xff, 0xff,

    /* U+0153 "œ" */
    0x0, 0x5, 0xce, 0xfc, 0x60, 0x4, 0xbe, 0xfc,
    0x60, 0x0, 0x9, 0xff, 0xee, 0xff, 0xa6, 0xff,
    0xee, 0xff, 0xa0, 0x5, 0xff, 0x50, 0x4, 0xff,
    0xff, 0x50, 0x2, 0xef, 0x60, 0xbf, 0x80, 0x0,
    0x7, 0xff, 0x80, 0x0, 0x5, 0xfc, 0xf, 0xf3,
    0x0, 0x0, 0x2f, 0xfc, 0x99, 0x99, 0xaf, 0xe0,
    0xff, 0x20, 0x0, 0x0, 0xff, 0xff, 0xff, 0xff,
    0xff, 0xf, 0xf3, 0x0, 0x0, 0x2f, 0xf6, 0x0,
    0x0, 0x0, 0x0, 0xcf, 0x80, 0x0, 0x7, 0xff,
    0x90, 0x0, 0x1, 0x20, 0x5, 0xff, 0x40, 0x3,
    0xff, 0xff, 0x60, 0x1, 0xbf, 0x90, 0x9, 0xff,
    0xdd, 0xff, 0xa7, 0xff, 0xed, 0xff, 0xe2, 0x0,
    0x5, 0xcf, 0xfc, 0x60, 0x4, 0xbe, 0xfd, 0x81,
    0x0,

    /* U+0154 "Ŕ" */
    0x0, 0x0, 0x4, 0xeb, 0x0, 0x0, 0x0, 0x0,
    0xc, 0xf3, 0x0, 0x0, 0x0, 0x0, 0x3f, 0x80,
    0x0, 0x0, 0x0, 0x0, 0x0, 0x0, 0x0, 0x0,
    0x0, 0x0, 0x0, 0x0, 0x0, 0x0, 0x6f, 0xff,
    0xff, 0xec, 0x70, 0x0, 0x6f, 0xfe, 0xee, 0xff,
    0xfb, 0x0, 0x6f, 0xd0, 0x0, 0x6, 0xff, 0x60,
    0x6f, 0xd0, 0x0, 0x0, 0x9f, 0xb0, 0x6f, 0xd0,
    0x0, 0x0, 0x6f, 0xd0, 0x6f, 0xd0, 0x0, 0x0,
    0x9f, 0xb0, 0x6f, 0xd0, 0x0, 0x17, 0xff, 0x60,
    0x6f, 0xff, 0xff, 0xff, 0xfa, 0x0, 0x6f, 0xfe,
    0xee, 0xff, 0x80, 0x0, 0x6f, 0xd0, 0x0, 0xbf,
    0xc0, 0x0, 0x6f, 0xd0, 0x0, 0x2f, 0xf5, 0x0,
    0x6f, 0xd0, 0x0, 0x8, 0xfe, 0x0, 0x6f, 0xd0,
    0x0, 0x0, 0xef, 0x80, 0x6f, 0xd0, 0x0, 0x0,
    0x6f, 0xf2,

    /* U+0155 "ŕ" */
    0x0, 0x7, 0xfa, 0x0, 0x0, 0xee, 0x10, 0x0,
    0x5e, 0x50, 0x0, 0x0, 0x0, 0x0, 0x8f, 0x85,
    0xdf, 0x48, 0xfc, 0xff, 0xd4, 0x8f, 0xf7, 0x0,
    0x8, 0xfc, 0x0, 0x0, 0x8f, 0x90, 0x0, 0x8,
    0xf9, 0x0, 0x0, 0x8f, 0x90, 0x0, 0x8, 0xf9,
    0x0, 0x0, 0x8f, 0x90, 0x0, 0x8, 0xf9, 0x0,
    0x0, 0x8f, 0x90, 0x0, 0x0,

    /* U+0156 "Ŗ" */
    0x6f, 0xff, 0xff, 0xec, 0x70, 0x0, 0x6f, 0xfe,
    0xee, 0xff, 0xfb, 0x0, 0x6f, 0xd0, 0x0, 0x6,
    0xff, 0x60, 0x6f, 0xd0, 0x0, 0x0, 0x9f, 0xb0,
    0x6f, 0xd0, 0x0, 0x0, 0x6f, 0xd0, 0x6f, 0xd0,
    0x0, 0x0, 0x9f, 0xb0, 0x6f, 0xd0, 0x0, 0x17,
    0xff, 0x60, 0x6f, 0xff, 0xff, 0xff, 0xfa, 0x0,
    0x6f, 0xfe, 0xee, 0xff, 0x80, 0x0, 0x6f, 0xd0,
    0x0, 0xbf, 0xc0, 0x0, 0x6f, 0xd0, 0x0, 0x2f,
    0xf5, 0x0, 0x6f, 0xd0, 0x0, 0x8, 0xfe, 0x0,
    0x6f, 0xd0, 0x0, 0x0, 0xef, 0x80, 0x6f, 0xd0,
    0x0, 0x0, 0x6f, 0xf2, 0x0, 0x0, 0x0, 0x0,
    0x0, 0x0, 0x0, 0x0, 0x8f, 0x80, 0x0, 0x0,
    0x0, 0x0, 0xbf, 0x20, 0x0, 0x0, 0x0, 0x0,
    0xfc, 0x0, 0x0, 0x0, 0x0, 0x1, 0x94, 0x0,
    0x0, 0x0,

    /* U+0157 "ŗ" */
    0x8, 0xf8, 0x5d, 0xf4, 0x8, 0xfc, 0xff, 0xd4,
    0x8, 0xff, 0x70, 0x0, 0x8, 0xfc, 0x0, 0x0,
    0x8, 0xf9, 0x0, 0x0, 0x8, 0xf9, 0x0, 0x0,
    0x8, 0xf9, 0x0, 0x0, 0x8, 0xf9, 0x0, 0x0,
    0x8, 0xf9, 0x0, 0x0, 0x8, 0xf9, 0x0, 0x0,
    0x8, 0xf9, 0x0, 0x0, 0x0, 0x0, 0x0, 0x0,
    0xa, 0xf6, 0x0, 0x0, 0xe, 0xf0, 0x0, 0x0,
    0x1f, 0xa0, 0x0, 0x0, 0x29, 0x30, 0x0, 0x0,

    /* U+0158 "Ř" */
    0x0, 0x9f, 0x50, 0x9f, 0x70, 0x0, 0x0, 0xc,
    0xf8, 0xf9, 0x0, 0x0, 0x0, 0x1, 0xef, 0xb0,
    0x0, 0x0, 0x0, 0x0, 0x0, 0x0, 0x0, 0x0,
    0x0, 0x0, 0x0, 0x0, 0x0, 0x0, 0x6f, 0xff,
    0xff, 0xec, 0x70, 0x0, 0x6f, 0xfe, 0xee, 0xff,
    0xfb, 0x0, 0x6f, 0xd0, 0x0, 0x6, 0xff, 0x60,
    0x6f, 0xd0, 0x0, 0x0, 0x9f, 0xb0, 0x6f, 0xd0,
    0x0, 0x0, 0x6f, 0xd0, 0x6f, 0xd0, 0x0, 0x0,
    0x9f, 0xb0, 0x6f, 0xd0, 0x0, 0x17, 0xff, 0x60,
    0x6f, 0xff, 0xff, 0xff, 0xfa, 0x0, 0x6f, 0xfe,
    0xee, 0xff, 0x80, 0x0, 0x6f, 0xd0, 0x0, 0xbf,
    0xc0, 0x0, 0x6f, 0xd0, 0x0, 0x2f, 0xf5, 0x0,
    0x6f, 0xd0, 0x0, 0x8, 0xfe, 0x0, 0x6f, 0xd0,
    0x0, 0x0, 0xef, 0x80, 0x6f, 0xd0, 0x0, 0x0,
    0x6f, 0xf2,

    /* U+0159 "ř" */
    0xa, 0xf5, 0xc, 0xf4, 0x0, 0xaf, 0xcf, 0x40,
    0x0, 0x7, 0x83, 0x0, 0x0, 0x0, 0x0, 0x0,
    0x8, 0xf8, 0x5d, 0xf4, 0x8, 0xfc, 0xff, 0xd4,
    0x8, 0xff, 0x70, 0x0, 0x8, 0xfc, 0x0, 0x0,
    0x8, 0xf9, 0x0, 0x0, 0x8, 0xf9, 0x0, 0x0,
    0x8, 0xf9, 0x0, 0x0, 0x8, 0xf9, 0x0, 0x0,
    0x8, 0xf9, 0x0, 0x0, 0x8, 0xf9, 0x0, 0x0,
    0x8, 0xf9, 0x0, 0x0,

    /* U+015A "Ś" */
    0x0, 0x0, 0x4, 0xfd, 0x0, 0x0, 0x0, 0x0,
    0xcf, 0x30, 0x0, 0x0, 0x0, 0x2e, 0x70, 0x0,
    0x0, 0x0, 0x0, 0x0, 0x0, 0x0, 0x0, 0x0,
    0x0, 0x0, 0x0, 0x0, 0x4, 0xae, 0xfe, 0xb5,
    0x0, 0x8, 0xff, 0xff, 0xff, 0xfa, 0x3, 0xff,
    0x81, 0x0, 0x6f, 0xf5, 0x8f, 0xc0, 0x0, 0x0,
    0x8d, 0x87, 0xfd, 0x0, 0x0, 0x0, 0x0, 0x1e,
    0xfc, 0x50, 0x0, 0x0, 0x0, 0x2c, 0xff, 0xfc,
    0x82, 0x0, 0x0, 0x2, 0x7c, 0xff, 0xf8, 0x0,
    0x0, 0x0, 0x0, 0x6f, 0xf7, 0x11, 0x0, 0x0,
    0x0, 0x6f, 0xde, 0xf7, 0x0, 0x0, 0x7, 0xfd,
    0x8f, 0xf6, 0x10, 0x17, 0xff, 0x80, 0xcf, 0xff,
    0xff, 0xff, 0xc0, 0x0, 0x6c, 0xef, 0xeb, 0x60,
    0x0,

    /* U+015B "ś" */
    0x0, 0x0, 0x4, 0xfd, 0x0, 0x0, 0x0, 0xb,
    0xf3, 0x0, 0x0, 0x0, 0x2e, 0x70, 0x0, 0x0,
    0x0, 0x0, 0x0, 0x0, 0x0, 0x2a, 0xef, 0xe9,
    0x10, 0x2, 0xff, 0xeb, 0xef, 0xe1, 0x9, 0xfb,
    0x0, 0xa, 0xe5, 0xa, 0xf9, 0x0, 0x0, 0x0,
    0x5, 0xff, 0xb7, 0x40, 0x0, 0x0, 0x5d, 0xff,
    0xff, 0x80, 0x0, 0x0, 0x25, 0xaf, 0xf8, 0x0,
    0x30, 0x0, 0x7, 0xfc, 0xd, 0xf7, 0x0, 0xa,
    0xfb, 0x5, 0xff, 0xdb, 0xef, 0xf3, 0x0, 0x4b,
    0xef, 0xea, 0x20,

    /* U+015C "Ŝ" */
    0x0, 0x1, 0xdf, 0xc1, 0x0, 0x0, 0x2, 0xed,
    0x3e, 0xc1, 0x0, 0x0, 0x68, 0x20, 0x38, 0x40,
    0x0, 0x0, 0x0, 0x0, 0x0, 0x0, 0x0, 0x0,
    0x0, 0x0, 0x0, 0x0, 0x4, 0xae, 0xfe, 0xb5,
    0x0, 0x8, 0xff, 0xff, 0xff, 0xfa, 0x3, 0xff,
    0x81, 0x0, 0x6f, 0xf5, 0x8f, 0xc0, 0x0, 0x0,
    0x8d, 0x87, 0xfd, 0x0, 0x0, 0x0, 0x0, 0x1e,
    0xfc, 0x50, 0x0, 0x0, 0x0, 0x2c, 0xff, 0xfc,
    0x82, 0x0, 0x0, 0x2, 0x7c, 0xff, 0xf8, 0x0,
    0x0, 0x0, 0x0, 0x6f, 0xf7, 0x11, 0x0, 0x0,
    0x0, 0x6f, 0xde, 0xf7, 0x0, 0x0, 0x7, 0xfd,
    0x8f, 0xf6, 0x10, 0x17, 0xff, 0x80, 0xcf, 0xff,
    0xff, 0xff, 0xc0, 0x0, 0x6c, 0xef, 0xeb, 0x60,
    0x0,

    /* U+015D "ŝ" */
    0x0, 0x0, 0x58, 0x40, 0x0, 0x0, 0x4, 0xfe,
    0xf4, 0x0, 0x0, 0x3f, 0xd1, 0xde, 0x20, 0x0,
    0x68, 0x20, 0x28, 0x50, 0x0, 0x0, 0x0, 0x0,
    0x0, 0x0, 0x2a, 0xef, 0xe9, 0x10, 0x2, 0xff,
    0xeb, 0xef, 0xe1, 0x9, 0xfb, 0x0, 0xa, 0xe5,
    0xa, 0xf9, 0x0, 0x0, 0x0, 0x5, 0xff, 0xb7,
    0x40, 0x0, 0x0, 0x5d, 0xff, 0xff, 0x80, 0x0,
    0x0, 0x25, 0xaf, 0xf8, 0x0, 0x30, 0x0, 0x7,
    0xfc, 0xd, 0xf7, 0x0, 0xa, 0xfb, 0x5, 0xff,
    0xdb, 0xef, 0xf3, 0x0, 0x4b, 0xef, 0xea, 0x20,

    /* U+015E "Ş" */
    0x0, 0x4a, 0xef, 0xeb, 0x50, 0x0, 0x8f, 0xff,
    0xff, 0xff, 0xa0, 0x3f, 0xf8, 0x10, 0x6, 0xff,
    0x58, 0xfc, 0x0, 0x0, 0x8, 0xd8, 0x7f, 0xd0,
    0x0, 0x0, 0x0, 0x1, 0xef, 0xc5, 0x0, 0x0,
    0x0, 0x2, 0xcf, 0xff, 0xc8, 0x20, 0x0, 0x0,
    0x27, 0xcf, 0xff, 0x80, 0x0, 0x0, 0x0, 0x6,
    0xff, 0x71, 0x10, 0x0, 0x0, 0x6, 0xfd, 0xef,
    0x70, 0x0, 0x0, 0x7f, 0xd8, 0xff, 0x61, 0x1,
    0x7f, 0xf8, 0xc, 0xff, 0xff, 0xff, 0xfc, 0x0,
    0x6, 0xcf, 0xfe, 0xb6, 0x0, 0x0, 0x0, 0x2f,
    0x40, 0x0, 0x0, 0x0, 0x2, 0x9e, 0xa0, 0x0,
    0x0, 0x0, 0x1, 0xbc, 0x0, 0x0, 0x0, 0xa,
    0xfe, 0x50, 0x0,

    /* U+015F "ş" */
    0x0, 0x2a, 0xef, 0xe9, 0x10, 0x2, 0xff, 0xeb,
    0xef, 0xe1, 0x9, 0xfb, 0x0, 0xa, 0xe5, 0xa,
    0xf9, 0x0, 0x0, 0x0, 0x5, 0xff, 0xb7, 0x40,
    0x0, 0x0, 0x5d, 0xff, 0xff, 0x80, 0x0, 0x0,
    0x25, 0xaf, 0xf8, 0x0, 0x30, 0x0, 0x7, 0xfc,
    0xd, 0xf7, 0x0, 0xa, 0xfb, 0x5, 0xff, 0xdb,
    0xef, 0xf3, 0x0, 0x4b, 0xef, 0xea, 0x20, 0x0,
    0x0, 0x2f, 0x30, 0x0, 0x0, 0x0, 0x2a, 0xea,
    0x0, 0x0, 0x0, 0x1, 0xbc, 0x0, 0x0, 0x0,
    0xaf, 0xe5, 0x0,

    /* U+0160 "Š" */
    0x0, 0x9f, 0x60, 0x7f, 0x80, 0x0, 0x0, 0xdf,
    0x5f, 0xc0, 0x0, 0x0, 0x2, 0xff, 0xe1, 0x0,
    0x0, 0x0, 0x3, 0x53, 0x0, 0x0, 0x0, 0x0,
    0x0, 0x0, 0x0, 0x0, 0x4, 0xae, 0xfe, 0xc7,
    0x0, 0x8, 0xff, 0xff, 0xff, 0xfd, 0x13, 0xff,
    0x81, 0x0, 0x3d, 0xf8, 0x8f, 0xc0, 0x0, 0x0,
    0x12, 0x17, 0xfd, 0x0, 0x0, 0x0, 0x0, 0x1e,
    0xfc, 0x50, 0x0, 0x0, 0x0, 0x2c, 0xff, 0xfc,
    0x82, 0x0, 0x0, 0x2, 0x7c, 0xff, 0xf8, 0x0,
    0x0, 0x0, 0x0, 0x6f, 0xf7, 0x34, 0x10, 0x0,
    0x0, 0x6f, 0xdd, 0xf8, 0x0, 0x0, 0x7, 0xfd,
    0x7f, 0xf7, 0x10, 0x17, 0xff, 0x80, 0xbf, 0xff,
    0xff, 0xff, 0xc0, 0x0, 0x6c, 0xef, 0xeb, 0x60,
    0x0,

    /* U+0161 "š" */
    0x0, 0x58, 0x20, 0x28, 0x50, 0x0, 0x2f, 0xc1,
    0xdf, 0x20, 0x0, 0x4, 0xfe, 0xf4, 0x0, 0x0,
    0x0, 0x58, 0x40, 0x0, 0x0, 0x0, 0x0, 0x0,
    0x0, 0x0, 0x2a, 0xef, 0xe9, 0x10, 0x2, 0xff,
    0xeb, 0xef, 0xe1, 0x9, 0xfb, 0x0, 0xa, 0xe5,
    0xa, 0xf9, 0x0, 0x0, 0x0, 0x5, 0xff, 0xb7,
    0x40, 0x0, 0x0, 0x5d, 0xff, 0xff, 0x80, 0x0,
    0x0, 0x25, 0xaf, 0xf8, 0x0, 0x30, 0x0, 0x7,
    0xfc, 0xd, 0xf7, 0x0, 0xa, 0xfb, 0x5, 0xff,
    0xdb, 0xef, 0xf3, 0x0, 0x4b, 0xef, 0xea, 0x20,

    /* U+0162 "Ţ" */
    0x2f, 0xff, 0xff, 0xff, 0xff, 0xff, 0x21, 0xee,
    0xee, 0xff, 0xfe, 0xee, 0xe2, 0x0, 0x0, 0x9,
    0xfa, 0x0, 0x0, 0x0, 0x0, 0x0, 0x9f, 0xa0,
    0x0, 0x0, 0x0, 0x0, 0x9, 0xfa, 0x0, 0x0,
    0x0, 0x0, 0x0, 0x9f, 0xa0, 0x0, 0x0, 0x0,
    0x0, 0x9, 0xfa, 0x0, 0x0, 0x0, 0x0, 0x0,
    0x9f, 0xa0, 0x0, 0x0, 0x0, 0x0, 0x9, 0xfa,
    0x0, 0x0, 0x0, 0x0, 0x0, 0x9f, 0xa0, 0x0,
    0x0, 0x0, 0x0, 0x9, 0xfa, 0x0, 0x0, 0x0,
    0x0, 0x0, 0x9f, 0xa0, 0x0, 0x0, 0x0, 0x0,
    0x9, 0xfa, 0x0, 0x0, 0x0, 0x0, 0x0, 0x9f,
    0xb0, 0x0, 0x0, 0x0, 0x0, 0x0, 0xf2, 0x0,
    0x0, 0x0, 0x0, 0x0, 0x2b, 0xe9, 0x0, 0x0,
    0x0, 0x0, 0x0, 0x1a, 0xd0, 0x0, 0x0, 0x0,
    0x0, 0x9f, 0xe6, 0x0, 0x0,

    /* U+0163 "ţ" */
    0x1, 0x87, 0x0, 0x0, 0x3f, 0xf0, 0x0, 0x3,
    0xff, 0x0, 0xc, 0xff, 0xff, 0xf1, 0x9c, 0xff,
    0xbb, 0x10, 0x3f, 0xf0, 0x0, 0x3, 0xff, 0x0,
    0x0, 0x3f, 0xf0, 0x0, 0x3, 0xff, 0x0, 0x0,
    0x3f, 0xf0, 0x0, 0x3, 0xff, 0x0, 0x0, 0x2f,
    0xf1, 0x0, 0x0, 0xdf, 0xed, 0x20, 0x2, 0xdf,
    0xf4, 0x0, 0x4, 0xe2, 0x0, 0x0, 0x4a, 0xf7,
    0x0, 0x1, 0x1d, 0xa0, 0x0, 0xdf, 0xd3,

    /* U+0164 "Ť" */
    0x0, 0x7, 0xf8, 0x7, 0xf9, 0x0, 0x0, 0x0,
    0xa, 0xf7, 0xfb, 0x0, 0x0, 0x0, 0x0, 0xc,
    0xfd, 0x0, 0x0, 0x0, 0x0, 0x0, 0x0, 0x0,
    0x0, 0x0, 0x0, 0x0, 0x0, 0x0, 0x0, 0x0,
    0x2, 0xff, 0xff, 0xff, 0xff, 0xff, 0xf2, 0x1e,
    0xee, 0xef, 0xff, 0xee, 0xee, 0x20, 0x0, 0x0,
    0x9f, 0xa0, 0x0, 0x0, 0x0, 0x0, 0x9, 0xfa,
    0x0, 0x0, 0x0, 0x0, 0x0, 0x9f, 0xa0, 0x0,
    0x0, 0x0, 0x0, 0x9, 0xfa, 0x0, 0x0, 0x0,
    0x0, 0x0, 0x9f, 0xa0, 0x0, 0x0, 0x0, 0x0,
    0x9, 0xfa, 0x0, 0x0, 0x0, 0x0, 0x0, 0x9f,
    0xa0, 0x0, 0x0, 0x0, 0x0, 0x9, 0xfa, 0x0,
    0x0, 0x0, 0x0, 0x0, 0x9f, 0xa0, 0x0, 0x0,
    0x0, 0x0, 0x9, 0xfa, 0x0, 0x0, 0x0, 0x0,
    0x0, 0x9f, 0xa0, 0x0, 0x0, 0x0, 0x0, 0x9,
    0xfa, 0x0, 0x0, 0x0,

    /* U+0165 "ť" */
    0x0, 0x0, 0xe, 0xf0, 0x0, 0x0, 0xe, 0xc0,
    0x2, 0x98, 0xe, 0xa0, 0x3, 0xff, 0x9, 0x60,
    0x3, 0xff, 0x0, 0x0, 0xcf, 0xff, 0xff, 0x10,
    0x9c, 0xff, 0xbb, 0x10, 0x3, 0xff, 0x0, 0x0,
    0x3, 0xff, 0x0, 0x0, 0x3, 0xff, 0x0, 0x0,
    0x3, 0xff, 0x0, 0x0, 0x3, 0xff, 0x0, 0x0,
    0x3, 0xff, 0x0, 0x0, 0x2, 0xff, 0x10, 0x0,
    0x0, 0xdf, 0xed, 0x20, 0x0, 0x2b, 0xff, 0x40,

    /* U+0166 "Ŧ" */
    0x2f, 0xff, 0xff, 0xff, 0xff, 0xff, 0x21, 0xee,
    0xee, 0xff, 0xfe, 0xee, 0xe2, 0x0, 0x0, 0x9,
    0xfa, 0x0, 0x0, 0x0, 0x0, 0x0, 0x9f, 0xa0,
    0x0, 0x0, 0x0, 0x0, 0x9, 0xfa, 0x0, 0x0,
    0x0, 0x0, 0x0, 0x9f, 0xa0, 0x0, 0x0, 0x0,
    0x8f, 0xff, 0xff, 0xff, 0x90, 0x0, 0x5, 0xaa,
    0xff, 0xfa, 0xa6, 0x0, 0x0, 0x0, 0x9, 0xfa,
    0x0, 0x0, 0x0, 0x0, 0x0, 0x9f, 0xa0, 0x0,
    0x0, 0x0, 0x0, 0x9, 0xfa, 0x0, 0x0, 0x0,
    0x0, 0x0, 0x9f, 0xa0, 0x0, 0x0, 0x0, 0x0,
    0x9, 0xfa, 0x0, 0x0, 0x0, 0x0, 0x0, 0x9f,
    0xa0, 0x0, 0x0,

    /* U+0167 "ŧ" */
    0x1, 0x87, 0x0, 0x0, 0x3f, 0xf0, 0x0, 0x3,
    0xff, 0x0, 0xc, 0xff, 0xff, 0xf1, 0x9c, 0xff,
    0xbb, 0x10, 0x3f, 0xf0, 0x0, 0x7b, 0xff, 0x99,
    0x1c, 0xff, 0xff, 0xf1, 0x3, 0xff, 0x0, 0x0,
    0x3f, 0xf0, 0x0, 0x3, 0xff, 0x0, 0x0, 0x2f,
    0xf1, 0x0, 0x0, 0xdf, 0xed, 0x20, 0x2, 0xbf,
    0xf4,

    /* U+0168 "Ũ" */
    0x0, 0x0, 0x0, 0x0, 0x10, 0x0, 0x0, 0x0,
    0x1e, 0xf8, 0x3f, 0x50, 0x0, 0x0, 0x8, 0xe6,
    0xdf, 0xe0, 0x0, 0x0, 0x0, 0x23, 0x0, 0x31,
    0x0, 0x0, 0x0, 0x0, 0x0, 0x0, 0x0, 0x0,
    0x0, 0x0, 0x0, 0x0, 0x0, 0x0, 0x0, 0x6f,
    0xd0, 0x0, 0x0, 0x0, 0xff, 0x36, 0xfd, 0x0,
    0x0, 0x0, 0xf, 0xf3, 0x6f, 0xd0, 0x0, 0x0,
    0x0, 0xff, 0x36, 0xfd, 0x0, 0x0, 0x0, 0xf,
    0xf3, 0x6f, 0xd0, 0x0, 0x0, 0x0, 0xff, 0x36,
    0xfd, 0x0, 0x0, 0x0, 0xf, 0xf3, 0x6f, 0xd0,
    0x0, 0x0, 0x0, 0xff, 0x36, 0xfd, 0x0, 0x0,
    0x0, 0xf, 0xf3, 0x6f, 0xd0, 0x0, 0x0, 0x0,
    0xff, 0x35, 0xff, 0x0, 0x0, 0x0, 0x2f, 0xf2,
    0x2f, 0xf5, 0x0, 0x0, 0x9, 0xfe, 0x0, 0xbf,
    0xf7, 0x20, 0x29, 0xff, 0x70, 0x1, 0xcf, 0xff,
    0xff, 0xff, 0xa0, 0x0, 0x0, 0x6c, 0xef, 0xeb,
    0x40, 0x0,

    /* U+0169 "ũ" */
    0x0, 0x17, 0x62, 0x37, 0x0, 0x0, 0xcf, 0xff,
    0xfb, 0x0, 0x0, 0x52, 0x3, 0x40, 0x0, 0x0,
    0x0, 0x0, 0x0, 0x0, 0x8f, 0x90, 0x0, 0x9,
    0xf9, 0x8f, 0x90, 0x0, 0x9, 0xf9, 0x8f, 0x90,
    0x0, 0x9, 0xf9, 0x8f, 0x90, 0x0, 0x9, 0xf9,
    0x8f, 0x90, 0x0, 0x9, 0xf9, 0x8f, 0x90, 0x0,
    0x9, 0xf9, 0x8f, 0x90, 0x0, 0x9, 0xf9, 0x8f,
    0xb0, 0x0, 0xc, 0xf9, 0x5f, 0xf5, 0x0, 0x7f,
    0xf9, 0xd, 0xff, 0xff, 0xf9, 0xf9, 0x1, 0xae,
    0xfb, 0x37, 0xf9,

    /* U+016A "Ū" */
    0x0, 0x2, 0x88, 0x88, 0x81, 0x0, 0x0, 0x0,
    0x5f, 0xff, 0xff, 0x20, 0x0, 0x0, 0x0, 0x0,
    0x0, 0x0, 0x0, 0x0, 0x0, 0x0, 0x0, 0x0,
    0x0, 0x0, 0x0, 0x0, 0x0, 0x0, 0x0, 0x0,
    0x6, 0xfd, 0x0, 0x0, 0x0, 0xf, 0xf3, 0x6f,
    0xd0, 0x0, 0x0, 0x0, 0xff, 0x36, 0xfd, 0x0,
    0x0, 0x0, 0xf, 0xf3, 0x6f, 0xd0, 0x0, 0x0,
    0x0, 0xff, 0x36, 0xfd, 0x0, 0x0, 0x0, 0xf,
    0xf3, 0x6f, 0xd0, 0x0, 0x0, 0x0, 0xff, 0x36,
    0xfd, 0x0, 0x0, 0x0, 0xf, 0xf3, 0x6f, 0xd0,
    0x0, 0x0, 0x0, 0xff, 0x36, 0xfd, 0x0, 0x0,
    0x0, 0xf, 0xf3, 0x5f, 0xf0, 0x0, 0x0, 0x2,
    0xff, 0x22, 0xff, 0x50, 0x0, 0x0, 0x9f, 0xe0,
    0xb, 0xff, 0x72, 0x2, 0x9f, 0xf7, 0x0, 0x1c,
    0xff, 0xff, 0xff, 0xfa, 0x0, 0x0, 0x6, 0xce,
    0xfe, 0xb4, 0x0, 0x0,

    /* U+016B "ū" */
    0x0, 0xbf, 0xff, 0xfc, 0x0, 0x0, 0x68, 0x88,
    0x86, 0x0, 0x0, 0x0, 0x0, 0x0, 0x0, 0x8f,
    0x90, 0x0, 0x9, 0xf9, 0x8f, 0x90, 0x0, 0x9,
    0xf9, 0x8f, 0x90, 0x0, 0x9, 0xf9, 0x8f, 0x90,
    0x0, 0x9, 0xf9, 0x8f, 0x90, 0x0, 0x9, 0xf9,
    0x8f, 0x90, 0x0, 0x9, 0xf9, 0x8f, 0x90, 0x0,
    0x9, 0xf9, 0x8f, 0xb0, 0x0, 0xc, 0xf9, 0x5f,
    0xf5, 0x0, 0x7f, 0xf9, 0xd, 0xff, 0xff, 0xf9,
    0xf9, 0x1, 0xae, 0xfb, 0x37, 0xf9,

    /* U+016C "Ŭ" */
    0x0, 0x8, 0xe0, 0x1, 0xf5, 0x0, 0x0, 0x0,
    0x4f, 0x72, 0xaf, 0x10, 0x0, 0x0, 0x0, 0x8f,
    0xff, 0x50, 0x0, 0x0, 0x0, 0x0, 0x13, 0x10,
    0x0, 0x0, 0x0, 0x0, 0x0, 0x0, 0x0, 0x0,
    0x6, 0xfd, 0x0, 0x0, 0x0, 0xf, 0xf3, 0x6f,
    0xd0, 0x0, 0x0, 0x0, 0xff, 0x36, 0xfd, 0x0,
    0x0, 0x0, 0xf, 0xf3, 0x6f, 0xd0, 0x0, 0x0,
    0x0, 0xff, 0x36, 0xfd, 0x0, 0x0, 0x0, 0xf,
    0xf3, 0x6f, 0xd0, 0x0, 0x0, 0x0, 0xff, 0x36,
    0xfd, 0x0, 0x0, 0x0, 0xf, 0xf3, 0x6f, 0xd0,
    0x0, 0x0, 0x0, 0xff, 0x36, 0xfd, 0x0, 0x0,
    0x0, 0xf, 0xf3, 0x5f, 0xf0, 0x0, 0x0, 0x2,
    0xff, 0x22, 0xff, 0x50, 0x0, 0x0, 0x9f, 0xe0,
    0xb, 0xff, 0x72, 0x2, 0x9f, 0xf7, 0x0, 0x1c,
    0xff, 0xff, 0xff, 0xfa, 0x0, 0x0, 0x6, 0xce,
    0xfe, 0xb4, 0x0, 0x0,

    /* U+016D "ŭ" */
    0x0, 0x73, 0x0, 0x37, 0x0, 0x0, 0xcd, 0x32,
    0xdc, 0x0, 0x0, 0x2d, 0xff, 0xd2, 0x0, 0x0,
    0x0, 0x33, 0x0, 0x0, 0x0, 0x0, 0x0, 0x0,
    0x0, 0x8f, 0x90, 0x0, 0x9, 0xf9, 0x8f, 0x90,
    0x0, 0x9, 0xf9, 0x8f, 0x90, 0x0, 0x9, 0xf9,
    0x8f, 0x90, 0x0, 0x9, 0xf9, 0x8f, 0x90, 0x0,
    0x9, 0xf9, 0x8f, 0x90, 0x0, 0x9, 0xf9, 0x8f,
    0x90, 0x0, 0x9, 0xf9, 0x8f, 0xb0, 0x0, 0xc,
    0xf9, 0x5f, 0xf5, 0x0, 0x7f, 0xf9, 0xd, 0xff,
    0xff, 0xf9, 0xf9, 0x1, 0xae, 0xfb, 0x37, 0xf9,

    /* U+016E "Ů" */
    0x0, 0x0, 0x0, 0x0, 0x0, 0x0, 0x0, 0x0,
    0x2, 0xdf, 0xb1, 0x0, 0x0, 0x0, 0x0, 0xeb,
    0x4d, 0xb0, 0x0, 0x0, 0x0, 0x2f, 0x40, 0x6f,
    0x0, 0x0, 0x0, 0x0, 0xf9, 0x1b, 0xd0, 0x0,
    0x0, 0x0, 0x4, 0xff, 0xe2, 0x0, 0x0, 0x0,
    0x0, 0x1, 0x20, 0x0, 0x0, 0x6, 0xfd, 0x0,
    0x0, 0x0, 0xf, 0xf3, 0x6f, 0xd0, 0x0, 0x0,
    0x0, 0xff, 0x36, 0xfd, 0x0, 0x0, 0x0, 0xf,
    0xf3, 0x6f, 0xd0, 0x0, 0x0, 0x0, 0xff, 0x36,
    0xfd, 0x0, 0x0, 0x0, 0xf, 0xf3, 0x6f, 0xd0,
    0x0, 0x0, 0x0, 0xff, 0x36, 0xfd, 0x0, 0x0,
    0x0, 0xf, 0xf3, 0x6f, 0xd0, 0x0, 0x0, 0x0,
    0xff, 0x36, 0xfd, 0x0, 0x0, 0x0, 0xf, 0xf3,
    0x5f, 0xf0, 0x0, 0x0, 0x2, 0xff, 0x22, 0xff,
    0x50, 0x0, 0x0, 0x9f, 0xe0, 0xb, 0xff, 0x72,
    0x2, 0x9f, 0xf7, 0x0, 0x1c, 0xff, 0xff, 0xff,
    0xfa, 0x0, 0x0, 0x6, 0xce, 0xfe, 0xb4, 0x0,
    0x0,

    /* U+016F "ů" */
    0x0, 0x0, 0x0, 0x0, 0x0, 0x0, 0x7, 0xff,
    0x70, 0x0, 0x0, 0x5f, 0x66, 0xf5, 0x0, 0x0,
    0x9d, 0x0, 0xc9, 0x0, 0x0, 0x6f, 0x33, 0xf6,
    0x0, 0x0, 0xa, 0xff, 0xa0, 0x0, 0x0, 0x0,
    0x22, 0x0, 0x0, 0x8f, 0x90, 0x0, 0x9, 0xf9,
    0x8f, 0x90, 0x0, 0x9, 0xf9, 0x8f, 0x90, 0x0,
    0x9, 0xf9, 0x8f, 0x90, 0x0, 0x9, 0xf9, 0x8f,
    0x90, 0x0, 0x9, 0xf9, 0x8f, 0x90, 0x0, 0x9,
    0xf9, 0x8f, 0x90, 0x0, 0x9, 0xf9, 0x8f, 0xb0,
    0x0, 0xc, 0xf9, 0x5f, 0xf5, 0x0, 0x7f, 0xf9,
    0xd, 0xff, 0xff, 0xf9, 0xf9, 0x1, 0xae, 0xfb,
    0x37, 0xf9,

    /* U+0170 "Ű" */
    0x0, 0x0, 0xef, 0x33, 0xfd, 0x10, 0x0, 0x0,
    0x4f, 0x90, 0xcf, 0x30, 0x0, 0x0, 0x9, 0xe1,
    0x4e, 0x60, 0x0, 0x0, 0x0, 0x0, 0x0, 0x0,
    0x0, 0x0, 0x0, 0x0, 0x0, 0x0, 0x0, 0x0,
    0x6, 0xfd, 0x0, 0x0, 0x0, 0xf, 0xf3, 0x6f,
    0xd0, 0x0, 0x0, 0x0, 0xff, 0x36, 0xfd, 0x0,
    0x0, 0x0, 0xf, 0xf3, 0x6f, 0xd0, 0x0, 0x0,
    0x0, 0xff, 0x36, 0xfd, 0x0, 0x0, 0x0, 0xf,
    0xf3, 0x6f, 0xd0, 0x0, 0x0, 0x0, 0xff, 0x36,
    0xfd, 0x0, 0x0, 0x0, 0xf, 0xf3, 0x6f, 0xd0,
    0x0, 0x0, 0x0, 0xff, 0x36, 0xfd, 0x0, 0x0,
    0x0, 0xf, 0xf3, 0x5f, 0xf0, 0x0, 0x0, 0x2,
    0xff, 0x22, 0xff, 0x50, 0x0, 0x0, 0x9f, 0xe0,
    0xb, 0xff, 0x72, 0x2, 0x9f, 0xf7, 0x0, 0x1c,
    0xff, 0xff, 0xff, 0xfa, 0x0, 0x0, 0x6, 0xce,
    0xfe, 0xb4, 0x0, 0x0,

    /* U+0171 "ű" */
    0x0, 0x4f, 0xc0, 0x9f, 0x80, 0x0, 0xaf, 0x32,
    0xfc, 0x0, 0x0, 0xe9, 0xa, 0xd1, 0x0, 0x0,
    0x0, 0x0, 0x0, 0x0, 0x8f, 0x90, 0x0, 0x9,
    0xf9, 0x8f, 0x90, 0x0, 0x9, 0xf9, 0x8f, 0x90,
    0x0, 0x9, 0xf9, 0x8f, 0x90, 0x0, 0x9, 0xf9,
    0x8f, 0x90, 0x0, 0x9, 0xf9, 0x8f, 0x90, 0x0,
    0x9, 0xf9, 0x8f, 0x90, 0x0, 0x9, 0xf9, 0x8f,
    0xb0, 0x0, 0xc, 0xf9, 0x5f, 0xf5, 0x0, 0x7f,
    0xf9, 0xd, 0xff, 0xff, 0xf9, 0xf9, 0x1, 0xae,
    0xfb, 0x37, 0xf9,

    /* U+0172 "Ų" */
    0x6f, 0xd0, 0x0, 0x0, 0x0, 0xff, 0x36, 0xfd,
    0x0, 0x0, 0x0, 0xf, 0xf3, 0x6f, 0xd0, 0x0,
    0x0, 0x0, 0xff, 0x36, 0xfd, 0x0, 0x0, 0x0,
    0xf, 0xf3, 0x6f, 0xd0, 0x0, 0x0, 0x0, 0xff,
    0x36, 0xfd, 0x0, 0x0, 0x0, 0xf, 0xf3, 0x6f,
    0xd0, 0x0, 0x0, 0x0, 0xff, 0x36, 0xfd, 0x0,
    0x0, 0x0, 0xf, 0xf3, 0x6f, 0xd0, 0x0, 0x0,
    0x0, 0xff, 0x35, 0xff, 0x0, 0x0, 0x0, 0x2f,
    0xf4, 0x2f, 0xf5, 0x0, 0x0, 0x9, 0xff, 0x0,
    0xbf, 0xf7, 0x20, 0x29, 0xff, 0xf0, 0x1, 0xcf,
    0xff, 0xff, 0xff, 0xf0, 0x0, 0x0, 0x6c, 0xef,
    0xff, 0xb0, 0x0, 0x0, 0x0, 0x7, 0xf9, 0x0,
    0x0, 0x0, 0x0, 0x3, 0xfc, 0x0, 0x0, 0x0,
    0x0, 0x0, 0x4f, 0xfa, 0x60, 0x0, 0x0, 0x0,
    0x0, 0x8e, 0xe9, 0x0, 0x0,

    /* U+0173 "ų" */
    0x8f, 0x90, 0x0, 0x9, 0xf9, 0x8, 0xf9, 0x0,
    0x0, 0x9f, 0x90, 0x8f, 0x90, 0x0, 0x9, 0xf9,
    0x8, 0xf9, 0x0, 0x0, 0x9f, 0x90, 0x8f, 0x90,
    0x0, 0x9, 0xf9, 0x8, 0xf9, 0x0, 0x0, 0x9f,
    0x90, 0x8f, 0x90, 0x0, 0x9, 0xf9, 0x8, 0xfb,
    0x0, 0x0, 0xcf, 0x90, 0x5f, 0xf5, 0x0, 0x7f,
    0xf9, 0x0, 0xdf, 0xff, 0xff, 0x9f, 0x90, 0x1,
    0xae, 0xfb, 0x3a, 0xfa, 0x0, 0x0, 0x0, 0x6,
    0xfa, 0x0, 0x0, 0x0, 0x0, 0xef, 0x0, 0x0,
    0x0, 0x0, 0xf, 0xfb, 0x90, 0x0, 0x0, 0x0,
    0x5d, 0xfc, 0x0,

    /* U+0174 "Ŵ" */
    0x0, 0x0, 0x0, 0x0, 0x5f, 0xf5, 0x0, 0x0,
    0x0, 0x0, 0x0, 0x0, 0x0, 0x3, 0xfc, 0xbf,
    0x30, 0x0, 0x0, 0x0, 0x0, 0x0, 0x0, 0x1e,
    0xe1, 0x1e, 0xe1, 0x0, 0x0, 0x0, 0x0, 0x0,
    0x0, 0x0, 0x0, 0x0, 0x0, 0x0, 0x0, 0x0,
    0x0, 0x0, 0x0, 0x0, 0x0, 0x0, 0x0, 0x0,
    0x0, 0x0, 0x5f, 0xf0, 0x0, 0x0, 0x5f, 0xf6,
    0x0, 0x0, 0xe, 0xf6, 0x1f, 0xf3, 0x0, 0x0,
    0x9f, 0xfa, 0x0, 0x0, 0x3f, 0xf2, 0xc, 0xf7,
    0x0, 0x0, 0xdf, 0xfe, 0x0, 0x0, 0x7f, 0xd0,
    0x8, 0xfc, 0x0, 0x2, 0xfd, 0xcf, 0x20, 0x0,
    0xbf, 0x90, 0x3, 0xff, 0x0, 0x6, 0xf9, 0x9f,
    0x70, 0x0, 0xff, 0x40, 0x0, 0xff, 0x40, 0xa,
    0xf5, 0x5f, 0xb0, 0x3, 0xff, 0x0, 0x0, 0xaf,
    0x80, 0xe, 0xf1, 0x1f, 0xf0, 0x8, 0xfb, 0x0,
    0x0, 0x6f, 0xc0, 0x3f, 0xd0, 0xc, 0xf3, 0xc,
    0xf6, 0x0, 0x0, 0x1f, 0xf0, 0x7f, 0x80, 0x8,
    0xf8, 0xf, 0xf2, 0x0, 0x0, 0xd, 0xf4, 0xbf,
    0x40, 0x3, 0xfb, 0x3f, 0xd0, 0x0, 0x0, 0x8,
    0xf7, 0xef, 0x0, 0x0, 0xef, 0x7f, 0x90, 0x0,
    0x0, 0x4, 0xfc, 0xfb, 0x0, 0x0, 0xaf, 0xdf,
    0x40, 0x0, 0x0, 0x0, 0xff, 0xf6, 0x0, 0x0,
    0x6f, 0xff, 0x0, 0x0, 0x0, 0x0, 0xbf, 0xf2,
    0x0, 0x0, 0x1f, 0xfb, 0x0, 0x0,

    /* U+0175 "ŵ" */
    0x0, 0x0, 0x0, 0x3f, 0xfa, 0x0, 0x0, 0x0,
    0x0, 0x0, 0x0, 0x3f, 0xc4, 0xfa, 0x0, 0x0,
    0x0, 0x0, 0x0, 0x7, 0x70, 0x4, 0x83, 0x0,
    0x0, 0x0, 0x0, 0x0, 0x0, 0x0, 0x0, 0x0,
    0x0, 0x0, 0x4f, 0xf0, 0x0, 0xe, 0xf8, 0x0,
    0x6, 0xfe, 0x0, 0xff, 0x30, 0x2, 0xff, 0xc0,
    0x0, 0xaf, 0x90, 0xb, 0xf7, 0x0, 0x6f, 0xef,
    0x0, 0xe, 0xf4, 0x0, 0x6f, 0xc0, 0xb, 0xf8,
    0xf4, 0x2, 0xff, 0x0, 0x1, 0xff, 0x0, 0xfc,
    0x3f, 0x80, 0x6f, 0xa0, 0x0, 0xc, 0xf4, 0x3f,
    0x80, 0xfc, 0xb, 0xf6, 0x0, 0x0, 0x8f, 0x77,
    0xf4, 0xb, 0xf0, 0xef, 0x10, 0x0, 0x3, 0xfb,
    0xaf, 0x0, 0x6f, 0x6f, 0xc0, 0x0, 0x0, 0xe,
    0xee, 0xb0, 0x2, 0xfd, 0xf7, 0x0, 0x0, 0x0,
    0x9f, 0xf6, 0x0, 0xd, 0xff, 0x20, 0x0, 0x0,
    0x4, 0xff, 0x20, 0x0, 0x9f, 0xe0, 0x0, 0x0,

    /* U+0176 "Ŷ" */
    0x0, 0x0, 0x3, 0xcc, 0x20, 0x0, 0x0, 0x0,
    0x0, 0x1e, 0xde, 0xd1, 0x0, 0x0, 0x0, 0x0,
    0xdf, 0x23, 0xfb, 0x0, 0x0, 0x0, 0x1, 0x42,
    0x0, 0x34, 0x10, 0x0, 0x0, 0x0, 0x0, 0x0,
    0x0, 0x0, 0x0, 0x3f, 0xf6, 0x0, 0x0, 0x0,
    0x7f, 0xf2, 0x8, 0xfe, 0x10, 0x0, 0x1, 0xff,
    0x70, 0x0, 0xdf, 0x90, 0x0, 0xa, 0xfd, 0x0,
    0x0, 0x4f, 0xf3, 0x0, 0x4f, 0xf3, 0x0, 0x0,
    0xa, 0xfd, 0x0, 0xdf, 0x90, 0x0, 0x0, 0x1,
    0xef, 0x67, 0xfe, 0x0, 0x0, 0x0, 0x0, 0x5f,
    0xee, 0xf4, 0x0, 0x0, 0x0, 0x0, 0xb, 0xff,
    0xa0, 0x0, 0x0, 0x0, 0x0, 0x3, 0xff, 0x20,
    0x0, 0x0, 0x0, 0x0, 0x2, 0xff, 0x10, 0x0,
    0x0, 0x0, 0x0, 0x2, 0xff, 0x10, 0x0, 0x0,
    0x0, 0x0, 0x2, 0xff, 0x10, 0x0, 0x0, 0x0,
    0x0, 0x2, 0xff, 0x10, 0x0, 0x0, 0x0, 0x0,
    0x2, 0xff, 0x10, 0x0, 0x0,

    /* U+0177 "ŷ" */
    0x0, 0x0, 0x38, 0x70, 0x0, 0x0, 0x0, 0x1,
    0xee, 0xf8, 0x0, 0x0, 0x0, 0xd, 0xf2, 0x9f,
    0x50, 0x0, 0x0, 0x38, 0x40, 0x7, 0x70, 0x0,
    0x0, 0x0, 0x0, 0x0, 0x0, 0x0, 0x5f, 0xe0,
    0x0, 0x0, 0x6f, 0xd0, 0xf, 0xf4, 0x0, 0x0,
    0xcf, 0x70, 0x9, 0xfa, 0x0, 0x2, 0xff, 0x10,
    0x3, 0xff, 0x0, 0x8, 0xfb, 0x0, 0x0, 0xdf,
    0x50, 0xd, 0xf5, 0x0, 0x0, 0x7f, 0xb0, 0x3f,
    0xe0, 0x0, 0x0, 0x1f, 0xf0, 0x8f, 0x90, 0x0,
    0x0, 0xb, 0xf5, 0xef, 0x20, 0x0, 0x0, 0x5,
    0xfb, 0xfc, 0x0, 0x0, 0x0, 0x0, 0xef, 0xf6,
    0x0, 0x0, 0x0, 0x0, 0x9f, 0xf1, 0x0, 0x0,
    0x0, 0x0, 0x9f, 0xa0, 0x0, 0x0, 0x0, 0x1,
    0xef, 0x30, 0x0, 0x0, 0x4, 0xdf, 0xfa, 0x0,
    0x0, 0x0, 0x8, 0xfe, 0x90, 0x0, 0x0, 0x0,

    /* U+0178 "Ÿ" */
    0x0, 0x0, 0x53, 0x0, 0x45, 0x0, 0x0, 0x0,
    0x4, 0xff, 0x2, 0xff, 0x30, 0x0, 0x0, 0x2,
    0xec, 0x0, 0xcd, 0x10, 0x0, 0x0, 0x0, 0x0,
    0x0, 0x0, 0x0, 0x0, 0x0, 0x0, 0x0, 0x0,
    0x0, 0x0, 0x0, 0x3f, 0xf6, 0x0, 0x0, 0x0,
    0x7f, 0xf2, 0x8, 0xfe, 0x10, 0x0, 0x1, 0xff,
    0x70, 0x0, 0xdf, 0x90, 0x0, 0xa, 0xfd, 0x0,
    0x0, 0x4f, 0xf3, 0x0, 0x4f, 0xf3, 0x0, 0x0,
    0xa, 0xfd, 0x0, 0xdf, 0x90, 0x0, 0x0, 0x1,
    0xef, 0x67, 0xfe, 0x0, 0x0, 0x0, 0x0, 0x5f,
    0xee, 0xf4, 0x0, 0x0, 0x0, 0x0, 0xb, 0xff,
    0xa0, 0x0, 0x0, 0x0, 0x0, 0x3, 0xff, 0x20,
    0x0, 0x0, 0x0, 0x0, 0x2, 0xff, 0x10, 0x0,
    0x0, 0x0, 0x0, 0x2, 0xff, 0x10, 0x0, 0x0,
    0x0, 0x0, 0x2, 0xff, 0x10, 0x0, 0x0, 0x0,
    0x0, 0x2, 0xff, 0x10, 0x0, 0x0, 0x0, 0x0,
    0x2, 0xff, 0x10, 0x0, 0x0,

    /* U+0179 "Ź" */
    0x0, 0x0, 0x4, 0xeb, 0x0, 0x0, 0x0, 0x0,
    0xbf, 0x30, 0x0, 0x0, 0x0, 0x3f, 0x80, 0x0,
    0x0, 0x0, 0x0, 0x0, 0x0, 0x0, 0x0, 0x0,
    0x0, 0x0, 0x0, 0xd, 0xff, 0xff, 0xff, 0xff,
    0xf9, 0xce, 0xee, 0xee, 0xee, 0xff, 0x70, 0x0,
    0x0, 0x0, 0x7f, 0xd0, 0x0, 0x0, 0x0, 0x4f,
    0xf2, 0x0, 0x0, 0x0, 0x1e, 0xf6, 0x0, 0x0,
    0x0, 0xb, 0xfb, 0x0, 0x0, 0x0, 0x7, 0xfe,
    0x10, 0x0, 0x0, 0x3, 0xff, 0x40, 0x0, 0x0,
    0x0, 0xdf, 0x80, 0x0, 0x0, 0x0, 0x9f, 0xc0,
    0x0, 0x0, 0x0, 0x5f, 0xf2, 0x0, 0x0, 0x0,
    0x1e, 0xf4, 0x0, 0x0, 0x0, 0xa, 0xff, 0xee,
    0xee, 0xee, 0xe9, 0xcf, 0xff, 0xff, 0xff, 0xff,
    0xa0,

    /* U+017A "ź" */
    0x0, 0x0, 0x3f, 0xd0, 0x0, 0x0, 0xb, 0xf3,
    0x0, 0x0, 0x2, 0xe8, 0x0, 0x0, 0x0, 0x0,
    0x0, 0x0, 0x9f, 0xff, 0xff, 0xff, 0xc8, 0xee,
    0xee, 0xef, 0xfb, 0x0, 0x0, 0x5, 0xff, 0x20,
    0x0, 0x2, 0xff, 0x50, 0x0, 0x0, 0xdf, 0x90,
    0x0, 0x0, 0xaf, 0xc0, 0x0, 0x0, 0x6f, 0xf2,
    0x0, 0x0, 0x3f, 0xf5, 0x0, 0x0, 0x1e, 0xf9,
    0x0, 0x0, 0xa, 0xff, 0xee, 0xee, 0xee, 0xcf,
    0xff, 0xff, 0xff, 0xf0,

    /* U+017B "Ż" */
    0x0, 0x0, 0x27, 0x10, 0x0, 0x0, 0x0, 0xd,
    0xfb, 0x0, 0x0, 0x0, 0x0, 0x8f, 0x60, 0x0,
    0x0, 0x0, 0x0, 0x0, 0x0, 0x0, 0x0, 0x0,
    0x0, 0x0, 0x0, 0xd, 0xff, 0xff, 0xff, 0xff,
    0xf9, 0xce, 0xee, 0xee, 0xee, 0xff, 0x70, 0x0,
    0x0, 0x0, 0x7f, 0xd0, 0x0, 0x0, 0x0, 0x4f,
    0xf2, 0x0, 0x0, 0x0, 0x1e, 0xf6, 0x0, 0x0,
    0x0, 0xb, 0xfb, 0x0, 0x0, 0x0, 0x7, 0xfe,
    0x10, 0x0, 0x0, 0x3, 0xff, 0x40, 0x0, 0x0,
    0x0, 0xdf, 0x80, 0x0, 0x0, 0x0, 0x9f, 0xc0,
    0x0, 0x0, 0x0, 0x5f, 0xf2, 0x0, 0x0, 0x0,
    0x1e, 0xf4, 0x0, 0x0, 0x0, 0xa, 0xff, 0xee,
    0xee, 0xee, 0xe9, 0xcf, 0xff, 0xff, 0xff, 0xff,
    0xa0,

    /* U+017C "ż" */
    0x0, 0x1, 0x72, 0x0, 0x0, 0x0, 0xbf, 0xc0,
    0x0, 0x0, 0x7, 0xf8, 0x0, 0x0, 0x0, 0x0,
    0x0, 0x0, 0x9f, 0xff, 0xff, 0xff, 0xc8, 0xee,
    0xee, 0xef, 0xfb, 0x0, 0x0, 0x5, 0xff, 0x20,
    0x0, 0x2, 0xff, 0x50, 0x0, 0x0, 0xdf, 0x90,
    0x0, 0x0, 0xaf, 0xc0, 0x0, 0x0, 0x6f, 0xf2,
    0x0, 0x0, 0x3f, 0xf5, 0x0, 0x0, 0x1e, 0xf9,
    0x0, 0x0, 0xa, 0xff, 0xee, 0xee, 0xee, 0xcf,
    0xff, 0xff, 0xff, 0xf0,

    /* U+017D "Ž" */
    0x0, 0x9f, 0x60, 0x9f, 0x70, 0x0, 0x0, 0xbf,
    0x8f, 0x90, 0x0, 0x0, 0x1, 0xdf, 0xb0, 0x0,
    0x0, 0x0, 0x0, 0x0, 0x0, 0x0, 0x0, 0x0,
    0x0, 0x0, 0x0, 0xd, 0xff, 0xff, 0xff, 0xff,
    0xf9, 0xce, 0xee, 0xee, 0xee, 0xff, 0x70, 0x0,
    0x0, 0x0, 0x7f, 0xd0, 0x0, 0x0, 0x0, 0x4f,
    0xf2, 0x0, 0x0, 0x0, 0x1e, 0xf6, 0x0, 0x0,
    0x0, 0xb, 0xfb, 0x0, 0x0, 0x0, 0x7, 0xfe,
    0x10, 0x0, 0x0, 0x3, 0xff, 0x40, 0x0, 0x0,
    0x0, 0xdf, 0x80, 0x0, 0x0, 0x0, 0x9f, 0xc0,
    0x0, 0x0, 0x0, 0x5f, 0xf2, 0x0, 0x0, 0x0,
    0x1e, 0xf4, 0x0, 0x0, 0x0, 0xa, 0xff, 0xee,
    0xee, 0xee, 0xe9, 0xcf, 0xff, 0xff, 0xff, 0xff,
    0xa0,

    /* U+017E "ž" */
    0x6, 0xf9, 0x9, 0xf7, 0x0, 0x6, 0xfc, 0xf7,
    0x0, 0x0, 0x5, 0x85, 0x0, 0x0, 0x0, 0x0,
    0x0, 0x0, 0x9f, 0xff, 0xff, 0xff, 0xc8, 0xee,
    0xee, 0xef, 0xfb, 0x0, 0x0, 0x5, 0xff, 0x20,
    0x0, 0x2, 0xff, 0x50, 0x0, 0x0, 0xdf, 0x90,
    0x0, 0x0, 0xaf, 0xc0, 0x0, 0x0, 0x6f, 0xf2,
    0x0, 0x0, 0x3f, 0xf5, 0x0, 0x0, 0x1e, 0xf9,
    0x0, 0x0, 0xa, 0xff, 0xee, 0xee, 0xee, 0xcf,
    0xff, 0xff, 0xff, 0xf0,

    /* U+017F "ſ" */
    0x0, 0x47, 0x62, 0xc, 0xff, 0xf4, 0x6f, 0xf7,
    0x60, 0x8f, 0xa0, 0x0, 0x8f, 0x90, 0x0, 0x8f,
    0x90, 0x0, 0x8f, 0x90, 0x0, 0x8f, 0x90, 0x0,
    0x8f, 0x90, 0x0, 0x8f, 0x90, 0x0, 0x8f, 0x90,
    0x0, 0x8f, 0x90, 0x0, 0x8f, 0x90, 0x0, 0x8f,
    0x90, 0x0, 0x8f, 0x90, 0x0,

    /* U+2010 "‐" */
    0x3d, 0xdd, 0xdd, 0xd2, 0x4f, 0xff, 0xff, 0xf3,

    /* U+2011 "‑" */
    0x3d, 0xdd, 0xdd, 0xd2, 0x4f, 0xff, 0xff, 0xf3,

    /* U+2012 "‒" */
    0x2d, 0xdd, 0xdd, 0xdd, 0xdd, 0xdd, 0x12, 0xff,
    0xff, 0xff, 0xff, 0xff, 0xf1,

    /* U+2013 "–" */
    0xdd, 0xdd, 0xdd, 0xdd, 0xdd, 0xff, 0xff, 0xff,
    0xff, 0xff,

    /* U+2014 "—" */
    0xdd, 0xdd, 0xdd, 0xdd, 0xdd, 0xdd, 0xdd, 0xdd,
    0xdd, 0xdd, 0xff, 0xff, 0xff, 0xff, 0xff, 0xff,
    0xff, 0xff, 0xff, 0xff,

    /* U+2015 "―" */
    0xdd, 0xdd, 0xdd, 0xdd, 0xdd, 0xdd, 0xdd, 0xdd,
    0xdd, 0xdd, 0xff, 0xff, 0xff, 0xff, 0xff, 0xff,
    0xff, 0xff, 0xff, 0xff,

    /* U+2016 "‖" */
    0x8f, 0x64, 0xfa, 0x8f, 0x64, 0xfa, 0x8f, 0x64,
    0xfa, 0x8f, 0x64, 0xfa, 0x8f, 0x64, 0xfa, 0x8f,
    0x64, 0xfa, 0x8f, 0x64, 0xfa, 0x8f, 0x64, 0xfa,
    0x8f, 0x64, 0xfa, 0x8f, 0x64, 0xfa, 0x8f, 0x64,
    0xfa, 0x8f, 0x64, 0xfa, 0x8f, 0x64, 0xfa, 0x8f,
    0x64, 0xfa, 0x8f, 0x64, 0xfa, 0x8f, 0x64, 0xfa,
    0x8f, 0x64, 0xfa, 0x8f, 0x64, 0xfa, 0x8f, 0x64,
    0xfa, 0x8f, 0x64, 0xfa, 0x8f, 0x64, 0xfa, 0x8f,
    0x64, 0xfa, 0x8f, 0x64, 0xfa, 0x8f, 0x64, 0xfa,

    /* U+2017 "‗" */
    0xff, 0xff, 0xff, 0xff, 0xf2, 0x88, 0x88, 0x88,
    0x88, 0x81, 0x78, 0x88, 0x88, 0x88, 0x81, 0xff,
    0xff, 0xff, 0xff, 0xf2,

    /* U+2018 "‘" */
    0x0, 0xfa, 0x3, 0xf8, 0x8, 0xf5, 0xc, 0xf3,
    0x1f, 0xf1, 0x3b, 0xa0,

    /* U+2019 "’" */
    0x6, 0xb7, 0xb, 0xf6, 0xe, 0xf2, 0xf, 0xd0,
    0x3f, 0x90, 0x5f, 0x40,

    /* U+201A "‚" */
    0xa, 0xb2, 0x2f, 0xf0, 0x4f, 0xb0, 0x7f, 0x70,
    0x9f, 0x20, 0xce, 0x0,

    /* U+201B "‛" */
    0x1f, 0xf2, 0xc, 0xf5, 0x7, 0xf7, 0x3, 0xfa,
    0x0, 0xec, 0x0, 0x7a,

    /* U+201C "“" */
    0x0, 0xfa, 0x0, 0xf9, 0x3, 0xf8, 0x4, 0xf7,
    0x8, 0xf5, 0x9, 0xf4, 0xc, 0xf3, 0xd, 0xf2,
    0x1f, 0xf1, 0x2f, 0xf0, 0x3b, 0xa0, 0x4b, 0x90,

    /* U+201D "”" */
    0x6, 0xb7, 0x8, 0xb5, 0xb, 0xf6, 0xd, 0xf4,
    0xe, 0xf2, 0xf, 0xf0, 0xf, 0xd0, 0x2f, 0xb0,
    0x3f, 0x90, 0x5f, 0x70, 0x5f, 0x40, 0x7f, 0x20,

    /* U+201E "„" */
    0xa, 0xb2, 0x1b, 0xb1, 0x2f, 0xf0, 0x4f, 0xe0,
    0x4f, 0xb0, 0x6f, 0x90, 0x7f, 0x70, 0x9f, 0x50,
    0x9f, 0x20, 0xbf, 0x0, 0xce, 0x0, 0xec, 0x0,

    /* U+201F "‟" */
    0x1f, 0xf2, 0x3f, 0xf0, 0xc, 0xf5, 0xe, 0xf3,
    0x7, 0xf7, 0xa, 0xf5, 0x3, 0xfa, 0x5, 0xf7,
    0x0, 0xec, 0x1, 0xfa, 0x0, 0x7a, 0x0, 0x98,

    /* U+2020 "†" */
    0x0, 0xd, 0xf3, 0x0, 0x0, 0x0, 0xdf, 0x30,
    0x0, 0x0, 0xd, 0xf3, 0x0, 0xb, 0xff, 0xff,
    0xff, 0xf2, 0x7a, 0xae, 0xfb, 0xaa, 0x10, 0x0,
    0xdf, 0x30, 0x0, 0x0, 0xc, 0xf3, 0x0, 0x0,
    0x0, 0xbf, 0x20, 0x0, 0x0, 0xa, 0xf1, 0x0,
    0x0, 0x0, 0x8f, 0x0, 0x0, 0x0, 0x5, 0x90,
    0x0, 0x0,

    /* U+2021 "‡" */
    0x0, 0xd, 0xf3, 0x0, 0x0, 0x0, 0xdf, 0x30,
    0x0, 0x7a, 0xae, 0xfb, 0xaa, 0x1b, 0xff, 0xff,
    0xff, 0xf2, 0x0, 0xd, 0xf3, 0x0, 0x0, 0x0,
    0xdf, 0x30, 0x0, 0x0, 0xd, 0xf3, 0x0, 0xb,
    0xff, 0xff, 0xff, 0xf2, 0x7a, 0xae, 0xfb, 0xaa,
    0x10, 0x0, 0xdf, 0x30, 0x0, 0x0, 0xc, 0xf3,
    0x0, 0x0, 0x0, 0xaf, 0x10, 0x0, 0x0, 0x9,
    0xf0, 0x0, 0x0, 0x0, 0x7e, 0x0, 0x0,

    /* U+2022 "•" */
    0x0, 0x12, 0x0, 0x0, 0x9f, 0xfe, 0x50, 0x6f,
    0xff, 0xff, 0x1b, 0xff, 0xff, 0xf6, 0xbf, 0xff,
    0xff, 0x54, 0xff, 0xff, 0xe0, 0x5, 0xdf, 0xb2,
    0x0,

    /* U+2023 "‣" */
    0x91, 0x0, 0x0, 0xef, 0x70, 0x0, 0xef, 0xfd,
    0x40, 0xef, 0xff, 0xb1, 0xef, 0xe5, 0x0, 0xe8,
    0x0, 0x0, 0x20, 0x0, 0x0,

    /* U+2024 "․" */
    0xb, 0xb1, 0x5f, 0xf6, 0x1d, 0xd2,

    /* U+2025 "‥" */
    0xb, 0xb1, 0x0, 0xa, 0xc1, 0x5f, 0xf6, 0x0,
    0x4f, 0xf7, 0x1d, 0xd2, 0x0, 0x1d, 0xe2,

    /* U+2026 "…" */
    0xb, 0xb1, 0x0, 0xa, 0xc1, 0x0, 0xa, 0xc2,
    0x5f, 0xf6, 0x0, 0x4f, 0xf7, 0x0, 0x3f, 0xf8,
    0x1d, 0xd2, 0x0, 0x1d, 0xe2, 0x0, 0xc, 0xe3,

    /* U+2027 "‧" */
    0xb, 0xb1, 0x5f, 0xf6, 0x1d, 0xd2,

    /* U+2190 "←" */
    0x0, 0x0, 0x0, 0x7, 0x0, 0x0, 0x0, 0x0,
    0x0, 0x0, 0x0, 0xaf, 0x90, 0x0, 0x0, 0x0,
    0x0, 0x0, 0xa, 0xfd, 0x10, 0x0, 0x0, 0x0,
    0x0, 0x0, 0xaf, 0xc1, 0x0, 0x0, 0x0, 0x0,
    0x0, 0xa, 0xfb, 0x0, 0x0, 0x0, 0x0, 0x0,
    0x0, 0xaf, 0x90, 0x11, 0x11, 0x11, 0x11, 0x10,
    0xa, 0xff, 0xef, 0xff, 0xff, 0xff, 0xff, 0xf9,
    0x6, 0xff, 0xbb, 0xcc, 0xcc, 0xcc, 0xcc, 0xc7,
    0x0, 0x6f, 0xd2, 0x0, 0x0, 0x0, 0x0, 0x0,
    0x0, 0x6, 0xfe, 0x30, 0x0, 0x0, 0x0, 0x0,
    0x0, 0x0, 0x6f, 0xf3, 0x0, 0x0, 0x0, 0x0,
    0x0, 0x0, 0x6, 0xff, 0x40, 0x0, 0x0, 0x0,
    0x0, 0x0, 0x0, 0x6f, 0x80, 0x0, 0x0, 0x0,
    0x0, 0x0, 0x0, 0x3, 0x0, 0x0, 0x0, 0x0,

    /* U+2191 "↑" */
    0x0, 0x0, 0x0, 0x72, 0x0, 0x0, 0x0, 0x0,
    0x0, 0x7, 0xfe, 0x20, 0x0, 0x0, 0x0, 0x0,
    0x7f, 0xff, 0xe2, 0x0, 0x0, 0x0, 0x7, 0xfb,
    0xfb, 0xfe, 0x20, 0x0, 0x0, 0x7f, 0xd2, 0xfa,
    0x5f, 0xe2, 0x0, 0x7, 0xfe, 0x12, 0xfb, 0x6,
    0xfe, 0x20, 0x7f, 0xe2, 0x2, 0xfb, 0x0, 0x7f,
    0xe2, 0x3d, 0x20, 0x2, 0xfb, 0x0, 0x7, 0xa0,
    0x0, 0x0, 0x2, 0xfb, 0x0, 0x0, 0x0, 0x0,
    0x0, 0x2, 0xfb, 0x0, 0x0, 0x0, 0x0, 0x0,
    0x2, 0xfb, 0x0, 0x0, 0x0, 0x0, 0x0, 0x2,
    0xfb, 0x0, 0x0, 0x0, 0x0, 0x0, 0x2, 0xfb,
    0x0, 0x0, 0x0, 0x0, 0x0, 0x2, 0xfb, 0x0,
    0x0, 0x0, 0x0, 0x0, 0x2, 0xfb, 0x0, 0x0,
    0x0,

    /* U+2192 "→" */
    0x0, 0x0, 0x0, 0x0, 0x80, 0x0, 0x0, 0x0,
    0x0, 0x0, 0x0, 0x8, 0xfb, 0x0, 0x0, 0x0,
    0x0, 0x0, 0x0, 0x0, 0xcf, 0xb0, 0x0, 0x0,
    0x0, 0x0, 0x0, 0x0, 0xc, 0xfb, 0x0, 0x0,
    0x0, 0x0, 0x0, 0x0, 0x0, 0xbf, 0xb0, 0x0,
    0x1, 0x11, 0x11, 0x11, 0x11, 0x8, 0xfb, 0x0,
    0x8f, 0xff, 0xff, 0xff, 0xff, 0xfe, 0xff, 0xb0,
    0x6c, 0xcc, 0xcc, 0xcc, 0xcc, 0xca, 0xff, 0x70,
    0x0, 0x0, 0x0, 0x0, 0x0, 0x1c, 0xf7, 0x0,
    0x0, 0x0, 0x0, 0x0, 0x2, 0xef, 0x70, 0x0,
    0x0, 0x0, 0x0, 0x0, 0x3e, 0xf7, 0x0, 0x0,
    0x0, 0x0, 0x0, 0x3, 0xef, 0x70, 0x0, 0x0,
    0x0, 0x0, 0x0, 0x6, 0xf7, 0x0, 0x0, 0x0,
    0x0, 0x0, 0x0, 0x0, 0x30, 0x0, 0x0, 0x0,

    /* U+2193 "↓" */
    0x0, 0x0, 0x1, 0x86, 0x0, 0x0, 0x0, 0x0,
    0x0, 0x2, 0xfb, 0x0, 0x0, 0x0, 0x0, 0x0,
    0x2, 0xfb, 0x0, 0x0, 0x0, 0x0, 0x0, 0x2,
    0xfb, 0x0, 0x0, 0x0, 0x0, 0x0, 0x2, 0xfb,
    0x0, 0x0, 0x0, 0x0, 0x0, 0x2, 0xfb, 0x0,
    0x0, 0x0, 0x0, 0x0, 0x2, 0xfb, 0x0, 0x0,
    0x0, 0x6, 0x0, 0x2, 0xfb, 0x0, 0x2, 0x40,
    0x8f, 0x90, 0x2, 0xfb, 0x0, 0x2e, 0xf2, 0x1d,
    0xf9, 0x2, 0xfb, 0x2, 0xef, 0x80, 0x1, 0xdf,
    0x71, 0xfb, 0x1d, 0xf8, 0x0, 0x0, 0x1d, 0xf6,
    0xfa, 0xbf, 0x80, 0x0, 0x0, 0x1, 0xdf, 0xfe,
    0xf8, 0x0, 0x0, 0x0, 0x0, 0x1d, 0xff, 0x80,
    0x0, 0x0, 0x0, 0x0, 0x1, 0xd8, 0x0, 0x0,
    0x0, 0x0, 0x0, 0x0, 0x0, 0x0, 0x0, 0x0,

    /* U+2212 "−" */
    0x3e, 0xee, 0xee, 0xee, 0xee, 0x23, 0xff, 0xff,
    0xff, 0xff, 0xf2, 0x0, 0x0, 0x0, 0x0, 0x0,
    0x0,

    /* U+25B2 "▲" */
    0x0, 0x0, 0x0, 0x0, 0x1, 0x0, 0x0, 0x0,
    0x0, 0x0, 0x0, 0x0, 0x0, 0x5, 0xc0, 0x0,
    0x0, 0x0, 0x0, 0x0, 0x0, 0x0, 0x0, 0xef,
    0x60, 0x0, 0x0, 0x0, 0x0, 0x0, 0x0, 0x0,
    0x8f, 0xfe, 0x10, 0x0, 0x0, 0x0, 0x0, 0x0,
    0x0, 0x2f, 0xff, 0xf9, 0x0, 0x0, 0x0, 0x0,
    0x0, 0x0, 0xb, 0xff, 0xff, 0xf2, 0x0, 0x0,
    0x0, 0x0, 0x0, 0x5, 0xff, 0xff, 0xff, 0xc0,
    0x0, 0x0, 0x0, 0x0, 0x0, 0xef, 0xff, 0xff,
    0xff, 0x50, 0x0, 0x0, 0x0, 0x0, 0x8f, 0xff,
    0xff, 0xff, 0xfe, 0x0, 0x0, 0x0, 0x0, 0x2f,
    0xff, 0xff, 0xff, 0xff, 0xf8, 0x0, 0x0, 0x0,
    0xb, 0xff, 0xff, 0xff, 0xff, 0xff, 0xf2, 0x0,
    0x0, 0x4, 0xff, 0xff, 0xff, 0xff, 0xff, 0xff,
    0xb0, 0x0, 0x0, 0xdf, 0xff, 0xff, 0xff, 0xff,
    0xff, 0xff, 0x50, 0x0, 0x7f, 0xff, 0xff, 0xff,
    0xff, 0xff, 0xff, 0xfe, 0x0, 0x1f, 0xff, 0xff,
    0xff, 0xff, 0xff, 0xff, 0xff, 0xf8, 0xa, 0xff,
    0xff, 0xff, 0xff, 0xff, 0xff, 0xff, 0xff, 0xf2,

    /* U+25B6 "▶" */
    0x1, 0x0, 0x0, 0x0, 0x0, 0x0, 0x0, 0x0,
    0x1, 0xf7, 0x0, 0x0, 0x0, 0x0, 0x0, 0x0,
    0x0, 0x1f, 0xfd, 0x40, 0x0, 0x0, 0x0, 0x0,
    0x0, 0x1, 0xff, 0xff, 0xb2, 0x0, 0x0, 0x0,
    0x0, 0x0, 0x1f, 0xff, 0xff, 0xf8, 0x0, 0x0,
    0x0, 0x0, 0x1, 0xff, 0xff, 0xff, 0xfe, 0x60,
    0x0, 0x0, 0x0, 0x1f, 0xff, 0xff, 0xff, 0xff,
    0xc3, 0x0, 0x0, 0x1, 0xff, 0xff, 0xff, 0xff,
    0xff, 0xfa, 0x10, 0x0, 0x1f, 0xff, 0xff, 0xff,
    0xff, 0xff, 0xff, 0x70, 0x1, 0xff, 0xff, 0xff,
    0xff, 0xff, 0xff, 0xff, 0xd2, 0x1f, 0xff, 0xff,
    0xff, 0xff, 0xff, 0xff, 0xe5, 0x1, 0xff, 0xff,
    0xff, 0xff, 0xff, 0xff, 0x80, 0x0, 0x1f, 0xff,
    0xff, 0xff, 0xff, 0xfa, 0x10, 0x0, 0x1, 0xff,
    0xff, 0xff, 0xff, 0xd4, 0x0, 0x0, 0x0, 0x1f,
    0xff, 0xff, 0xfe, 0x60, 0x0, 0x0, 0x0, 0x1,
    0xff, 0xff, 0xf9, 0x10, 0x0, 0x0, 0x0, 0x0,
    0x1f, 0xff, 0xb2, 0x0, 0x0, 0x0, 0x0, 0x0,
    0x1, 0xfd, 0x50, 0x0, 0x0, 0x0, 0x0, 0x0,
    0x0, 0x7, 0x0, 0x0, 0x0, 0x0, 0x0, 0x0,
    0x0, 0x0,

    /* U+25BC "▼" */
    0x78, 0x88, 0x88, 0x88, 0x88, 0x88, 0x88, 0x88,
    0x88, 0x25, 0xff, 0xff, 0xff, 0xff, 0xff, 0xff,
    0xff, 0xff, 0xc0, 0xc, 0xff, 0xff, 0xff, 0xff,
    0xff, 0xff, 0xff, 0xf3, 0x0, 0x2f, 0xff, 0xff,
    0xff, 0xff, 0xff, 0xff, 0xf9, 0x0, 0x0, 0x9f,
    0xff, 0xff, 0xff, 0xff, 0xff, 0xfe, 0x10, 0x0,
    0x0, 0xef, 0xff, 0xff, 0xff, 0xff, 0xff, 0x60,
    0x0, 0x0, 0x6, 0xff, 0xff, 0xff, 0xff, 0xff,
    0xc0, 0x0, 0x0, 0x0, 0xc, 0xff, 0xff, 0xff,
    0xff, 0xf3, 0x0, 0x0, 0x0, 0x0, 0x3f, 0xff,
    0xff, 0xff, 0xfa, 0x0, 0x0, 0x0, 0x0, 0x0,
    0x9f, 0xff, 0xff, 0xff, 0x10, 0x0, 0x0, 0x0,
    0x0, 0x1, 0xef, 0xff, 0xff, 0x70, 0x0, 0x0,
    0x0, 0x0, 0x0, 0x6, 0xff, 0xff, 0xd0, 0x0,
    0x0, 0x0, 0x0, 0x0, 0x0, 0xc, 0xff, 0xf4,
    0x0, 0x0, 0x0, 0x0, 0x0, 0x0, 0x0, 0x3f,
    0xfa, 0x0, 0x0, 0x0, 0x0, 0x0, 0x0, 0x0,
    0x0, 0xaf, 0x10, 0x0, 0x0, 0x0, 0x0, 0x0,
    0x0, 0x0, 0x1, 0x60, 0x0, 0x0, 0x0, 0x0,

    /* U+25C0 "◀" */
    0x0, 0x0, 0x0, 0x0, 0x0, 0x0, 0x0, 0x1,
    0x0, 0x0, 0x0, 0x0, 0x0, 0x0, 0x2, 0xba,
    0x0, 0x0, 0x0, 0x0, 0x0, 0x0, 0x8f, 0xfa,
    0x0, 0x0, 0x0, 0x0, 0x0, 0x6e, 0xff, 0xfa,
    0x0, 0x0, 0x0, 0x0, 0x3c, 0xff, 0xff, 0xfa,
    0x0, 0x0, 0x0, 0x1a, 0xff, 0xff, 0xff, 0xfa,
    0x0, 0x0, 0x7, 0xff, 0xff, 0xff, 0xff, 0xfa,
    0x0, 0x4, 0xdf, 0xff, 0xff, 0xff, 0xff, 0xfa,
    0x2, 0xbf, 0xff, 0xff, 0xff, 0xff, 0xff, 0xfa,
    0x7f, 0xff, 0xff, 0xff, 0xff, 0xff, 0xff, 0xfa,
    0x19, 0xff, 0xff, 0xff, 0xff, 0xff, 0xff, 0xfa,
    0x0, 0x3c, 0xff, 0xff, 0xff, 0xff, 0xff, 0xfa,
    0x0, 0x0, 0x5e, 0xff, 0xff, 0xff, 0xff, 0xfa,
    0x0, 0x0, 0x0, 0x8f, 0xff, 0xff, 0xff, 0xfa,
    0x0, 0x0, 0x0, 0x2, 0xaf, 0xff, 0xff, 0xfa,
    0x0, 0x0, 0x0, 0x0, 0x4, 0xdf, 0xff, 0xfa,
    0x0, 0x0, 0x0, 0x0, 0x0, 0x6, 0xef, 0xfa,
    0x0, 0x0, 0x0, 0x0, 0x0, 0x0, 0x19, 0xfa,
    0x0, 0x0, 0x0, 0x0, 0x0, 0x0, 0x0, 0x26,

    /* U+2605 "★" */
    0x0, 0x0, 0x0, 0x0, 0x0, 0x0, 0x0, 0x0,
    0x0, 0x0, 0x0, 0x0, 0x0, 0x0, 0x90, 0x0,
    0x0, 0x0, 0x0, 0x0, 0x0, 0x0, 0x0, 0x2f,
    0x10, 0x0, 0x0, 0x0, 0x0, 0x0, 0x0, 0x0,
    0x7, 0xf6, 0x0, 0x0, 0x0, 0x0, 0x0, 0x0,
    0x0, 0x0, 0xcf, 0xb0, 0x0, 0x0, 0x0, 0x0,
    0x0, 0x0, 0x0, 0x1f, 0xff, 0x0, 0x0, 0x0,
    0x0, 0x1, 0x11, 0x11, 0x17, 0xff, 0xf6, 0x11,
    0x11, 0x10, 0x0, 0x6f, 0xff, 0xff, 0xff, 0xff,
    0xff, 0xff, 0xff, 0x50, 0x0, 0x2d, 0xff, 0xff,
    0xff, 0xff, 0xff, 0xfc, 0x20, 0x0, 0x0, 0x9,
    0xff, 0xff, 0xff, 0xff, 0xf8, 0x0, 0x0, 0x0,
    0x0, 0x5, 0xff, 0xff, 0xff, 0xe4, 0x0, 0x0,
    0x0, 0x0, 0x0, 0xf, 0xff, 0xff, 0xfe, 0x0,
    0x0, 0x0, 0x0, 0x0, 0x5, 0xff, 0xff, 0xff,
    0xf4, 0x0, 0x0, 0x0, 0x0, 0x0, 0xbf, 0xfe,
    0x7e, 0xff, 0x90, 0x0, 0x0, 0x0, 0x0, 0xf,
    0xfa, 0x10, 0x1b, 0xfe, 0x0, 0x0, 0x0, 0x0,
    0x5, 0xf6, 0x0, 0x0, 0x7, 0xf4, 0x0, 0x0,
    0x0, 0x0, 0x82, 0x0, 0x0, 0x0, 0x3, 0x70,
    0x0, 0x0, 0x0, 0x0, 0x0, 0x0, 0x0, 0x0,
    0x0, 0x0, 0x0,

    /* U+2713 "✓" */
    0x0, 0x0, 0x0, 0x0, 0x0, 0x0, 0x92, 0x0,
    0x0, 0x0, 0x0, 0x0, 0x0, 0xaf, 0xd0, 0x0,
    0x0, 0x0, 0x0, 0x0, 0xaf, 0xf3, 0x0, 0x0,
    0x0, 0x0, 0x0, 0xaf, 0xf3, 0x0, 0x9, 0x0,
    0x0, 0x0, 0xaf, 0xf3, 0x0, 0xa, 0xfc, 0x10,
    0x0, 0xaf, 0xf3, 0x0, 0x0, 0x1d, 0xfc, 0x10,
    0xbf, 0xf3, 0x0, 0x0, 0x0, 0x1d, 0xfd, 0xbf,
    0xf3, 0x0, 0x0, 0x0, 0x0, 0x1d, 0xff, 0xf3,
    0x0, 0x0, 0x0, 0x0, 0x0, 0x1d, 0xf3, 0x0,
    0x0, 0x0, 0x0, 0x0, 0x0, 0x13, 0x0, 0x0,
    0x0, 0x0, 0x0
};


/*---------------------
 *  GLYPH DESCRIPTION
 *--------------------*/

static const lv_font_fmt_txt_glyph_dsc_t glyph_dsc[] = {
    {.bitmap_index = 0, .adv_w = 0, .box_w = 0, .box_h = 0, .ofs_x = 0, .ofs_y = 0} /* id = 0 reserved */,
    {.bitmap_index = 0, .adv_w = 86, .box_w = 0, .box_h = 0, .ofs_x = 0, .ofs_y = 0},
    {.bitmap_index = 0, .adv_w = 97, .box_w = 4, .box_h = 14, .ofs_x = 1, .ofs_y = 0},
    {.bitmap_index = 28, .adv_w = 158, .box_w = 6, .box_h = 6, .ofs_x = 2, .ofs_y = 8},
    {.bitmap_index = 46, .adv_w = 204, .box_w = 13, .box_h = 14, .ofs_x = 0, .ofs_y = 0},
    {.bitmap_index = 137, .adv_w = 207, .box_w = 11, .box_h = 19, .ofs_x = 1, .ofs_y = -2},
    {.bitmap_index = 242, .adv_w = 318, .box_w = 16, .box_h = 14, .ofs_x = 2, .ofs_y = 0},
    {.bitmap_index = 354, .adv_w = 209, .box_w = 13, .box_h = 14, .ofs_x = 0, .ofs_y = 0},
    {.bitmap_index = 445, .adv_w = 100, .box_w = 3, .box_h = 6, .ofs_x = 2, .ofs_y = 8},
    {.bitmap_index = 454, .adv_w = 125, .box_w = 5, .box_h = 19, .ofs_x = 2, .ofs_y = -3},
    {.bitmap_index = 502, .adv_w = 125, .box_w = 5, .box_h = 19, .ofs_x = 1, .ofs_y = -3},
    {.bitmap_index = 550, .adv_w = 207, .box_w = 9, .box_h = 9, .ofs_x = 2, .ofs_y = 5},
    {.bitmap_index = 591, .adv_w = 207, .box_w = 11, .box_h = 10, .ofs_x = 1, .ofs_y = 1},
    {.bitmap_index = 646, .adv_w = 86, .box_w = 5, .box_h = 6, .ofs_x = 0, .ofs_y = -4},
    {.bitmap_index = 661, .adv_w = 207, .box_w = 7, .box_h = 2, .ofs_x = 3, .ofs_y = 5},
    {.bitmap_index = 668, .adv_w = 86, .box_w = 4, .box_h = 3, .ofs_x = 1, .ofs_y = 0},
    {.bitmap_index = 674, .adv_w = 118, .box_w = 7, .box_h = 18, .ofs_x = 0, .ofs_y = -2},
    {.bitmap_index = 737, .adv_w = 207, .box_w = 11, .box_h = 14, .ofs_x = 1, .ofs_y = 0},
    {.bitmap_index = 814, .adv_w = 207, .box_w = 10, .box_h = 14, .ofs_x = 2, .ofs_y = 0},
    {.bitmap_index = 884, .adv_w = 207, .box_w = 11, .box_h = 14, .ofs_x = 1, .ofs_y = 0},
    {.bitmap_index = 961, .adv_w = 207, .box_w = 11, .box_h = 14, .ofs_x = 1, .ofs_y = 0},
    {.bitmap_index = 1038, .adv_w = 207, .box_w = 11, .box_h = 14, .ofs_x = 1, .ofs_y = 0},
    {.bitmap_index = 1115, .adv_w = 207, .box_w = 11, .box_h = 14, .ofs_x = 1, .ofs_y = 0},
    {.bitmap_index = 1192, .adv_w = 207, .box_w = 11, .box_h = 14, .ofs_x = 1, .ofs_y = 0},
    {.bitmap_index = 1269, .adv_w = 207, .box_w = 11, .box_h = 14, .ofs_x = 1, .ofs_y = 0},
    {.bitmap_index = 1346, .adv_w = 207, .box_w = 11, .box_h = 14, .ofs_x = 1, .ofs_y = 0},
    {.bitmap_index = 1423, .adv_w = 207, .box_w = 11, .box_h = 14, .ofs_x = 1, .ofs_y = 0},
    {.bitmap_index = 1500, .adv_w = 86, .box_w = 4, .box_h = 11, .ofs_x = 1, .ofs_y = 0},
    {.bitmap_index = 1522, .adv_w = 86, .box_w = 5, .box_h = 14, .ofs_x = 0, .ofs_y = -4},
    {.bitmap_index = 1557, .adv_w = 207, .box_w = 11, .box_h = 12, .ofs_x = 1, .ofs_y = 0},
    {.bitmap_index = 1623, .adv_w = 207, .box_w = 11, .box_h = 6, .ofs_x = 1, .ofs_y = 3},
    {.bitmap_index = 1656, .adv_w = 207, .box_w = 11, .box_h = 12, .ofs_x = 1, .ofs_y = 0},
    {.bitmap_index = 1722, .adv_w = 169, .box_w = 10, .box_h = 14, .ofs_x = 0, .ofs_y = 0},
    {.bitmap_index = 1792, .adv_w = 314, .box_w = 18, .box_h = 18, .ofs_x = 1, .ofs_y = -4},
    {.bitmap_index = 1954, .adv_w = 227, .box_w = 14, .box_h = 14, .ofs_x = 0, .ofs_y = 0},
    {.bitmap_index = 2052, .adv_w = 210, .box_w = 12, .box_h = 14, .ofs_x = 1, .ofs_y = 0},
    {.bitmap_index = 2136, .adv_w = 235, .box_w = 13, .box_h = 14, .ofs_x = 1, .ofs_y = 0},
    {.bitmap_index = 2227, .adv_w = 231, .box_w = 13, .box_h = 14, .ofs_x = 1, .ofs_y = 0},
    {.bitmap_index = 2318, .adv_w = 193, .box_w = 10, .box_h = 14, .ofs_x = 1, .ofs_y = 0},
    {.bitmap_index = 2388, .adv_w = 189, .box_w = 10, .box_h = 14, .ofs_x = 1, .ofs_y = 0},
    {.bitmap_index = 2458, .adv_w = 239, .box_w = 13, .box_h = 14, .ofs_x = 1, .ofs_y = 0},
    {.bitmap_index = 2549, .adv_w = 238, .box_w = 13, .box_h = 14, .ofs_x = 1, .ofs_y = 0},
    {.bitmap_index = 2640, .adv_w = 87, .box_w = 3, .box_h = 14, .ofs_x = 1, .ofs_y = 0},
    {.bitmap_index = 2661, .adv_w = 184, .box_w = 10, .box_h = 14, .ofs_x = 0, .ofs_y = 0},
    {.bitmap_index = 2731, .adv_w = 220, .box_w = 13, .box_h = 14, .ofs_x = 1, .ofs_y = 0},
    {.bitmap_index = 2822, .adv_w = 181, .box_w = 10, .box_h = 14, .ofs_x = 1, .ofs_y = 0},
    {.bitmap_index = 2892, .adv_w = 292, .box_w = 16, .box_h = 14, .ofs_x = 1, .ofs_y = 0},
    {.bitmap_index = 3004, .adv_w = 242, .box_w = 13, .box_h = 14, .ofs_x = 1, .ofs_y = 0},
    {.bitmap_index = 3095, .adv_w = 245, .box_w = 14, .box_h = 14, .ofs_x = 1, .ofs_y = 0},
    {.bitmap_index = 3193, .adv_w = 205, .box_w = 11, .box_h = 14, .ofs_x = 1, .ofs_y = 0},
    {.bitmap_index = 3270, .adv_w = 246, .box_w = 14, .box_h = 15, .ofs_x = 1, .ofs_y = -1},
    {.bitmap_index = 3375, .adv_w = 207, .box_w = 12, .box_h = 14, .ofs_x = 1, .ofs_y = 0},
    {.bitmap_index = 3459, .adv_w = 207, .box_w = 11, .box_h = 14, .ofs_x = 1, .ofs_y = 0},
    {.bitmap_index = 3536, .adv_w = 209, .box_w = 13, .box_h = 14, .ofs_x = 0, .ofs_y = 0},
    {.bitmap_index = 3627, .adv_w = 237, .box_w = 13, .box_h = 14, .ofs_x = 1, .ofs_y = 0},
    {.bitmap_index = 3718, .adv_w = 227, .box_w = 14, .box_h = 14, .ofs_x = 0, .ofs_y = 0},
    {.bitmap_index = 3816, .adv_w = 321, .box_w = 20, .box_h = 14, .ofs_x = 0, .ofs_y = 0},
    {.bitmap_index = 3956, .adv_w = 224, .box_w = 14, .box_h = 14, .ofs_x = 0, .ofs_y = 0},
    {.bitmap_index = 4054, .adv_w = 223, .box_w = 14, .box_h = 14, .ofs_x = 0, .ofs_y = 0},
    {.bitmap_index = 4152, .adv_w = 205, .box_w = 11, .box_h = 14, .ofs_x = 1, .ofs_y = 0},
    {.bitmap_index = 4229, .adv_w = 125, .box_w = 5, .box_h = 18, .ofs_x = 2, .ofs_y = -3},
    {.bitmap_index = 4274, .adv_w = 118, .box_w = 7, .box_h = 18, .ofs_x = 0, .ofs_y = -2},
    {.bitmap_index = 4337, .adv_w = 125, .box_w = 5, .box_h = 18, .ofs_x = 1, .ofs_y = -3},
    {.bitmap_index = 4382, .adv_w = 153, .box_w = 9, .box_h = 6, .ofs_x = 0, .ofs_y = 8},
    {.bitmap_index = 4409, .adv_w = 148, .box_w = 10, .box_h = 2, .ofs_x = 0, .ofs_y = -2},
    {.bitmap_index = 4419, .adv_w = 108, .box_w = 5, .box_h = 3, .ofs_x = 1, .ofs_y = 12},
    {.bitmap_index = 4427, .adv_w = 182, .box_w = 10, .box_h = 11, .ofs_x = 0, .ofs_y = 0},
    {.bitmap_index = 4482, .adv_w = 198, .box_w = 11, .box_h = 14, .ofs_x = 1, .ofs_y = 0},
    {.bitmap_index = 4559, .adv_w = 185, .box_w = 11, .box_h = 11, .ofs_x = 0, .ofs_y = 0},
    {.bitmap_index = 4620, .adv_w = 198, .box_w = 11, .box_h = 14, .ofs_x = 0, .ofs_y = 0},
    {.bitmap_index = 4697, .adv_w = 188, .box_w = 11, .box_h = 11, .ofs_x = 0, .ofs_y = 0},
    {.bitmap_index = 4758, .adv_w = 121, .box_w = 8, .box_h = 15, .ofs_x = 0, .ofs_y = 0},
    {.bitmap_index = 4818, .adv_w = 198, .box_w = 11, .box_h = 15, .ofs_x = 0, .ofs_y = -4},
    {.bitmap_index = 4901, .adv_w = 193, .box_w = 10, .box_h = 14, .ofs_x = 1, .ofs_y = 0},
    {.bitmap_index = 4971, .adv_w = 81, .box_w = 3, .box_h = 15, .ofs_x = 1, .ofs_y = 0},
    {.bitmap_index = 4994, .adv_w = 81, .box_w = 5, .box_h = 19, .ofs_x = -1, .ofs_y = -4},
    {.bitmap_index = 5042, .adv_w = 179, .box_w = 10, .box_h = 14, .ofs_x = 1, .ofs_y = 0},
    {.bitmap_index = 5112, .adv_w = 81, .box_w = 3, .box_h = 14, .ofs_x = 1, .ofs_y = 0},
    {.bitmap_index = 5133, .adv_w = 284, .box_w = 16, .box_h = 11, .ofs_x = 1, .ofs_y = 0},
    {.bitmap_index = 5221, .adv_w = 193, .box_w = 10, .box_h = 11, .ofs_x = 1, .ofs_y = 0},
    {.bitmap_index = 5276, .adv_w = 193, .box_w = 12, .box_h = 11, .ofs_x = 0, .ofs_y = 0},
    {.bitmap_index = 5342, .adv_w = 198, .box_w = 11, .box_h = 15, .ofs_x = 1, .ofs_y = -4},
    {.bitmap_index = 5425, .adv_w = 198, .box_w = 11, .box_h = 15, .ofs_x = 0, .ofs_y = -4},
    {.bitmap_index = 5508, .adv_w = 124, .box_w = 7, .box_h = 11, .ofs_x = 1, .ofs_y = 0},
    {.bitmap_index = 5547, .adv_w = 172, .box_w = 10, .box_h = 11, .ofs_x = 0, .ofs_y = 0},
    {.bitmap_index = 5602, .adv_w = 109, .box_w = 7, .box_h = 14, .ofs_x = 0, .ofs_y = 0},
    {.bitmap_index = 5651, .adv_w = 193, .box_w = 10, .box_h = 11, .ofs_x = 1, .ofs_y = 0},
    {.bitmap_index = 5706, .adv_w = 184, .box_w = 12, .box_h = 11, .ofs_x = 0, .ofs_y = 0},
    {.bitmap_index = 5772, .adv_w = 265, .box_w = 17, .box_h = 11, .ofs_x = 0, .ofs_y = 0},
    {.bitmap_index = 5866, .adv_w = 178, .box_w = 11, .box_h = 11, .ofs_x = 0, .ofs_y = 0},
    {.bitmap_index = 5927, .adv_w = 184, .box_w = 12, .box_h = 15, .ofs_x = 0, .ofs_y = -4},
    {.bitmap_index = 6017, .adv_w = 179, .box_w = 9, .box_h = 11, .ofs_x = 1, .ofs_y = 0},
    {.bitmap_index = 6067, .adv_w = 125, .box_w = 7, .box_h = 19, .ofs_x = 0, .ofs_y = -4},
    {.bitmap_index = 6134, .adv_w = 111, .box_w = 3, .box_h = 24, .ofs_x = 2, .ofs_y = -5},
    {.bitmap_index = 6170, .adv_w = 125, .box_w = 7, .box_h = 19, .ofs_x = 1, .ofs_y = -4},
    {.bitmap_index = 6237, .adv_w = 207, .box_w = 11, .box_h = 4, .ofs_x = 1, .ofs_y = 4},
    {.bitmap_index = 6259, .adv_w = 86, .box_w = 0, .box_h = 0, .ofs_x = 0, .ofs_y = 0},
    {.bitmap_index = 6259, .adv_w = 97, .box_w = 4, .box_h = 15, .ofs_x = 1, .ofs_y = -4},
    {.bitmap_index = 6289, .adv_w = 185, .box_w = 11, .box_h = 14, .ofs_x = 0, .ofs_y = 0},
    {.bitmap_index = 6366, .adv_w = 198, .box_w = 11, .box_h = 14, .ofs_x = 1, .ofs_y = 0},
    {.bitmap_index = 6443, .adv_w = 236, .box_w = 13, .box_h = 13, .ofs_x = 1, .ofs_y = 0},
    {.bitmap_index = 6528, .adv_w = 178, .box_w = 11, .box_h = 14, .ofs_x = 0, .ofs_y = 0},
    {.bitmap_index = 6605, .adv_w = 94, .box_w = 3, .box_h = 17, .ofs_x = 1, .ofs_y = -3},
    {.bitmap_index = 6631, .adv_w = 182, .box_w = 10, .box_h = 18, .ofs_x = 1, .ofs_y = -4},
    {.bitmap_index = 6721, .adv_w = 193, .box_w = 8, .box_h = 3, .ofs_x = 2, .ofs_y = 13},
    {.bitmap_index = 6733, .adv_w = 293, .box_w = 16, .box_h = 15, .ofs_x = 1, .ofs_y = 0},
    {.bitmap_index = 6853, .adv_w = 146, .box_w = 9, .box_h = 8, .ofs_x = 0, .ofs_y = 7},
    {.bitmap_index = 6889, .adv_w = 195, .box_w = 12, .box_h = 10, .ofs_x = 0, .ofs_y = 1},
    {.bitmap_index = 6949, .adv_w = 214, .box_w = 9, .box_h = 5, .ofs_x = 2, .ofs_y = 3},
    {.bitmap_index = 6972, .adv_w = 213, .box_w = 13, .box_h = 13, .ofs_x = 0, .ofs_y = 3},
    {.bitmap_index = 7057, .adv_w = 149, .box_w = 7, .box_h = 2, .ofs_x = 1, .ofs_y = 13},
    {.bitmap_index = 7064, .adv_w = 146, .box_w = 7, .box_h = 7, .ofs_x = 1, .ofs_y = 8},
    {.bitmap_index = 7089, .adv_w = 207, .box_w = 11, .box_h = 10, .ofs_x = 1, .ofs_y = 1},
    {.bitmap_index = 7144, .adv_w = 143, .box_w = 7, .box_h = 8, .ofs_x = 1, .ofs_y = 9},
    {.bitmap_index = 7172, .adv_w = 145, .box_w = 9, .box_h = 8, .ofs_x = 0, .ofs_y = 9},
    {.bitmap_index = 7208, .adv_w = 108, .box_w = 5, .box_h = 3, .ofs_x = 1, .ofs_y = 12},
    {.bitmap_index = 7216, .adv_w = 192, .box_w = 11, .box_h = 15, .ofs_x = 1, .ofs_y = -4},
    {.bitmap_index = 7299, .adv_w = 192, .box_w = 11, .box_h = 14, .ofs_x = 0, .ofs_y = 0},
    {.bitmap_index = 7376, .adv_w = 97, .box_w = 4, .box_h = 3, .ofs_x = 1, .ofs_y = 5},
    {.bitmap_index = 7382, .adv_w = 96, .box_w = 5, .box_h = 6, .ofs_x = 1, .ofs_y = -5},
    {.bitmap_index = 7397, .adv_w = 100, .box_w = 5, .box_h = 8, .ofs_x = 1, .ofs_y = 9},
    {.bitmap_index = 7417, .adv_w = 155, .box_w = 9, .box_h = 8, .ofs_x = 0, .ofs_y = 7},
    {.bitmap_index = 7453, .adv_w = 195, .box_w = 12, .box_h = 10, .ofs_x = 0, .ofs_y = 1},
    {.bitmap_index = 7513, .adv_w = 261, .box_w = 16, .box_h = 15, .ofs_x = 0, .ofs_y = -1},
    {.bitmap_index = 7633, .adv_w = 275, .box_w = 17, .box_h = 16, .ofs_x = 0, .ofs_y = -1},
    {.bitmap_index = 7769, .adv_w = 286, .box_w = 18, .box_h = 16, .ofs_x = 0, .ofs_y = -1},
    {.bitmap_index = 7913, .adv_w = 169, .box_w = 10, .box_h = 15, .ofs_x = 0, .ofs_y = -4},
    {.bitmap_index = 7988, .adv_w = 227, .box_w = 14, .box_h = 19, .ofs_x = 0, .ofs_y = 0},
    {.bitmap_index = 8121, .adv_w = 227, .box_w = 14, .box_h = 19, .ofs_x = 0, .ofs_y = 0},
    {.bitmap_index = 8254, .adv_w = 227, .box_w = 14, .box_h = 19, .ofs_x = 0, .ofs_y = 0},
    {.bitmap_index = 8387, .adv_w = 227, .box_w = 14, .box_h = 19, .ofs_x = 0, .ofs_y = 0},
    {.bitmap_index = 8520, .adv_w = 227, .box_w = 14, .box_h = 19, .ofs_x = 0, .ofs_y = 0},
    {.bitmap_index = 8653, .adv_w = 227, .box_w = 14, .box_h = 21, .ofs_x = 0, .ofs_y = 0},
    {.bitmap_index = 8800, .adv_w = 321, .box_w = 19, .box_h = 14, .ofs_x = 0, .ofs_y = 0},
    {.bitmap_index = 8933, .adv_w = 235, .box_w = 13, .box_h = 18, .ofs_x = 1, .ofs_y = -4},
    {.bitmap_index = 9050, .adv_w = 193, .box_w = 10, .box_h = 19, .ofs_x = 1, .ofs_y = 0},
    {.bitmap_index = 9145, .adv_w = 193, .box_w = 10, .box_h = 19, .ofs_x = 1, .ofs_y = 0},
    {.bitmap_index = 9240, .adv_w = 193, .box_w = 10, .box_h = 19, .ofs_x = 1, .ofs_y = 0},
    {.bitmap_index = 9335, .adv_w = 193, .box_w = 10, .box_h = 19, .ofs_x = 1, .ofs_y = 0},
    {.bitmap_index = 9430, .adv_w = 87, .box_w = 4, .box_h = 19, .ofs_x = 0, .ofs_y = 0},
    {.bitmap_index = 9468, .adv_w = 87, .box_w = 5, .box_h = 19, .ofs_x = 1, .ofs_y = 0},
    {.bitmap_index = 9516, .adv_w = 87, .box_w = 8, .box_h = 19, .ofs_x = -1, .ofs_y = 0},
    {.bitmap_index = 9592, .adv_w = 87, .box_w = 8, .box_h = 19, .ofs_x = -1, .ofs_y = 0},
    {.bitmap_index = 9668, .adv_w = 238, .box_w = 14, .box_h = 14, .ofs_x = 0, .ofs_y = 0},
    {.bitmap_index = 9766, .adv_w = 242, .box_w = 13, .box_h = 19, .ofs_x = 1, .ofs_y = 0},
    {.bitmap_index = 9890, .adv_w = 245, .box_w = 14, .box_h = 19, .ofs_x = 1, .ofs_y = 0},
    {.bitmap_index = 10023, .adv_w = 245, .box_w = 14, .box_h = 19, .ofs_x = 1, .ofs_y = 0},
    {.bitmap_index = 10156, .adv_w = 245, .box_w = 14, .box_h = 19, .ofs_x = 1, .ofs_y = 0},
    {.bitmap_index = 10289, .adv_w = 245, .box_w = 14, .box_h = 20, .ofs_x = 1, .ofs_y = 0},
    {.bitmap_index = 10429, .adv_w = 245, .box_w = 14, .box_h = 19, .ofs_x = 1, .ofs_y = 0},
    {.bitmap_index = 10562, .adv_w = 207, .box_w = 11, .box_h = 11, .ofs_x = 1, .ofs_y = 0},
    {.bitmap_index = 10623, .adv_w = 245, .box_w = 14, .box_h = 16, .ofs_x = 1, .ofs_y = -1},
    {.bitmap_index = 10735, .adv_w = 237, .box_w = 13, .box_h = 19, .ofs_x = 1, .ofs_y = 0},
    {.bitmap_index = 10859, .adv_w = 237, .box_w = 13, .box_h = 19, .ofs_x = 1, .ofs_y = 0},
    {.bitmap_index = 10983, .adv_w = 237, .box_w = 13, .box_h = 19, .ofs_x = 1, .ofs_y = 0},
    {.bitmap_index = 11107, .adv_w = 237, .box_w = 13, .box_h = 19, .ofs_x = 1, .ofs_y = 0},
    {.bitmap_index = 11231, .adv_w = 223, .box_w = 14, .box_h = 19, .ofs_x = 0, .ofs_y = 0},
    {.bitmap_index = 11364, .adv_w = 207, .box_w = 11, .box_h = 14, .ofs_x = 1, .ofs_y = 0},
    {.bitmap_index = 11441, .adv_w = 202, .box_w = 11, .box_h = 14, .ofs_x = 1, .ofs_y = 0},
    {.bitmap_index = 11518, .adv_w = 182, .box_w = 10, .box_h = 15, .ofs_x = 0, .ofs_y = 0},
    {.bitmap_index = 11593, .adv_w = 182, .box_w = 10, .box_h = 15, .ofs_x = 0, .ofs_y = 0},
    {.bitmap_index = 11668, .adv_w = 182, .box_w = 10, .box_h = 16, .ofs_x = 0, .ofs_y = 0},
    {.bitmap_index = 11748, .adv_w = 182, .box_w = 10, .box_h = 15, .ofs_x = 0, .ofs_y = 0},
    {.bitmap_index = 11823, .adv_w = 182, .box_w = 10, .box_h = 15, .ofs_x = 0, .ofs_y = 0},
    {.bitmap_index = 11898, .adv_w = 182, .box_w = 10, .box_h = 18, .ofs_x = 0, .ofs_y = 0},
    {.bitmap_index = 11988, .adv_w = 293, .box_w = 18, .box_h = 11, .ofs_x = 0, .ofs_y = 0},
    {.bitmap_index = 12087, .adv_w = 185, .box_w = 11, .box_h = 15, .ofs_x = 0, .ofs_y = -4},
    {.bitmap_index = 12170, .adv_w = 188, .box_w = 11, .box_h = 15, .ofs_x = 0, .ofs_y = 0},
    {.bitmap_index = 12253, .adv_w = 188, .box_w = 11, .box_h = 15, .ofs_x = 0, .ofs_y = 0},
    {.bitmap_index = 12336, .adv_w = 188, .box_w = 11, .box_h = 16, .ofs_x = 0, .ofs_y = 0},
    {.bitmap_index = 12424, .adv_w = 188, .box_w = 11, .box_h = 15, .ofs_x = 0, .ofs_y = 0},
    {.bitmap_index = 12507, .adv_w = 81, .box_w = 5, .box_h = 15, .ofs_x = -1, .ofs_y = 0},
    {.bitmap_index = 12545, .adv_w = 81, .box_w = 5, .box_h = 15, .ofs_x = 1, .ofs_y = 0},
    {.bitmap_index = 12583, .adv_w = 81, .box_w = 7, .box_h = 15, .ofs_x = -1, .ofs_y = 0},
    {.bitmap_index = 12636, .adv_w = 81, .box_w = 7, .box_h = 15, .ofs_x = -1, .ofs_y = 0},
    {.bitmap_index = 12689, .adv_w = 188, .box_w = 11, .box_h = 16, .ofs_x = 0, .ofs_y = 0},
    {.bitmap_index = 12777, .adv_w = 193, .box_w = 10, .box_h = 15, .ofs_x = 1, .ofs_y = 0},
    {.bitmap_index = 12852, .adv_w = 193, .box_w = 12, .box_h = 15, .ofs_x = 0, .ofs_y = 0},
    {.bitmap_index = 12942, .adv_w = 193, .box_w = 12, .box_h = 15, .ofs_x = 0, .ofs_y = 0},
    {.bitmap_index = 13032, .adv_w = 193, .box_w = 12, .box_h = 16, .ofs_x = 0, .ofs_y = 0},
    {.bitmap_index = 13128, .adv_w = 193, .box_w = 12, .box_h = 15, .ofs_x = 0, .ofs_y = 0},
    {.bitmap_index = 13218, .adv_w = 193, .box_w = 12, .box_h = 15, .ofs_x = 0, .ofs_y = 0},
    {.bitmap_index = 13308, .adv_w = 207, .box_w = 11, .box_h = 10, .ofs_x = 1, .ofs_y = 1},
    {.bitmap_index = 13363, .adv_w = 193, .box_w = 12, .box_h = 13, .ofs_x = 0, .ofs_y = -1},
    {.bitmap_index = 13441, .adv_w = 193, .box_w = 10, .box_h = 15, .ofs_x = 1, .ofs_y = 0},
    {.bitmap_index = 13516, .adv_w = 193, .box_w = 10, .box_h = 15, .ofs_x = 1, .ofs_y = 0},
    {.bitmap_index = 13591, .adv_w = 193, .box_w = 10, .box_h = 16, .ofs_x = 1, .ofs_y = 0},
    {.bitmap_index = 13671, .adv_w = 193, .box_w = 10, .box_h = 15, .ofs_x = 1, .ofs_y = 0},
    {.bitmap_index = 13746, .adv_w = 184, .box_w = 12, .box_h = 19, .ofs_x = 0, .ofs_y = -4},
    {.bitmap_index = 13860, .adv_w = 198, .box_w = 11, .box_h = 18, .ofs_x = 1, .ofs_y = -4},
    {.bitmap_index = 13959, .adv_w = 184, .box_w = 12, .box_h = 19, .ofs_x = 0, .ofs_y = -4},
    {.bitmap_index = 14073, .adv_w = 227, .box_w = 14, .box_h = 18, .ofs_x = 0, .ofs_y = 0},
    {.bitmap_index = 14199, .adv_w = 182, .box_w = 10, .box_h = 14, .ofs_x = 0, .ofs_y = 0},
    {.bitmap_index = 14269, .adv_w = 227, .box_w = 14, .box_h = 19, .ofs_x = 0, .ofs_y = 0},
    {.bitmap_index = 14402, .adv_w = 182, .box_w = 10, .box_h = 16, .ofs_x = 0, .ofs_y = 0},
    {.bitmap_index = 14482, .adv_w = 227, .box_w = 15, .box_h = 18, .ofs_x = 0, .ofs_y = -4},
    {.bitmap_index = 14617, .adv_w = 182, .box_w = 11, .box_h = 15, .ofs_x = 0, .ofs_y = -4},
    {.bitmap_index = 14700, .adv_w = 235, .box_w = 13, .box_h = 19, .ofs_x = 1, .ofs_y = 0},
    {.bitmap_index = 14824, .adv_w = 185, .box_w = 11, .box_h = 15, .ofs_x = 0, .ofs_y = 0},
    {.bitmap_index = 14907, .adv_w = 235, .box_w = 13, .box_h = 19, .ofs_x = 1, .ofs_y = 0},
    {.bitmap_index = 15031, .adv_w = 185, .box_w = 11, .box_h = 16, .ofs_x = 0, .ofs_y = 0},
    {.bitmap_index = 15119, .adv_w = 235, .box_w = 13, .box_h = 19, .ofs_x = 1, .ofs_y = 0},
    {.bitmap_index = 15243, .adv_w = 185, .box_w = 11, .box_h = 15, .ofs_x = 0, .ofs_y = 0},
    {.bitmap_index = 15326, .adv_w = 235, .box_w = 13, .box_h = 19, .ofs_x = 1, .ofs_y = 0},
    {.bitmap_index = 15450, .adv_w = 185, .box_w = 11, .box_h = 16, .ofs_x = 0, .ofs_y = 0},
    {.bitmap_index = 15538, .adv_w = 231, .box_w = 13, .box_h = 19, .ofs_x = 1, .ofs_y = 0},
    {.bitmap_index = 15662, .adv_w = 232, .box_w = 15, .box_h = 16, .ofs_x = 0, .ofs_y = 0},
    {.bitmap_index = 15782, .adv_w = 238, .box_w = 14, .box_h = 14, .ofs_x = 0, .ofs_y = 0},
    {.bitmap_index = 15880, .adv_w = 198, .box_w = 13, .box_h = 14, .ofs_x = 0, .ofs_y = 0},
    {.bitmap_index = 15971, .adv_w = 193, .box_w = 10, .box_h = 18, .ofs_x = 1, .ofs_y = 0},
    {.bitmap_index = 16061, .adv_w = 188, .box_w = 11, .box_h = 14, .ofs_x = 0, .ofs_y = 0},
    {.bitmap_index = 16138, .adv_w = 193, .box_w = 10, .box_h = 19, .ofs_x = 1, .ofs_y = 0},
    {.bitmap_index = 16233, .adv_w = 188, .box_w = 11, .box_h = 16, .ofs_x = 0, .ofs_y = 0},
    {.bitmap_index = 16321, .adv_w = 193, .box_w = 10, .box_h = 19, .ofs_x = 1, .ofs_y = 0},
    {.bitmap_index = 16416, .adv_w = 188, .box_w = 11, .box_h = 15, .ofs_x = 0, .ofs_y = 0},
    {.bitmap_index = 16499, .adv_w = 193, .box_w = 11, .box_h = 18, .ofs_x = 1, .ofs_y = -4},
    {.bitmap_index = 16598, .adv_w = 188, .box_w = 11, .box_h = 15, .ofs_x = 0, .ofs_y = -4},
    {.bitmap_index = 16681, .adv_w = 193, .box_w = 10, .box_h = 19, .ofs_x = 1, .ofs_y = 0},
    {.bitmap_index = 16776, .adv_w = 188, .box_w = 11, .box_h = 16, .ofs_x = 0, .ofs_y = 0},
    {.bitmap_index = 16864, .adv_w = 239, .box_w = 13, .box_h = 19, .ofs_x = 1, .ofs_y = 0},
    {.bitmap_index = 16988, .adv_w = 198, .box_w = 11, .box_h = 20, .ofs_x = 0, .ofs_y = -4},
    {.bitmap_index = 17098, .adv_w = 239, .box_w = 13, .box_h = 19, .ofs_x = 1, .ofs_y = 0},
    {.bitmap_index = 17222, .adv_w = 198, .box_w = 11, .box_h = 20, .ofs_x = 0, .ofs_y = -4},
    {.bitmap_index = 17332, .adv_w = 239, .box_w = 13, .box_h = 19, .ofs_x = 1, .ofs_y = 0},
    {.bitmap_index = 17456, .adv_w = 198, .box_w = 11, .box_h = 19, .ofs_x = 0, .ofs_y = -4},
    {.bitmap_index = 17561, .adv_w = 239, .box_w = 13, .box_h = 19, .ofs_x = 1, .ofs_y = -5},
    {.bitmap_index = 17685, .adv_w = 198, .box_w = 11, .box_h = 21, .ofs_x = 0, .ofs_y = -4},
    {.bitmap_index = 17801, .adv_w = 238, .box_w = 13, .box_h = 19, .ofs_x = 1, .ofs_y = 0},
    {.bitmap_index = 17925, .adv_w = 193, .box_w = 12, .box_h = 19, .ofs_x = -1, .ofs_y = 0},
    {.bitmap_index = 18039, .adv_w = 252, .box_w = 15, .box_h = 14, .ofs_x = 0, .ofs_y = 0},
    {.bitmap_index = 18144, .adv_w = 193, .box_w = 11, .box_h = 14, .ofs_x = 0, .ofs_y = 0},
    {.bitmap_index = 18221, .adv_w = 87, .box_w = 7, .box_h = 19, .ofs_x = -1, .ofs_y = 0},
    {.bitmap_index = 18288, .adv_w = 81, .box_w = 7, .box_h = 15, .ofs_x = -1, .ofs_y = 0},
    {.bitmap_index = 18341, .adv_w = 87, .box_w = 7, .box_h = 18, .ofs_x = -1, .ofs_y = 0},
    {.bitmap_index = 18404, .adv_w = 81, .box_w = 7, .box_h = 14, .ofs_x = -1, .ofs_y = 0},
    {.bitmap_index = 18453, .adv_w = 87, .box_w = 7, .box_h = 19, .ofs_x = -1, .ofs_y = 0},
    {.bitmap_index = 18520, .adv_w = 81, .box_w = 7, .box_h = 15, .ofs_x = -1, .ofs_y = 0},
    {.bitmap_index = 18573, .adv_w = 87, .box_w = 5, .box_h = 18, .ofs_x = 0, .ofs_y = -4},
    {.bitmap_index = 18618, .adv_w = 81, .box_w = 6, .box_h = 19, .ofs_x = -1, .ofs_y = -4},
    {.bitmap_index = 18675, .adv_w = 87, .box_w = 4, .box_h = 19, .ofs_x = 1, .ofs_y = 0},
    {.bitmap_index = 18713, .adv_w = 81, .box_w = 3, .box_h = 11, .ofs_x = 1, .ofs_y = 0},
    {.bitmap_index = 18730, .adv_w = 271, .box_w = 15, .box_h = 14, .ofs_x = 1, .ofs_y = 0},
    {.bitmap_index = 18835, .adv_w = 161, .box_w = 8, .box_h = 19, .ofs_x = 1, .ofs_y = -4},
    {.bitmap_index = 18911, .adv_w = 184, .box_w = 13, .box_h = 19, .ofs_x = 0, .ofs_y = 0},
    {.bitmap_index = 19035, .adv_w = 81, .box_w = 7, .box_h = 19, .ofs_x = -1, .ofs_y = -4},
    {.bitmap_index = 19102, .adv_w = 220, .box_w = 13, .box_h = 19, .ofs_x = 1, .ofs_y = -5},
    {.bitmap_index = 19226, .adv_w = 179, .box_w = 10, .box_h = 19, .ofs_x = 1, .ofs_y = -5},
    {.bitmap_index = 19321, .adv_w = 175, .box_w = 10, .box_h = 11, .ofs_x = 1, .ofs_y = 0},
    {.bitmap_index = 19376, .adv_w = 181, .box_w = 10, .box_h = 19, .ofs_x = 1, .ofs_y = 0},
    {.bitmap_index = 19471, .adv_w = 81, .box_w = 5, .box_h = 19, .ofs_x = 1, .ofs_y = 0},
    {.bitmap_index = 19519, .adv_w = 181, .box_w = 10, .box_h = 19, .ofs_x = 1, .ofs_y = -5},
    {.bitmap_index = 19614, .adv_w = 81, .box_w = 4, .box_h = 19, .ofs_x = 0, .ofs_y = -5},
    {.bitmap_index = 19652, .adv_w = 181, .box_w = 10, .box_h = 15, .ofs_x = 1, .ofs_y = 0},
    {.bitmap_index = 19727, .adv_w = 115, .box_w = 6, .box_h = 15, .ofs_x = 1, .ofs_y = 0},
    {.bitmap_index = 19772, .adv_w = 182, .box_w = 10, .box_h = 14, .ofs_x = 1, .ofs_y = 0},
    {.bitmap_index = 19842, .adv_w = 125, .box_w = 7, .box_h = 14, .ofs_x = 1, .ofs_y = 0},
    {.bitmap_index = 19891, .adv_w = 191, .box_w = 12, .box_h = 14, .ofs_x = 0, .ofs_y = 0},
    {.bitmap_index = 19975, .adv_w = 81, .box_w = 7, .box_h = 14, .ofs_x = -1, .ofs_y = 0},
    {.bitmap_index = 20024, .adv_w = 242, .box_w = 13, .box_h = 19, .ofs_x = 1, .ofs_y = 0},
    {.bitmap_index = 20148, .adv_w = 193, .box_w = 10, .box_h = 15, .ofs_x = 1, .ofs_y = 0},
    {.bitmap_index = 20223, .adv_w = 242, .box_w = 13, .box_h = 19, .ofs_x = 1, .ofs_y = -5},
    {.bitmap_index = 20347, .adv_w = 193, .box_w = 10, .box_h = 16, .ofs_x = 1, .ofs_y = -5},
    {.bitmap_index = 20427, .adv_w = 242, .box_w = 13, .box_h = 19, .ofs_x = 1, .ofs_y = 0},
    {.bitmap_index = 20551, .adv_w = 193, .box_w = 10, .box_h = 15, .ofs_x = 1, .ofs_y = 0},
    {.bitmap_index = 20626, .adv_w = 242, .box_w = 13, .box_h = 18, .ofs_x = 1, .ofs_y = -4},
    {.bitmap_index = 20743, .adv_w = 193, .box_w = 10, .box_h = 15, .ofs_x = 1, .ofs_y = -4},
    {.bitmap_index = 20818, .adv_w = 245, .box_w = 14, .box_h = 19, .ofs_x = 1, .ofs_y = 0},
    {.bitmap_index = 20951, .adv_w = 193, .box_w = 12, .box_h = 14, .ofs_x = 0, .ofs_y = 0},
    {.bitmap_index = 21035, .adv_w = 245, .box_w = 14, .box_h = 19, .ofs_x = 1, .ofs_y = 0},
    {.bitmap_index = 21168, .adv_w = 193, .box_w = 12, .box_h = 16, .ofs_x = 0, .ofs_y = 0},
    {.bitmap_index = 21264, .adv_w = 245, .box_w = 14, .box_h = 19, .ofs_x = 1, .ofs_y = 0},
    {.bitmap_index = 21397, .adv_w = 193, .box_w = 12, .box_h = 15, .ofs_x = 0, .ofs_y = 0},
    {.bitmap_index = 21487, .adv_w = 323, .box_w = 18, .box_h = 14, .ofs_x = 1, .ofs_y = 0},
    {.bitmap_index = 21613, .adv_w = 319, .box_w = 19, .box_h = 11, .ofs_x = 0, .ofs_y = 0},
    {.bitmap_index = 21718, .adv_w = 207, .box_w = 12, .box_h = 19, .ofs_x = 1, .ofs_y = 0},
    {.bitmap_index = 21832, .adv_w = 124, .box_w = 7, .box_h = 15, .ofs_x = 1, .ofs_y = 0},
    {.bitmap_index = 21885, .adv_w = 207, .box_w = 12, .box_h = 19, .ofs_x = 1, .ofs_y = -5},
    {.bitmap_index = 21999, .adv_w = 124, .box_w = 8, .box_h = 16, .ofs_x = 0, .ofs_y = -5},
    {.bitmap_index = 22063, .adv_w = 207, .box_w = 12, .box_h = 19, .ofs_x = 1, .ofs_y = 0},
    {.bitmap_index = 22177, .adv_w = 124, .box_w = 8, .box_h = 15, .ofs_x = 0, .ofs_y = 0},
    {.bitmap_index = 22237, .adv_w = 207, .box_w = 11, .box_h = 19, .ofs_x = 1, .ofs_y = 0},
    {.bitmap_index = 22342, .adv_w = 172, .box_w = 10, .box_h = 15, .ofs_x = 0, .ofs_y = 0},
    {.bitmap_index = 22417, .adv_w = 207, .box_w = 11, .box_h = 19, .ofs_x = 1, .ofs_y = 0},
    {.bitmap_index = 22522, .adv_w = 172, .box_w = 10, .box_h = 16, .ofs_x = 0, .ofs_y = 0},
    {.bitmap_index = 22602, .adv_w = 207, .box_w = 11, .box_h = 18, .ofs_x = 1, .ofs_y = -4},
    {.bitmap_index = 22701, .adv_w = 172, .box_w = 10, .box_h = 15, .ofs_x = 0, .ofs_y = -4},
    {.bitmap_index = 22776, .adv_w = 207, .box_w = 11, .box_h = 19, .ofs_x = 1, .ofs_y = 0},
    {.bitmap_index = 22881, .adv_w = 172, .box_w = 10, .box_h = 16, .ofs_x = 0, .ofs_y = 0},
    {.bitmap_index = 22961, .adv_w = 209, .box_w = 13, .box_h = 18, .ofs_x = 0, .ofs_y = -4},
    {.bitmap_index = 23078, .adv_w = 109, .box_w = 7, .box_h = 18, .ofs_x = 0, .ofs_y = -4},
    {.bitmap_index = 23141, .adv_w = 209, .box_w = 13, .box_h = 19, .ofs_x = 0, .ofs_y = 0},
    {.bitmap_index = 23265, .adv_w = 127, .box_w = 8, .box_h = 16, .ofs_x = 0, .ofs_y = 0},
    {.bitmap_index = 23329, .adv_w = 209, .box_w = 13, .box_h = 14, .ofs_x = 0, .ofs_y = 0},
    {.bitmap_index = 23420, .adv_w = 109, .box_w = 7, .box_h = 14, .ofs_x = 0, .ofs_y = 0},
    {.bitmap_index = 23469, .adv_w = 237, .box_w = 13, .box_h = 20, .ofs_x = 1, .ofs_y = 0},
    {.bitmap_index = 23599, .adv_w = 193, .box_w = 10, .box_h = 15, .ofs_x = 1, .ofs_y = 0},
    {.bitmap_index = 23674, .adv_w = 237, .box_w = 13, .box_h = 19, .ofs_x = 1, .ofs_y = 0},
    {.bitmap_index = 23798, .adv_w = 193, .box_w = 10, .box_h = 14, .ofs_x = 1, .ofs_y = 0},
    {.bitmap_index = 23868, .adv_w = 237, .box_w = 13, .box_h = 19, .ofs_x = 1, .ofs_y = 0},
    {.bitmap_index = 23992, .adv_w = 193, .box_w = 10, .box_h = 16, .ofs_x = 1, .ofs_y = 0},
    {.bitmap_index = 24072, .adv_w = 237, .box_w = 13, .box_h = 21, .ofs_x = 1, .ofs_y = 0},
    {.bitmap_index = 24209, .adv_w = 193, .box_w = 10, .box_h = 18, .ofs_x = 1, .ofs_y = 0},
    {.bitmap_index = 24299, .adv_w = 237, .box_w = 13, .box_h = 19, .ofs_x = 1, .ofs_y = 0},
    {.bitmap_index = 24423, .adv_w = 193, .box_w = 10, .box_h = 15, .ofs_x = 1, .ofs_y = 0},
    {.bitmap_index = 24498, .adv_w = 237, .box_w = 13, .box_h = 18, .ofs_x = 1, .ofs_y = -4},
    {.bitmap_index = 24615, .adv_w = 193, .box_w = 11, .box_h = 15, .ofs_x = 1, .ofs_y = -4},
    {.bitmap_index = 24698, .adv_w = 321, .box_w = 20, .box_h = 19, .ofs_x = 0, .ofs_y = 0},
    {.bitmap_index = 24888, .adv_w = 265, .box_w = 17, .box_h = 15, .ofs_x = 0, .ofs_y = 0},
    {.bitmap_index = 25016, .adv_w = 223, .box_w = 14, .box_h = 19, .ofs_x = 0, .ofs_y = 0},
    {.bitmap_index = 25149, .adv_w = 184, .box_w = 12, .box_h = 20, .ofs_x = 0, .ofs_y = -4},
    {.bitmap_index = 25269, .adv_w = 223, .box_w = 14, .box_h = 19, .ofs_x = 0, .ofs_y = 0},
    {.bitmap_index = 25402, .adv_w = 205, .box_w = 11, .box_h = 19, .ofs_x = 1, .ofs_y = 0},
    {.bitmap_index = 25507, .adv_w = 179, .box_w = 9, .box_h = 15, .ofs_x = 1, .ofs_y = 0},
    {.bitmap_index = 25575, .adv_w = 205, .box_w = 11, .box_h = 19, .ofs_x = 1, .ofs_y = 0},
    {.bitmap_index = 25680, .adv_w = 179, .box_w = 9, .box_h = 15, .ofs_x = 1, .ofs_y = 0},
    {.bitmap_index = 25748, .adv_w = 205, .box_w = 11, .box_h = 19, .ofs_x = 1, .ofs_y = 0},
    {.bitmap_index = 25853, .adv_w = 179, .box_w = 9, .box_h = 15, .ofs_x = 1, .ofs_y = 0},
    {.bitmap_index = 25921, .adv_w = 104, .box_w = 6, .box_h = 15, .ofs_x = 1, .ofs_y = 0},
    {.bitmap_index = 25966, .adv_w = 125, .box_w = 8, .box_h = 2, .ofs_x = 0, .ofs_y = 5},
    {.bitmap_index = 25974, .adv_w = 125, .box_w = 8, .box_h = 2, .ofs_x = 0, .ofs_y = 5},
    {.bitmap_index = 25982, .adv_w = 207, .box_w = 13, .box_h = 2, .ofs_x = 0, .ofs_y = 6},
    {.bitmap_index = 25995, .adv_w = 160, .box_w = 10, .box_h = 2, .ofs_x = 0, .ofs_y = 5},
    {.bitmap_index = 26005, .adv_w = 320, .box_w = 20, .box_h = 2, .ofs_x = 0, .ofs_y = 5},
    {.bitmap_index = 26025, .adv_w = 320, .box_w = 20, .box_h = 2, .ofs_x = 0, .ofs_y = 5},
    {.bitmap_index = 26045, .adv_w = 163, .box_w = 6, .box_h = 24, .ofs_x = 2, .ofs_y = -5},
    {.bitmap_index = 26117, .adv_w = 147, .box_w = 10, .box_h = 4, .ofs_x = 0, .ofs_y = -4},
    {.bitmap_index = 26137, .adv_w = 89, .box_w = 4, .box_h = 6, .ofs_x = 1, .ofs_y = 8},
    {.bitmap_index = 26149, .adv_w = 89, .box_w = 4, .box_h = 6, .ofs_x = 1, .ofs_y = 9},
    {.bitmap_index = 26161, .adv_w = 82, .box_w = 4, .box_h = 6, .ofs_x = 1, .ofs_y = -4},
    {.bitmap_index = 26173, .adv_w = 89, .box_w = 4, .box_h = 6, .ofs_x = 0, .ofs_y = 8},
    {.bitmap_index = 26185, .adv_w = 152, .box_w = 8, .box_h = 6, .ofs_x = 1, .ofs_y = 8},
    {.bitmap_index = 26209, .adv_w = 151, .box_w = 8, .box_h = 6, .ofs_x = 1, .ofs_y = 9},
    {.bitmap_index = 26233, .adv_w = 144, .box_w = 8, .box_h = 6, .ofs_x = 1, .ofs_y = -4},
    {.bitmap_index = 26257, .adv_w = 151, .box_w = 8, .box_h = 6, .ofs_x = 0, .ofs_y = 8},
    {.bitmap_index = 26281, .adv_w = 167, .box_w = 9, .box_h = 11, .ofs_x = 1, .ofs_y = 3},
    {.bitmap_index = 26331, .adv_w = 167, .box_w = 9, .box_h = 14, .ofs_x = 1, .ofs_y = 0},
    {.bitmap_index = 26394, .adv_w = 171, .box_w = 7, .box_h = 7, .ofs_x = 2, .ofs_y = 3},
    {.bitmap_index = 26419, .adv_w = 171, .box_w = 6, .box_h = 7, .ofs_x = 3, .ofs_y = 2},
    {.bitmap_index = 26440, .adv_w = 97, .box_w = 4, .box_h = 3, .ofs_x = 1, .ofs_y = 0},
    {.bitmap_index = 26446, .adv_w = 194, .box_w = 10, .box_h = 3, .ofs_x = 1, .ofs_y = 0},
    {.bitmap_index = 26461, .adv_w = 291, .box_w = 16, .box_h = 3, .ofs_x = 1, .ofs_y = 0},
    {.bitmap_index = 26485, .adv_w = 97, .box_w = 4, .box_h = 3, .ofs_x = 1, .ofs_y = 5},
    {.bitmap_index = 26491, .adv_w = 305, .box_w = 16, .box_h = 14, .ofs_x = 1, .ofs_y = -1},
    {.bitmap_index = 26603, .adv_w = 275, .box_w = 14, .box_h = 15, .ofs_x = 2, .ofs_y = 0},
    {.bitmap_index = 26708, .adv_w = 305, .box_w = 16, .box_h = 14, .ofs_x = 2, .ofs_y = -1},
    {.bitmap_index = 26820, .adv_w = 275, .box_w = 14, .box_h = 16, .ofs_x = 2, .ofs_y = -1},
    {.bitmap_index = 26932, .adv_w = 207, .box_w = 11, .box_h = 3, .ofs_x = 1, .ofs_y = 4},
    {.bitmap_index = 26949, .adv_w = 327, .box_w = 19, .box_h = 16, .ofs_x = 1, .ofs_y = 0},
    {.bitmap_index = 27101, .adv_w = 297, .box_w = 17, .box_h = 19, .ofs_x = 1, .ofs_y = -2},
    {.bitmap_index = 27263, .adv_w = 327, .box_w = 19, .box_h = 16, .ofs_x = 1, .ofs_y = -1},
    {.bitmap_index = 27415, .adv_w = 297, .box_w = 16, .box_h = 19, .ofs_x = 1, .ofs_y = -2},
    {.bitmap_index = 27567, .adv_w = 334, .box_w = 19, .box_h = 18, .ofs_x = 1, .ofs_y = -1},
    {.bitmap_index = 27738, .adv_w = 283, .box_w = 15, .box_h = 11, .ofs_x = 2, .ofs_y = 1}
};

/*---------------------
 *  CHARACTER MAPPING
 *--------------------*/

static const uint16_t unicode_list_5[] = {
    0x0, 0x1, 0x2, 0x3, 0x82, 0x422, 0x426, 0x42c,
    0x430, 0x475, 0x583
};

/*Collect the unicode lists and glyph_id offsets*/
static const lv_font_fmt_txt_cmap_t cmaps[] =
{
    {
        .range_start = 32, .range_length = 95, .glyph_id_start = 1,
        .unicode_list = NULL, .glyph_id_ofs_list = NULL, .list_length = 0, .type = LV_FONT_FMT_TXT_CMAP_FORMAT0_TINY
    },
    {
        .range_start = 160, .range_length = 13, .glyph_id_start = 96,
        .unicode_list = NULL, .glyph_id_ofs_list = NULL, .list_length = 0, .type = LV_FONT_FMT_TXT_CMAP_FORMAT0_TINY
    },
    {
        .range_start = 174, .range_length = 155, .glyph_id_start = 109,
        .unicode_list = NULL, .glyph_id_ofs_list = NULL, .list_length = 0, .type = LV_FONT_FMT_TXT_CMAP_FORMAT0_TINY
    },
    {
        .range_start = 330, .range_length = 54, .glyph_id_start = 264,
        .unicode_list = NULL, .glyph_id_ofs_list = NULL, .list_length = 0, .type = LV_FONT_FMT_TXT_CMAP_FORMAT0_TINY
    },
    {
        .range_start = 8208, .range_length = 24, .glyph_id_start = 318,
        .unicode_list = NULL, .glyph_id_ofs_list = NULL, .list_length = 0, .type = LV_FONT_FMT_TXT_CMAP_FORMAT0_TINY
    },
    {
        .range_start = 8592, .range_length = 1412, .glyph_id_start = 342,
        .unicode_list = unicode_list_5, .glyph_id_ofs_list = NULL, .list_length = 11, .type = LV_FONT_FMT_TXT_CMAP_SPARSE_TINY
    }
};

/*-----------------
 *    KERNING
 *----------------*/


/*Pair left and right glyphs for kerning*/
static const uint16_t kern_pair_glyph_ids[] =
{
    3, 7,
    3, 98,
    3, 340,
    3, 347,
    5, 347,
    6, 326,
    6, 327,
    6, 330,
    6, 331,
    7, 3,
    7, 8,
    7, 61,
    7, 109,
    7, 326,
    7, 330,
    7, 334,
    7, 335,
    8, 7,
    8, 98,
    8, 340,
    8, 347,
    16, 61,
    16, 340,
    16, 347,
    32, 347,
    33, 16,
    33, 61,
    33, 64,
    33, 109,
    33, 326,
    33, 328,
    33, 330,
    33, 332,
    33, 340,
    33, 347,
    61, 3,
    61, 5,
    61, 8,
    61, 16,
    61, 32,
    61, 33,
    61, 61,
    61, 63,
    61, 98,
    61, 105,
    61, 107,
    61, 108,
    61, 109,
    61, 111,
    61, 117,
    61, 118,
    61, 122,
    61, 326,
    61, 327,
    61, 330,
    61, 331,
    61, 334,
    61, 335,
    61, 336,
    61, 337,
    61, 344,
    61, 347,
    63, 7,
    63, 33,
    63, 64,
    63, 105,
    63, 340,
    63, 347,
    64, 33,
    64, 61,
    64, 63,
    64, 93,
    64, 105,
    64, 111,
    64, 117,
    64, 326,
    64, 330,
    93, 64,
    97, 61,
    97, 326,
    97, 330,
    98, 3,
    98, 8,
    98, 61,
    98, 109,
    98, 326,
    98, 327,
    98, 330,
    98, 331,
    98, 334,
    98, 335,
    98, 347,
    105, 16,
    105, 61,
    105, 64,
    105, 109,
    105, 326,
    105, 328,
    105, 330,
    105, 332,
    105, 340,
    105, 347,
    107, 347,
    109, 7,
    109, 33,
    109, 98,
    109, 105,
    109, 347,
    111, 7,
    111, 33,
    111, 64,
    111, 105,
    111, 340,
    111, 347,
    116, 16,
    116, 64,
    116, 108,
    116, 118,
    116, 326,
    116, 327,
    116, 330,
    116, 331,
    116, 344,
    117, 64,
    118, 61,
    118, 117,
    118, 326,
    118, 330,
    118, 347,
    122, 61,
    122, 326,
    122, 330,
    122, 347,
    126, 61,
    126, 326,
    126, 327,
    126, 330,
    126, 331,
    326, 7,
    326, 16,
    326, 98,
    326, 126,
    326, 328,
    326, 332,
    326, 340,
    326, 347,
    327, 4,
    327, 7,
    327, 16,
    327, 33,
    327, 64,
    327, 98,
    327, 105,
    327, 107,
    327, 108,
    327, 116,
    327, 117,
    327, 118,
    327, 126,
    327, 340,
    327, 344,
    327, 347,
    328, 33,
    328, 61,
    328, 105,
    328, 326,
    328, 327,
    328, 330,
    328, 331,
    330, 7,
    330, 16,
    330, 98,
    330, 126,
    330, 328,
    330, 332,
    330, 340,
    330, 347,
    331, 4,
    331, 7,
    331, 16,
    331, 33,
    331, 64,
    331, 98,
    331, 105,
    331, 107,
    331, 108,
    331, 116,
    331, 117,
    331, 118,
    331, 126,
    331, 340,
    331, 344,
    331, 347,
    332, 33,
    332, 61,
    332, 105,
    332, 326,
    332, 327,
    332, 330,
    332, 331,
    334, 7,
    334, 98,
    334, 347,
    335, 7,
    335, 98,
    335, 347,
    336, 61,
    336, 347,
    337, 61,
    337, 347,
    340, 2,
    340, 3,
    340, 8,
    340, 32,
    340, 33,
    340, 105,
    340, 117,
    340, 327,
    340, 329,
    340, 331,
    340, 333,
    342, 61,
    342, 117,
    342, 326,
    342, 330,
    342, 347,
    347, 3,
    347, 5,
    347, 8,
    347, 16,
    347, 32,
    347, 33,
    347, 61,
    347, 63,
    347, 98,
    347, 105,
    347, 107,
    347, 108,
    347, 109,
    347, 111,
    347, 117,
    347, 118,
    347, 122,
    347, 326,
    347, 327,
    347, 330,
    347, 331,
    347, 334,
    347, 335,
    347, 336,
    347, 337,
    347, 344,
    347, 347
};

/* Kerning between the respective left and right glyphs
 * 4.4 format which needs to scaled with `kern_scale`*/
static const int8_t kern_pair_values[] =
{
    -11, -5, -27, -25, -2, -20, -22, -20,
    -22, -11, -11, -20, -7, -29, -29, -13,
    -13, -11, -5, -27, -25, 1, -13, -8,
    -20, -13, -11, -13, -2, -11, -13, -11,
    -13, -14, -12, -25, -2, -25, 5, -20,
    -12, -16, -27, -2, -12, -11, -11, -23,
    -27, -16, -11, -11, -14, -18, -14, -18,
    -24, -24, -11, -11, -11, 5, -11, -4,
    -22, -4, -44, -27, -13, -25, -22, 11,
    -13, -22, -15, -13, -13, 2, -11, -11,
    -11, -5, -5, -17, -4, -20, -7, -20,
    -7, -11, -11, -11, -13, -11, -13, -2,
    -11, -13, -11, -13, -14, -12, -11, -11,
    -2, -9, -2, -23, -11, -4, -22, -4,
    -44, -27, -11, -11, -11, -12, -16, 5,
    -16, 5, -12, 2, -13, -4, -16, -16,
    -11, -20, -27, -27, -11, -29, -20, -11,
    -20, -11, -20, -31, -12, -20, -24, -24,
    -30, -31, -40, -22, -45, -18, -13, -20,
    -18, -27, -19, -15, -4, -19, -22, -35,
    -19, -44, -12, -29, -12, -40, -31, -40,
    -31, -20, -31, -12, -20, -24, -24, -30,
    -31, -40, -22, -45, -18, -13, -20, -18,
    -27, -19, -15, -4, -19, -22, -35, -19,
    -44, -12, -29, -12, -40, -31, -40, -31,
    -13, -11, -24, -13, -11, -24, -13, -11,
    -13, -11, -1, -28, -28, -28, -14, -14,
    -16, -22, -44, -22, -58, -16, -4, -16,
    -16, -11, -25, -2, -25, 5, -20, -12,
    -23, -27, -2, -12, -11, -11, -23, -27,
    -16, -11, -11, -42, -33, -42, -33, -24,
    -24, -11, -11, -11, 5
};

/*Collect the kern pair's data in one place*/
static const lv_font_fmt_txt_kern_pair_t kern_pairs =
{
    .glyph_ids = kern_pair_glyph_ids,
    .values = kern_pair_values,
    .pair_cnt = 253,
    .glyph_ids_size = 1
};

/*--------------------
 *  ALL CUSTOM DATA
 *--------------------*/

#if LVGL_VERSION_MAJOR == 8
/*Store all the custom data of the font*/
static  lv_font_fmt_txt_glyph_cache_t cache;
#endif

#if LVGL_VERSION_MAJOR >= 8
static const lv_font_fmt_txt_dsc_t font_dsc = {
#else
static lv_font_fmt_txt_dsc_t font_dsc = {
#endif
    .glyph_bitmap = glyph_bitmap,
    .glyph_dsc = glyph_dsc,
    .cmaps = cmaps,
    .kern_dsc = &kern_pairs,
    .kern_scale = 16,
    .cmap_num = 6,
    .bpp = 4,
    .kern_classes = 0,
    .bitmap_format = 0,
#if LVGL_VERSION_MAJOR == 8
    .cache = &cache
#endif
};



/*-----------------
 *  PUBLIC FONT
 *----------------*/

/*Initialize a public general font descriptor*/
#if LVGL_VERSION_MAJOR >= 8
const lv_font_t face_inter_20 = {
#else
lv_font_t face_inter_20 = {
#endif
    .get_glyph_dsc = lv_font_get_glyph_dsc_fmt_txt,    /*Function pointer to get glyph's data*/
    .get_glyph_bitmap = lv_font_get_bitmap_fmt_txt,    /*Function pointer to get glyph's bitmap*/
    .line_height = 26,          /*The maximum line height required by the font*/
    .base_line = 5,             /*Baseline measured from the bottom of the line*/
#if !(LVGL_VERSION_MAJOR == 6 && LVGL_VERSION_MINOR == 0)
    .subpx = LV_FONT_SUBPX_NONE,
#endif
#if LV_VERSION_CHECK(7, 4, 0) || LVGL_VERSION_MAJOR >= 8
    .underline_position = -3,
    .underline_thickness = 2,
#endif
    .dsc = &font_dsc,          /*The custom font data. Will be accessed by `get_glyph_bitmap/dsc` */
#if LV_VERSION_CHECK(8, 2, 0) || LVGL_VERSION_MAJOR >= 9
    .fallback = NULL,
#endif
    .user_data = NULL,
};



#endif /*#if FACE_INTER_20*/

