/*******************************************************************************
 * Size: 28 px
 * Bpp: 4
 * Opts: lv_font_conv, Inter-SemiBold-tnum.ttf, see tools/bake-fonts.sh
 ******************************************************************************/

#ifdef LV_LVGL_H_INCLUDE_SIMPLE
#include "lvgl.h"
#else
#include "lvgl.h"
#endif

#ifndef FACE_INTER_28
#define FACE_INTER_28 1
#endif

#if FACE_INTER_28

/*-----------------
 *    BITMAPS
 *----------------*/

/*Store the image of the glyphs*/
static LV_ATTRIBUTE_LARGE_CONST const uint8_t glyph_bitmap[] = {
    /* U+0020 " " */

    /* U+0021 "!" */
    0x6f, 0xff, 0x66, 0xff, 0xf6, 0x6f, 0xff, 0x66,
    0xff, 0xf5, 0x5f, 0xff, 0x55, 0xff, 0xf5, 0x5f,
    0xff, 0x45, 0xff, 0xf4, 0x4f, 0xff, 0x44, 0xff,
    0xf4, 0x4f, 0xff, 0x34, 0xff, 0xf3, 0x3f, 0xff,
    0x33, 0xff, 0xf2, 0x15, 0x55, 0x0, 0x0, 0x0,
    0x2, 0x62, 0x4, 0xff, 0xf4, 0xaf, 0xff, 0xa9,
    0xff, 0xf9, 0x1b, 0xfb, 0x10,

    /* U+0022 "\"" */
    0x2f, 0xff, 0x40, 0xaf, 0xfd, 0x2f, 0xff, 0x30,
    0x9f, 0xfc, 0x1f, 0xff, 0x30, 0x9f, 0xfb, 0xf,
    0xff, 0x20, 0x8f, 0xfb, 0xf, 0xff, 0x10, 0x7f,
    0xfa, 0xf, 0xff, 0x10, 0x6f, 0xf9, 0xe, 0xff,
    0x0, 0x6f, 0xf8, 0xe, 0xff, 0x0, 0x5f, 0xf8,
    0x6, 0x87, 0x0, 0x28, 0x83,

    /* U+0023 "#" */
    0x0, 0x0, 0x5, 0xff, 0x60, 0x0, 0x3f, 0xf8,
    0x0, 0x0, 0x0, 0x8, 0xff, 0x30, 0x0, 0x6f,
    0xf6, 0x0, 0x0, 0x0, 0xb, 0xff, 0x0, 0x0,
    0x8f, 0xf3, 0x0, 0x0, 0x0, 0xe, 0xfd, 0x0,
    0x0, 0xbf, 0xf0, 0x0, 0x0, 0x0, 0xf, 0xfb,
    0x0, 0x0, 0xef, 0xd0, 0x0, 0x1, 0xff, 0xff,
    0xff, 0xff, 0xff, 0xff, 0xff, 0xf9, 0x3, 0xff,
    0xff, 0xff, 0xff, 0xff, 0xff, 0xff, 0xf6, 0x5,
    0xdd, 0xff, 0xfe, 0xdd, 0xde, 0xff, 0xed, 0xd3,
    0x0, 0x0, 0xaf, 0xf1, 0x0, 0x8, 0xff, 0x30,
    0x0, 0x0, 0x0, 0xdf, 0xf0, 0x0, 0xa, 0xff,
    0x10, 0x0, 0x0, 0x0, 0xff, 0xc0, 0x0, 0xc,
    0xff, 0x0, 0x0, 0x0, 0x1, 0xff, 0xa0, 0x0,
    0xf, 0xfd, 0x0, 0x0, 0x0, 0x3, 0xff, 0x80,
    0x0, 0x1f, 0xfb, 0x0, 0x0, 0x4f, 0xff, 0xff,
    0xff, 0xff, 0xff, 0xff, 0xff, 0x60, 0x6f, 0xff,
    0xff, 0xff, 0xff, 0xff, 0xff, 0xff, 0x30, 0x7d,
    0xdf, 0xff, 0xdd, 0xdd, 0xff, 0xfe, 0xdd, 0x10,
    0x0, 0xe, 0xfe, 0x0, 0x0, 0xbf, 0xf1, 0x0,
    0x0, 0x0, 0xf, 0xfb, 0x0, 0x0, 0xef, 0xe0,
    0x0, 0x0, 0x0, 0x3f, 0xf8, 0x0, 0x0, 0xff,
    0xb0, 0x0, 0x0, 0x0, 0x6f, 0xf6, 0x0, 0x3,
    0xff, 0x80, 0x0, 0x0, 0x0, 0x8f, 0xf3, 0x0,
    0x6, 0xff, 0x60, 0x0, 0x0,

    /* U+0024 "$" */
    0x0, 0x0, 0x0, 0xa, 0xf0, 0x0, 0x0, 0x0,
    0x0, 0x0, 0x0, 0xa, 0xf0, 0x0, 0x0, 0x0,
    0x0, 0x0, 0x0, 0xa, 0xf0, 0x0, 0x0, 0x0,
    0x0, 0x0, 0x4a, 0xef, 0xff, 0xd8, 0x20, 0x0,
    0x0, 0x1b, 0xff, 0xff, 0xff, 0xff, 0xf7, 0x0,
    0x0, 0xdf, 0xff, 0xff, 0xff, 0xff, 0xff, 0x60,
    0x8, 0xff, 0xfd, 0x5a, 0xf3, 0x9f, 0xff, 0xf1,
    0xe, 0xff, 0xe0, 0xa, 0xf0, 0x7, 0xff, 0xf6,
    0x1f, 0xff, 0x90, 0xa, 0xf0, 0x0, 0xdd, 0xd7,
    0x1f, 0xff, 0xb0, 0xa, 0xf0, 0x0, 0x0, 0x0,
    0xe, 0xff, 0xf8, 0xa, 0xf0, 0x0, 0x0, 0x0,
    0x7, 0xff, 0xff, 0xed, 0xf0, 0x0, 0x0, 0x0,
    0x0, 0xaf, 0xff, 0xff, 0xff, 0xb6, 0x0, 0x0,
    0x0, 0x6, 0xef, 0xff, 0xff, 0xff, 0xe5, 0x0,
    0x0, 0x0, 0x4, 0x8e, 0xff, 0xff, 0xff, 0x70,
    0x0, 0x0, 0x0, 0xa, 0xf6, 0xcf, 0xff, 0xf3,
    0x0, 0x0, 0x0, 0xa, 0xf0, 0x6, 0xff, 0xfa,
    0x24, 0x43, 0x0, 0xa, 0xf0, 0x0, 0xdf, 0xfd,
    0x9f, 0xff, 0x10, 0xa, 0xf0, 0x0, 0xdf, 0xfd,
    0x6f, 0xff, 0x90, 0xa, 0xf0, 0x4, 0xff, 0xfb,
    0x1f, 0xff, 0xfb, 0x4a, 0xf3, 0x8f, 0xff, 0xf6,
    0x7, 0xff, 0xff, 0xff, 0xff, 0xff, 0xff, 0xc0,
    0x0, 0x7f, 0xff, 0xff, 0xff, 0xff, 0xfc, 0x10,
    0x0, 0x2, 0x8d, 0xff, 0xff, 0xea, 0x50, 0x0,
    0x0, 0x0, 0x0, 0xa, 0xf0, 0x0, 0x0, 0x0,
    0x0, 0x0, 0x0, 0xa, 0xf0, 0x0, 0x0, 0x0,
    0x0, 0x0, 0x0, 0x8, 0xd0, 0x0, 0x0, 0x0,

    /* U+0025 "%" */
    0x0, 0x4b, 0xef, 0xc4, 0x0, 0x0, 0x0, 0x0,
    0xa, 0xfe, 0x10, 0x0, 0x5, 0xff, 0xff, 0xff,
    0x60, 0x0, 0x0, 0x0, 0x5f, 0xf5, 0x0, 0x0,
    0xe, 0xff, 0x76, 0xef, 0xf0, 0x0, 0x0, 0x1,
    0xef, 0xa0, 0x0, 0x0, 0x3f, 0xf7, 0x0, 0x6f,
    0xf4, 0x0, 0x0, 0xa, 0xfe, 0x10, 0x0, 0x0,
    0x4f, 0xf5, 0x0, 0x4f, 0xf5, 0x0, 0x0, 0x5f,
    0xf5, 0x0, 0x0, 0x0, 0x3f, 0xf6, 0x0, 0x5f,
    0xf4, 0x0, 0x1, 0xef, 0xa0, 0x0, 0x0, 0x0,
    0x1f, 0xfc, 0x11, 0xbf, 0xf1, 0x0, 0xa, 0xfe,
    0x10, 0x0, 0x0, 0x0, 0x9, 0xff, 0xff, 0xff,
    0xa0, 0x0, 0x5f, 0xf5, 0x0, 0x0, 0x0, 0x0,
    0x0, 0x9f, 0xff, 0xfa, 0x0, 0x1, 0xef, 0xa0,
    0x0, 0x0, 0x0, 0x0, 0x0, 0x1, 0x44, 0x10,
    0x0, 0xa, 0xfe, 0x10, 0x0, 0x0, 0x0, 0x0,
    0x0, 0x0, 0x0, 0x0, 0x0, 0x5f, 0xf5, 0x0,
    0x0, 0x0, 0x0, 0x0, 0x0, 0x0, 0x0, 0x0,
    0x1, 0xef, 0xa0, 0x0, 0x3b, 0xef, 0xc4, 0x0,
    0x0, 0x0, 0x0, 0x0, 0xa, 0xfe, 0x10, 0x3,
    0xff, 0xff, 0xff, 0x50, 0x0, 0x0, 0x0, 0x0,
    0x5f, 0xf5, 0x0, 0xc, 0xff, 0x76, 0xef, 0xe0,
    0x0, 0x0, 0x0, 0x1, 0xef, 0xa0, 0x0, 0x1f,
    0xf9, 0x0, 0x6f, 0xf4, 0x0, 0x0, 0x0, 0xa,
    0xfe, 0x10, 0x0, 0x3f, 0xf6, 0x0, 0x3f, 0xf5,
    0x0, 0x0, 0x0, 0x5f, 0xf5, 0x0, 0x0, 0x3f,
    0xf6, 0x0, 0x3f, 0xf5, 0x0, 0x0, 0x1, 0xef,
    0xa0, 0x0, 0x0, 0x1f, 0xf9, 0x0, 0x6f, 0xf4,
    0x0, 0x0, 0xa, 0xfe, 0x10, 0x0, 0x0, 0xc,
    0xff, 0x76, 0xef, 0xe0, 0x0, 0x0, 0x5f, 0xf5,
    0x0, 0x0, 0x0, 0x3, 0xff, 0xff, 0xff, 0x60,
    0x0, 0x1, 0xef, 0xa0, 0x0, 0x0, 0x0, 0x0,
    0x3b, 0xef, 0xc5, 0x0,

    /* U+0026 "&" */
    0x0, 0x0, 0x4b, 0xef, 0xd8, 0x10, 0x0, 0x0,
    0x0, 0x0, 0x9, 0xff, 0xff, 0xff, 0xe2, 0x0,
    0x0, 0x0, 0x0, 0x5f, 0xff, 0xff, 0xff, 0xfd,
    0x0, 0x0, 0x0, 0x0, 0xcf, 0xfd, 0x30, 0x5f,
    0xff, 0x40, 0x0, 0x0, 0x0, 0xff, 0xf4, 0x0,
    0xa, 0xff, 0x60, 0x0, 0x0, 0x0, 0xff, 0xf2,
    0x0, 0xb, 0xff, 0x50, 0x0, 0x0, 0x0, 0xdf,
    0xf7, 0x0, 0x3f, 0xff, 0x10, 0x0, 0x0, 0x0,
    0x7f, 0xfe, 0x15, 0xff, 0xf8, 0x0, 0x0, 0x0,
    0x0, 0xd, 0xff, 0xef, 0xff, 0xa0, 0x0, 0x0,
    0x0, 0x0, 0x3, 0xff, 0xff, 0xf8, 0x0, 0x0,
    0x0, 0x0, 0x0, 0x1b, 0xff, 0xff, 0xb0, 0x0,
    0x0, 0x0, 0x0, 0x1, 0xdf, 0xff, 0xff, 0xf7,
    0x0, 0xe, 0xee, 0x10, 0xd, 0xff, 0xf6, 0xaf,
    0xff, 0x50, 0x2f, 0xff, 0x0, 0x6f, 0xff, 0x50,
    0xc, 0xff, 0xf3, 0x6f, 0xfe, 0x0, 0xbf, 0xfd,
    0x0, 0x1, 0xdf, 0xfe, 0xdf, 0xfa, 0x0, 0xbf,
    0xfc, 0x0, 0x0, 0x1e, 0xff, 0xff, 0xf4, 0x0,
    0xaf, 0xff, 0x20, 0x0, 0x3, 0xff, 0xff, 0xb0,
    0x0, 0x4f, 0xff, 0xd5, 0x10, 0x4a, 0xff, 0xff,
    0xa0, 0x0, 0xb, 0xff, 0xff, 0xff, 0xff, 0xff,
    0xff, 0xf6, 0x0, 0x0, 0xbf, 0xff, 0xff, 0xff,
    0xfb, 0xbf, 0xff, 0x30, 0x0, 0x4, 0xad, 0xff,
    0xd9, 0x40, 0xd, 0xff, 0xd1,

    /* U+0027 "'" */
    0x2f, 0xff, 0x42, 0xff, 0xf3, 0x1f, 0xff, 0x30,
    0xff, 0xf2, 0xf, 0xff, 0x10, 0xff, 0xf1, 0xe,
    0xff, 0x0, 0xef, 0xf0, 0x6, 0x87, 0x0,

    /* U+0028 "(" */
    0x0, 0x0, 0x34, 0x42, 0x0, 0x2, 0xff, 0xf3,
    0x0, 0xb, 0xff, 0xc0, 0x0, 0x1f, 0xff, 0x60,
    0x0, 0x7f, 0xff, 0x10, 0x0, 0xdf, 0xfb, 0x0,
    0x1, 0xff, 0xf7, 0x0, 0x6, 0xff, 0xf3, 0x0,
    0x9, 0xff, 0xf0, 0x0, 0xd, 0xff, 0xc0, 0x0,
    0xf, 0xff, 0xa0, 0x0, 0x1f, 0xff, 0x70, 0x0,
    0x3f, 0xff, 0x60, 0x0, 0x4f, 0xff, 0x50, 0x0,
    0x4f, 0xff, 0x40, 0x0, 0x3f, 0xff, 0x50, 0x0,
    0x2f, 0xff, 0x60, 0x0, 0x1f, 0xff, 0x80, 0x0,
    0xe, 0xff, 0xa0, 0x0, 0xb, 0xff, 0xe0, 0x0,
    0x7, 0xff, 0xf2, 0x0, 0x3, 0xff, 0xf7, 0x0,
    0x0, 0xdf, 0xfc, 0x0, 0x0, 0x7f, 0xff, 0x20,
    0x0, 0x1f, 0xff, 0x80, 0x0, 0x8, 0xff, 0xe0,
    0x0, 0x1, 0xff, 0xf5,

    /* U+0029 ")" */
    0x24, 0x43, 0x0, 0x0, 0x4f, 0xff, 0x20, 0x0,
    0xd, 0xff, 0xa0, 0x0, 0x8, 0xff, 0xf1, 0x0,
    0x2, 0xff, 0xf7, 0x0, 0x0, 0xdf, 0xfc, 0x0,
    0x0, 0x8f, 0xff, 0x10, 0x0, 0x4f, 0xff, 0x50,
    0x0, 0x1f, 0xff, 0x80, 0x0, 0xd, 0xff, 0xc0,
    0x0, 0xb, 0xff, 0xe0, 0x0, 0x9, 0xff, 0xf0,
    0x0, 0x7, 0xff, 0xf2, 0x0, 0x6, 0xff, 0xf3,
    0x0, 0x5, 0xff, 0xf3, 0x0, 0x6, 0xff, 0xf2,
    0x0, 0x7, 0xff, 0xf1, 0x0, 0x9, 0xff, 0xf0,
    0x0, 0xc, 0xff, 0xd0, 0x0, 0xf, 0xff, 0xa0,
    0x0, 0x3f, 0xff, 0x60, 0x0, 0x8f, 0xff, 0x10,
    0x0, 0xdf, 0xfc, 0x0, 0x3, 0xff, 0xf6, 0x0,
    0x9, 0xff, 0xe0, 0x0, 0xf, 0xff, 0x70, 0x0,
    0x6f, 0xfe, 0x0, 0x0,

    /* U+002A "*" */
    0x0, 0x0, 0x2f, 0xf3, 0x0, 0x0, 0x0, 0x0,
    0x1f, 0xf2, 0x0, 0x0, 0xa, 0x90, 0xf, 0xf1,
    0x8, 0xb0, 0x3f, 0xfd, 0x3f, 0xf3, 0xdf, 0xf4,
    0x19, 0xff, 0xff, 0xff, 0xff, 0xa2, 0x0, 0x2a,
    0xff, 0xff, 0xa2, 0x0, 0x0, 0x4c, 0xff, 0xff,
    0xc4, 0x0, 0x2b, 0xff, 0xef, 0xfe, 0xff, 0xc3,
    0x2f, 0xfb, 0x1f, 0xf2, 0xaf, 0xf3, 0x8, 0x60,
    0xf, 0xf1, 0x5, 0x90, 0x0, 0x0, 0x1f, 0xf2,
    0x0, 0x0, 0x0, 0x0, 0x1d, 0xd2, 0x0, 0x0,

    /* U+002B "+" */
    0x0, 0x0, 0x8, 0xff, 0x90, 0x0, 0x0, 0x0,
    0x0, 0x8, 0xff, 0x90, 0x0, 0x0, 0x0, 0x0,
    0x8, 0xff, 0x90, 0x0, 0x0, 0x0, 0x0, 0x8,
    0xff, 0x90, 0x0, 0x0, 0x0, 0x0, 0x8, 0xff,
    0x90, 0x0, 0x0, 0x0, 0x0, 0x8, 0xff, 0x90,
    0x0, 0x0, 0xdf, 0xff, 0xff, 0xff, 0xff, 0xff,
    0xfe, 0xdf, 0xff, 0xff, 0xff, 0xff, 0xff, 0xfe,
    0xdf, 0xff, 0xff, 0xff, 0xff, 0xff, 0xfe, 0x0,
    0x0, 0x8, 0xff, 0x90, 0x0, 0x0, 0x0, 0x0,
    0x8, 0xff, 0x90, 0x0, 0x0, 0x0, 0x0, 0x8,
    0xff, 0x90, 0x0, 0x0, 0x0, 0x0, 0x8, 0xff,
    0x90, 0x0, 0x0, 0x0, 0x0, 0x8, 0xff, 0x90,
    0x0, 0x0, 0x0, 0x0, 0x1, 0x33, 0x10, 0x0,
    0x0,

    /* U+002C "," */
    0x6, 0x88, 0x60, 0xef, 0xf9, 0x1f, 0xff, 0x43,
    0xff, 0xf0, 0x5f, 0xfc, 0x7, 0xff, 0x70, 0xaf,
    0xf3, 0xc, 0xfe, 0x0, 0xef, 0xa0, 0x0,

    /* U+002D "-" */
    0x0, 0x0, 0x0, 0x0, 0x0, 0x9f, 0xff, 0xff,
    0xff, 0xf9, 0x9f, 0xff, 0xff, 0xff, 0xf9, 0x9f,
    0xff, 0xff, 0xff, 0xf9,

    /* U+002E "." */
    0x1, 0x65, 0x1, 0xef, 0xf8, 0x5f, 0xff, 0xe3,
    0xff, 0xfd, 0x8, 0xfd, 0x30,

    /* U+002F "/" */
    0x0, 0x0, 0x0, 0x1f, 0xff, 0x0, 0x0, 0x0,
    0x5, 0xff, 0xb0, 0x0, 0x0, 0x0, 0xaf, 0xf7,
    0x0, 0x0, 0x0, 0xe, 0xff, 0x30, 0x0, 0x0,
    0x2, 0xff, 0xf0, 0x0, 0x0, 0x0, 0x6f, 0xfb,
    0x0, 0x0, 0x0, 0xa, 0xff, 0x60, 0x0, 0x0,
    0x0, 0xef, 0xf2, 0x0, 0x0, 0x0, 0x3f, 0xfe,
    0x0, 0x0, 0x0, 0x7, 0xff, 0xa0, 0x0, 0x0,
    0x0, 0xbf, 0xf6, 0x0, 0x0, 0x0, 0xf, 0xff,
    0x10, 0x0, 0x0, 0x4, 0xff, 0xd0, 0x0, 0x0,
    0x0, 0x8f, 0xf9, 0x0, 0x0, 0x0, 0xc, 0xff,
    0x50, 0x0, 0x0, 0x0, 0xff, 0xf1, 0x0, 0x0,
    0x0, 0x4f, 0xfc, 0x0, 0x0, 0x0, 0x9, 0xff,
    0x80, 0x0, 0x0, 0x0, 0xdf, 0xf4, 0x0, 0x0,
    0x0, 0x1f, 0xff, 0x0, 0x0, 0x0, 0x5, 0xff,
    0xc0, 0x0, 0x0, 0x0, 0x9f, 0xf7, 0x0, 0x0,
    0x0, 0xe, 0xff, 0x30, 0x0, 0x0, 0x2, 0xff,
    0xf0, 0x0, 0x0, 0x0, 0x6f, 0xfb, 0x0, 0x0,
    0x0, 0x0,

    /* U+0030 "0" */
    0x0, 0x0, 0x28, 0xdf, 0xfd, 0x92, 0x0, 0x0,
    0x0, 0x6, 0xff, 0xff, 0xff, 0xff, 0x70, 0x0,
    0x0, 0x5f, 0xff, 0xff, 0xff, 0xff, 0xf6, 0x0,
    0x0, 0xef, 0xff, 0x83, 0x37, 0xff, 0xff, 0x10,
    0x7, 0xff, 0xf6, 0x0, 0x0, 0x5f, 0xff, 0x90,
    0xd, 0xff, 0xd0, 0x0, 0x0, 0xc, 0xff, 0xe0,
    0x1f, 0xff, 0x80, 0x0, 0x0, 0x6, 0xff, 0xf3,
    0x4f, 0xff, 0x40, 0x0, 0x0, 0x3, 0xff, 0xf6,
    0x6f, 0xff, 0x20, 0x0, 0x0, 0x0, 0xff, 0xf8,
    0x7f, 0xff, 0x10, 0x0, 0x0, 0x0, 0xff, 0xf9,
    0x8f, 0xff, 0x10, 0x0, 0x0, 0x0, 0xff, 0xf9,
    0x7f, 0xff, 0x10, 0x0, 0x0, 0x0, 0xff, 0xf9,
    0x6f, 0xff, 0x20, 0x0, 0x0, 0x0, 0xff, 0xf8,
    0x4f, 0xff, 0x40, 0x0, 0x0, 0x3, 0xff, 0xf6,
    0x1f, 0xff, 0x80, 0x0, 0x0, 0x6, 0xff, 0xf3,
    0xd, 0xff, 0xd0, 0x0, 0x0, 0xc, 0xff, 0xe0,
    0x8, 0xff, 0xf7, 0x0, 0x0, 0x5f, 0xff, 0x90,
    0x1, 0xef, 0xff, 0x93, 0x38, 0xff, 0xff, 0x20,
    0x0, 0x5f, 0xff, 0xff, 0xff, 0xff, 0xf7, 0x0,
    0x0, 0x6, 0xff, 0xff, 0xff, 0xff, 0x70, 0x0,
    0x0, 0x0, 0x28, 0xdf, 0xfd, 0x93, 0x0, 0x0,

    /* U+0031 "1" */
    0x0, 0x0, 0x3d, 0xff, 0xfa, 0x0, 0x0, 0x0,
    0x0, 0x7f, 0xff, 0xff, 0xa0, 0x0, 0x0, 0x1,
    0xbf, 0xff, 0xff, 0xfa, 0x0, 0x0, 0x0, 0xcf,
    0xff, 0xaf, 0xff, 0xa0, 0x0, 0x0, 0xd, 0xff,
    0x60, 0xff, 0xfa, 0x0, 0x0, 0x0, 0xdd, 0x20,
    0xf, 0xff, 0xa0, 0x0, 0x0, 0x7, 0x0, 0x0,
    0xff, 0xfa, 0x0, 0x0, 0x0, 0x0, 0x0, 0xf,
    0xff, 0xa0, 0x0, 0x0, 0x0, 0x0, 0x0, 0xff,
    0xfa, 0x0, 0x0, 0x0, 0x0, 0x0, 0xf, 0xff,
    0xa0, 0x0, 0x0, 0x0, 0x0, 0x0, 0xff, 0xfa,
    0x0, 0x0, 0x0, 0x0, 0x0, 0xf, 0xff, 0xa0,
    0x0, 0x0, 0x0, 0x0, 0x0, 0xff, 0xfa, 0x0,
    0x0, 0x0, 0x0, 0x0, 0xf, 0xff, 0xa0, 0x0,
    0x0, 0x0, 0x0, 0x0, 0xff, 0xfa, 0x0, 0x0,
    0x0, 0x0, 0x0, 0xf, 0xff, 0xa0, 0x0, 0x0,
    0x0, 0x0, 0x0, 0xff, 0xfa, 0x0, 0x0, 0x0,
    0x11, 0x11, 0x1f, 0xff, 0xa1, 0x11, 0x10, 0x5f,
    0xff, 0xff, 0xff, 0xff, 0xff, 0xff, 0x5, 0xff,
    0xff, 0xff, 0xff, 0xff, 0xff, 0xf0, 0x5f, 0xff,
    0xff, 0xff, 0xff, 0xff, 0xff, 0x0,

    /* U+0032 "2" */
    0x0, 0x3, 0x9d, 0xff, 0xd9, 0x30, 0x0, 0x0,
    0x9, 0xff, 0xff, 0xff, 0xff, 0x80, 0x0, 0x9,
    0xff, 0xff, 0xff, 0xff, 0xff, 0x80, 0x4, 0xff,
    0xfe, 0x62, 0x27, 0xff, 0xff, 0x20, 0xaf, 0xff,
    0x20, 0x0, 0x4, 0xff, 0xf9, 0xd, 0xff, 0xb0,
    0x0, 0x0, 0xd, 0xff, 0xb0, 0x78, 0x84, 0x0,
    0x0, 0x0, 0xcf, 0xfb, 0x0, 0x0, 0x0, 0x0,
    0x0, 0xe, 0xff, 0x90, 0x0, 0x0, 0x0, 0x0,
    0x7, 0xff, 0xf3, 0x0, 0x0, 0x0, 0x0, 0x3,
    0xff, 0xfb, 0x0, 0x0, 0x0, 0x0, 0x2, 0xef,
    0xfe, 0x10, 0x0, 0x0, 0x0, 0x2, 0xef, 0xff,
    0x30, 0x0, 0x0, 0x0, 0x2, 0xef, 0xff, 0x50,
    0x0, 0x0, 0x0, 0x2, 0xef, 0xff, 0x50, 0x0,
    0x0, 0x0, 0x2, 0xef, 0xff, 0x60, 0x0, 0x0,
    0x0, 0x2, 0xef, 0xff, 0x60, 0x0, 0x0, 0x0,
    0x2, 0xef, 0xff, 0x70, 0x0, 0x0, 0x0, 0x2,
    0xef, 0xff, 0xa3, 0x33, 0x33, 0x33, 0x30, 0xcf,
    0xff, 0xff, 0xff, 0xff, 0xff, 0xff, 0x1d, 0xff,
    0xff, 0xff, 0xff, 0xff, 0xff, 0xf1, 0xdf, 0xff,
    0xff, 0xff, 0xff, 0xff, 0xff, 0x10,

    /* U+0033 "3" */
    0x0, 0x0, 0x49, 0xdf, 0xfd, 0xa4, 0x0, 0x0,
    0x0, 0x1b, 0xff, 0xff, 0xff, 0xff, 0xb1, 0x0,
    0x1, 0xdf, 0xff, 0xff, 0xff, 0xff, 0xfc, 0x0,
    0x8, 0xff, 0xfc, 0x52, 0x25, 0xdf, 0xff, 0x50,
    0xd, 0xff, 0xd0, 0x0, 0x0, 0x2f, 0xff, 0xa0,
    0x7, 0x77, 0x30, 0x0, 0x0, 0xd, 0xff, 0xb0,
    0x0, 0x0, 0x0, 0x0, 0x0, 0x1f, 0xff, 0x80,
    0x0, 0x0, 0x0, 0x0, 0x4, 0xdf, 0xfe, 0x10,
    0x0, 0x0, 0x2, 0xee, 0xff, 0xff, 0xc2, 0x0,
    0x0, 0x0, 0x3, 0xff, 0xff, 0xf9, 0x10, 0x0,
    0x0, 0x0, 0x3, 0xff, 0xff, 0xff, 0xf8, 0x0,
    0x0, 0x0, 0x0, 0x0, 0x25, 0xdf, 0xff, 0x80,
    0x0, 0x0, 0x0, 0x0, 0x0, 0x1d, 0xff, 0xf1,
    0x0, 0x0, 0x0, 0x0, 0x0, 0x6, 0xff, 0xf5,
    0x12, 0x22, 0x0, 0x0, 0x0, 0x4, 0xff, 0xf7,
    0x5f, 0xff, 0x60, 0x0, 0x0, 0x6, 0xff, 0xf5,
    0x2f, 0xff, 0xd1, 0x0, 0x0, 0x1e, 0xff, 0xf2,
    0xb, 0xff, 0xfe, 0x63, 0x37, 0xef, 0xff, 0xb0,
    0x2, 0xef, 0xff, 0xff, 0xff, 0xff, 0xfe, 0x10,
    0x0, 0x2c, 0xff, 0xff, 0xff, 0xff, 0xc2, 0x0,
    0x0, 0x0, 0x5a, 0xdf, 0xfd, 0xa4, 0x0, 0x0,

    /* U+0034 "4" */
    0x0, 0x0, 0x0, 0x0, 0x8f, 0xff, 0xf5, 0x0,
    0x0, 0x0, 0x0, 0x2, 0xff, 0xff, 0xf5, 0x0,
    0x0, 0x0, 0x0, 0xb, 0xff, 0xff, 0xf5, 0x0,
    0x0, 0x0, 0x0, 0x5f, 0xff, 0xff, 0xf5, 0x0,
    0x0, 0x0, 0x0, 0xef, 0xfb, 0xff, 0xf5, 0x0,
    0x0, 0x0, 0x9, 0xff, 0xe2, 0xff, 0xf5, 0x0,
    0x0, 0x0, 0x3f, 0xff, 0x61, 0xff, 0xf5, 0x0,
    0x0, 0x0, 0xcf, 0xfc, 0x1, 0xff, 0xf5, 0x0,
    0x0, 0x6, 0xff, 0xf3, 0x1, 0xff, 0xf5, 0x0,
    0x0, 0x1e, 0xff, 0x90, 0x1, 0xff, 0xf5, 0x0,
    0x0, 0xaf, 0xfe, 0x10, 0x1, 0xff, 0xf5, 0x0,
    0x4, 0xff, 0xf6, 0x0, 0x1, 0xff, 0xf5, 0x0,
    0xd, 0xff, 0xc0, 0x0, 0x1, 0xff, 0xf5, 0x0,
    0x7f, 0xff, 0x30, 0x0, 0x1, 0xff, 0xf5, 0x0,
    0xdf, 0xff, 0xff, 0xff, 0xff, 0xff, 0xff, 0xff,
    0xdf, 0xff, 0xff, 0xff, 0xff, 0xff, 0xff, 0xff,
    0xdf, 0xff, 0xff, 0xff, 0xff, 0xff, 0xff, 0xff,
    0x11, 0x11, 0x11, 0x11, 0x13, 0xff, 0xf6, 0x11,
    0x0, 0x0, 0x0, 0x0, 0x2, 0xff, 0xf5, 0x0,
    0x0, 0x0, 0x0, 0x0, 0x2, 0xff, 0xf5, 0x0,
    0x0, 0x0, 0x0, 0x0, 0x2, 0xff, 0xf5, 0x0,

    /* U+0035 "5" */
    0x0, 0xcf, 0xff, 0xff, 0xff, 0xff, 0xff, 0x10,
    0x0, 0xdf, 0xff, 0xff, 0xff, 0xff, 0xff, 0x10,
    0x0, 0xff, 0xff, 0xff, 0xff, 0xff, 0xff, 0x10,
    0x0, 0xff, 0xf6, 0x22, 0x22, 0x22, 0x22, 0x0,
    0x2, 0xff, 0xf2, 0x0, 0x0, 0x0, 0x0, 0x0,
    0x4, 0xff, 0xf1, 0x0, 0x0, 0x0, 0x0, 0x0,
    0x5, 0xff, 0xf0, 0x0, 0x0, 0x0, 0x0, 0x0,
    0x7, 0xff, 0xd1, 0x8d, 0xfe, 0xb5, 0x0, 0x0,
    0x8, 0xff, 0xee, 0xff, 0xff, 0xff, 0xb0, 0x0,
    0xa, 0xff, 0xff, 0xff, 0xff, 0xff, 0xfb, 0x0,
    0x8, 0xdf, 0xf8, 0x10, 0x5, 0xef, 0xff, 0x50,
    0x0, 0x0, 0x10, 0x0, 0x0, 0x2f, 0xff, 0xb0,
    0x0, 0x0, 0x0, 0x0, 0x0, 0xa, 0xff, 0xf0,
    0x0, 0x0, 0x0, 0x0, 0x0, 0x6, 0xff, 0xf1,
    0x0, 0x0, 0x0, 0x0, 0x0, 0x6, 0xff, 0xf1,
    0x1e, 0xee, 0x70, 0x0, 0x0, 0xa, 0xff, 0xf0,
    0xe, 0xff, 0xd1, 0x0, 0x0, 0x3f, 0xff, 0xa0,
    0x8, 0xff, 0xfd, 0x51, 0x27, 0xff, 0xff, 0x30,
    0x0, 0xcf, 0xff, 0xff, 0xff, 0xff, 0xf7, 0x0,
    0x0, 0x1b, 0xff, 0xff, 0xff, 0xff, 0x70, 0x0,
    0x0, 0x0, 0x4a, 0xdf, 0xed, 0x82, 0x0, 0x0,

    /* U+0036 "6" */
    0x0, 0x0, 0x6, 0xbe, 0xfe, 0xb6, 0x0, 0x0,
    0x0, 0x2, 0xdf, 0xff, 0xff, 0xff, 0xd2, 0x0,
    0x0, 0x1e, 0xff, 0xff, 0xff, 0xff, 0xfe, 0x20,
    0x0, 0xbf, 0xff, 0xc6, 0x46, 0xdf, 0xff, 0xa0,
    0x3, 0xff, 0xfa, 0x0, 0x0, 0xc, 0xff, 0xf1,
    0xa, 0xff, 0xe0, 0x0, 0x0, 0x3, 0x99, 0x93,
    0xe, 0xff, 0x80, 0x0, 0x0, 0x0, 0x0, 0x0,
    0x2f, 0xff, 0x40, 0x4b, 0xef, 0xd8, 0x20, 0x0,
    0x4f, 0xff, 0x29, 0xff, 0xff, 0xff, 0xf5, 0x0,
    0x6f, 0xff, 0x9f, 0xff, 0xef, 0xff, 0xff, 0x30,
    0x7f, 0xff, 0xff, 0x60, 0x1, 0xaf, 0xff, 0xd0,
    0x7f, 0xff, 0xf4, 0x0, 0x0, 0xa, 0xff, 0xf3,
    0x6f, 0xff, 0xb0, 0x0, 0x0, 0x2, 0xff, 0xf7,
    0x5f, 0xff, 0x80, 0x0, 0x0, 0x0, 0xff, 0xf8,
    0x2f, 0xff, 0x80, 0x0, 0x0, 0x0, 0xff, 0xf8,
    0xe, 0xff, 0xc0, 0x0, 0x0, 0x4, 0xff, 0xf6,
    0x8, 0xff, 0xf6, 0x0, 0x0, 0xc, 0xff, 0xf1,
    0x1, 0xff, 0xff, 0x82, 0x14, 0xcf, 0xff, 0xa0,
    0x0, 0x5f, 0xff, 0xff, 0xff, 0xff, 0xfd, 0x0,
    0x0, 0x5, 0xff, 0xff, 0xff, 0xff, 0xc1, 0x0,
    0x0, 0x0, 0x18, 0xce, 0xfd, 0xa4, 0x0, 0x0,

    /* U+0037 "7" */
    0xef, 0xff, 0xff, 0xff, 0xff, 0xff, 0xff, 0xef,
    0xff, 0xff, 0xff, 0xff, 0xff, 0xff, 0xef, 0xff,
    0xff, 0xff, 0xff, 0xff, 0xff, 0x33, 0x33, 0x33,
    0x33, 0x34, 0xff, 0xfd, 0x0, 0x0, 0x0, 0x0,
    0x6, 0xff, 0xf5, 0x0, 0x0, 0x0, 0x0, 0xe,
    0xff, 0xd0, 0x0, 0x0, 0x0, 0x0, 0x6f, 0xff,
    0x60, 0x0, 0x0, 0x0, 0x0, 0xef, 0xfe, 0x0,
    0x0, 0x0, 0x0, 0x6, 0xff, 0xf6, 0x0, 0x0,
    0x0, 0x0, 0xd, 0xff, 0xe0, 0x0, 0x0, 0x0,
    0x0, 0x5f, 0xff, 0x70, 0x0, 0x0, 0x0, 0x0,
    0xdf, 0xfe, 0x0, 0x0, 0x0, 0x0, 0x5, 0xff,
    0xf7, 0x0, 0x0, 0x0, 0x0, 0xd, 0xff, 0xe0,
    0x0, 0x0, 0x0, 0x0, 0x5f, 0xff, 0x70, 0x0,
    0x0, 0x0, 0x0, 0xcf, 0xff, 0x0, 0x0, 0x0,
    0x0, 0x4, 0xff, 0xf8, 0x0, 0x0, 0x0, 0x0,
    0xc, 0xff, 0xf1, 0x0, 0x0, 0x0, 0x0, 0x4f,
    0xff, 0x80, 0x0, 0x0, 0x0, 0x0, 0xcf, 0xff,
    0x10, 0x0, 0x0, 0x0, 0x3, 0xff, 0xf8, 0x0,
    0x0, 0x0, 0x0,

    /* U+0038 "8" */
    0x0, 0x0, 0x49, 0xdf, 0xfd, 0xa4, 0x0, 0x0,
    0x0, 0x1b, 0xff, 0xff, 0xff, 0xff, 0xc1, 0x0,
    0x0, 0xcf, 0xff, 0xff, 0xff, 0xff, 0xfd, 0x0,
    0x6, 0xff, 0xfd, 0x40, 0x3, 0xcf, 0xff, 0x80,
    0xa, 0xff, 0xf1, 0x0, 0x0, 0x1e, 0xff, 0xc0,
    0xa, 0xff, 0xd0, 0x0, 0x0, 0xc, 0xff, 0xc0,
    0x7, 0xff, 0xf1, 0x0, 0x0, 0xe, 0xff, 0x90,
    0x0, 0xef, 0xfc, 0x20, 0x2, 0xbf, 0xff, 0x10,
    0x0, 0x2d, 0xff, 0xfe, 0xef, 0xff, 0xd3, 0x0,
    0x0, 0x2, 0xbf, 0xff, 0xff, 0xfc, 0x20, 0x0,
    0x0, 0x6f, 0xff, 0xff, 0xff, 0xff, 0xf7, 0x0,
    0x5, 0xff, 0xfd, 0x40, 0x4, 0xcf, 0xff, 0x70,
    0xe, 0xff, 0xd1, 0x0, 0x0, 0xd, 0xff, 0xf1,
    0x4f, 0xff, 0x60, 0x0, 0x0, 0x5, 0xff, 0xf6,
    0x7f, 0xff, 0x40, 0x0, 0x0, 0x2, 0xff, 0xf9,
    0x6f, 0xff, 0x50, 0x0, 0x0, 0x4, 0xff, 0xf8,
    0x3f, 0xff, 0xc0, 0x0, 0x0, 0xb, 0xff, 0xf5,
    0xc, 0xff, 0xfb, 0x30, 0x2, 0xaf, 0xff, 0xe0,
    0x2, 0xef, 0xff, 0xff, 0xff, 0xff, 0xff, 0x30,
    0x0, 0x2c, 0xff, 0xff, 0xff, 0xff, 0xd3, 0x0,
    0x0, 0x0, 0x5a, 0xdf, 0xfd, 0xa5, 0x0, 0x0,

    /* U+0039 "9" */
    0x0, 0x0, 0x4a, 0xdf, 0xfc, 0x81, 0x0, 0x0,
    0x0, 0x1b, 0xff, 0xff, 0xff, 0xff, 0x60, 0x0,
    0x0, 0xcf, 0xff, 0xff, 0xff, 0xff, 0xf6, 0x0,
    0x8, 0xff, 0xfd, 0x52, 0x27, 0xff, 0xff, 0x20,
    0xf, 0xff, 0xe1, 0x0, 0x0, 0x4f, 0xff, 0xa0,
    0x4f, 0xff, 0x60, 0x0, 0x0, 0xa, 0xff, 0xf0,
    0x6f, 0xff, 0x20, 0x0, 0x0, 0x6, 0xff, 0xf3,
    0x7f, 0xff, 0x10, 0x0, 0x0, 0x6, 0xff, 0xf6,
    0x5f, 0xff, 0x50, 0x0, 0x0, 0xa, 0xff, 0xf8,
    0x1f, 0xff, 0xd0, 0x0, 0x0, 0x3f, 0xff, 0xf9,
    0xa, 0xff, 0xfc, 0x40, 0x16, 0xff, 0xff, 0xf9,
    0x1, 0xef, 0xff, 0xff, 0xff, 0xf8, 0xff, 0xf8,
    0x0, 0x2d, 0xff, 0xff, 0xff, 0x90, 0xff, 0xf6,
    0x0, 0x0, 0x6b, 0xdc, 0xa3, 0x2, 0xff, 0xf4,
    0x0, 0x0, 0x0, 0x0, 0x0, 0x7, 0xff, 0xf0,
    0x2b, 0xbb, 0x50, 0x0, 0x0, 0xd, 0xff, 0xb0,
    0xf, 0xff, 0xd1, 0x0, 0x0, 0x8f, 0xff, 0x50,
    0x9, 0xff, 0xfe, 0x74, 0x6b, 0xff, 0xfc, 0x0,
    0x1, 0xdf, 0xff, 0xff, 0xff, 0xff, 0xe2, 0x0,
    0x0, 0x1c, 0xff, 0xff, 0xff, 0xfd, 0x20, 0x0,
    0x0, 0x0, 0x5b, 0xef, 0xfc, 0x60, 0x0, 0x0,

    /* U+003A ":" */
    0x1, 0x75, 0x1, 0xef, 0xf9, 0x5f, 0xff, 0xe3,
    0xff, 0xfc, 0x8, 0xed, 0x30, 0x0, 0x0, 0x0,
    0x0, 0x0, 0x0, 0x0, 0x0, 0x0, 0x0, 0x0,
    0x0, 0x0, 0x0, 0x0, 0x16, 0x50, 0x1e, 0xff,
    0x85, 0xff, 0xfe, 0x3f, 0xff, 0xd0, 0x8f, 0xd3,

    /* U+003B ";" */
    0x0, 0x66, 0x10, 0xb, 0xff, 0xd0, 0xf, 0xff,
    0xf3, 0xe, 0xff, 0xf2, 0x4, 0xde, 0x60, 0x0,
    0x0, 0x0, 0x0, 0x0, 0x0, 0x0, 0x0, 0x0,
    0x0, 0x0, 0x0, 0x0, 0x0, 0x0, 0x0, 0x0,
    0x0, 0x0, 0x0, 0x0, 0x6, 0x88, 0x60, 0xe,
    0xff, 0x90, 0x1f, 0xff, 0x40, 0x3f, 0xff, 0x0,
    0x5f, 0xfc, 0x0, 0x7f, 0xf7, 0x0, 0xaf, 0xf3,
    0x0, 0xcf, 0xe0, 0x0, 0xef, 0xa0, 0x0,

    /* U+003C "<" */
    0x0, 0x0, 0x0, 0x0, 0x0, 0x0, 0x1, 0x0,
    0x0, 0x0, 0x0, 0x0, 0x3, 0xad, 0x0, 0x0,
    0x0, 0x0, 0x3, 0xbf, 0xfd, 0x0, 0x0, 0x0,
    0x4, 0xbf, 0xff, 0xfd, 0x0, 0x0, 0x4, 0xcf,
    0xff, 0xff, 0xe6, 0x0, 0x5, 0xdf, 0xff, 0xff,
    0xc5, 0x0, 0x6, 0xdf, 0xff, 0xff, 0xb4, 0x0,
    0x0, 0xbf, 0xff, 0xff, 0x92, 0x0, 0x0, 0x0,
    0xcf, 0xff, 0xa1, 0x0, 0x0, 0x0, 0x0, 0xcf,
    0xff, 0xfb, 0x40, 0x0, 0x0, 0x0, 0x3b, 0xff,
    0xff, 0xfd, 0x60, 0x0, 0x0, 0x0, 0x3a, 0xff,
    0xff, 0xfe, 0x71, 0x0, 0x0, 0x0, 0x2a, 0xff,
    0xff, 0xff, 0x92, 0x0, 0x0, 0x0, 0x29, 0xff,
    0xff, 0xfd, 0x0, 0x0, 0x0, 0x0, 0x18, 0xff,
    0xfd, 0x0, 0x0, 0x0, 0x0, 0x0, 0x18, 0xed,
    0x0, 0x0, 0x0, 0x0, 0x0, 0x0, 0x5,

    /* U+003D "=" */
    0x8f, 0xff, 0xff, 0xff, 0xff, 0xff, 0xfa, 0x8f,
    0xff, 0xff, 0xff, 0xff, 0xff, 0xfa, 0x8f, 0xff,
    0xff, 0xff, 0xff, 0xff, 0xfa, 0x12, 0x22, 0x22,
    0x22, 0x22, 0x22, 0x21, 0x0, 0x0, 0x0, 0x0,
    0x0, 0x0, 0x0, 0x0, 0x0, 0x0, 0x0, 0x0,
    0x0, 0x0, 0x12, 0x22, 0x22, 0x22, 0x22, 0x22,
    0x21, 0x8f, 0xff, 0xff, 0xff, 0xff, 0xff, 0xfa,
    0x8f, 0xff, 0xff, 0xff, 0xff, 0xff, 0xfa, 0x8f,
    0xff, 0xff, 0xff, 0xff, 0xff, 0xfa,

    /* U+003E ">" */
    0x10, 0x0, 0x0, 0x0, 0x0, 0x0, 0x0, 0xbb,
    0x30, 0x0, 0x0, 0x0, 0x0, 0x0, 0xcf, 0xfc,
    0x40, 0x0, 0x0, 0x0, 0x0, 0xcf, 0xff, 0xfc,
    0x40, 0x0, 0x0, 0x0, 0x5d, 0xff, 0xff, 0xfd,
    0x50, 0x0, 0x0, 0x0, 0x5c, 0xff, 0xff, 0xfd,
    0x60, 0x0, 0x0, 0x0, 0x3a, 0xff, 0xff, 0xfe,
    0x60, 0x0, 0x0, 0x0, 0x18, 0xef, 0xff, 0xfc,
    0x0, 0x0, 0x0, 0x0, 0x8, 0xff, 0xfd, 0x0,
    0x0, 0x0, 0x3, 0xaf, 0xff, 0xfd, 0x0, 0x0,
    0x5, 0xcf, 0xff, 0xff, 0xb4, 0x0, 0x7, 0xdf,
    0xff, 0xff, 0xb3, 0x0, 0x18, 0xff, 0xff, 0xff,
    0xa3, 0x0, 0x0, 0xcf, 0xff, 0xff, 0xa2, 0x0,
    0x0, 0x0, 0xcf, 0xff, 0x91, 0x0, 0x0, 0x0,
    0x0, 0xcf, 0x81, 0x0, 0x0, 0x0, 0x0, 0x0,
    0x51, 0x0, 0x0, 0x0, 0x0, 0x0, 0x0,

    /* U+003F "?" */
    0x0, 0x6, 0xbe, 0xfe, 0xb6, 0x0, 0x0, 0x2d,
    0xff, 0xff, 0xff, 0xfd, 0x20, 0xd, 0xff, 0xff,
    0xff, 0xff, 0xfe, 0x16, 0xff, 0xfc, 0x30, 0x3c,
    0xff, 0xf7, 0xbf, 0xfe, 0x0, 0x0, 0x1f, 0xff,
    0xba, 0xcc, 0x80, 0x0, 0x0, 0xdf, 0xfd, 0x0,
    0x0, 0x0, 0x0, 0xe, 0xff, 0xb0, 0x0, 0x0,
    0x0, 0x8, 0xff, 0xf7, 0x0, 0x0, 0x0, 0xa,
    0xff, 0xfd, 0x0, 0x0, 0x0, 0x2d, 0xff, 0xfd,
    0x20, 0x0, 0x0, 0xe, 0xff, 0xf9, 0x0, 0x0,
    0x0, 0x5, 0xff, 0xf6, 0x0, 0x0, 0x0, 0x0,
    0x9f, 0xfd, 0x0, 0x0, 0x0, 0x0, 0xa, 0xff,
    0x90, 0x0, 0x0, 0x0, 0x0, 0x47, 0x74, 0x0,
    0x0, 0x0, 0x0, 0x0, 0x0, 0x0, 0x0, 0x0,
    0x0, 0x0, 0x5, 0x50, 0x0, 0x0, 0x0, 0x0,
    0xd, 0xff, 0xb0, 0x0, 0x0, 0x0, 0x3, 0xff,
    0xff, 0x20, 0x0, 0x0, 0x0, 0x2f, 0xff, 0xf0,
    0x0, 0x0, 0x0, 0x0, 0x6e, 0xe5, 0x0, 0x0,
    0x0,

    /* U+0040 "@" */
    0x0, 0x0, 0x0, 0x0, 0x49, 0xce, 0xff, 0xec,
    0x95, 0x0, 0x0, 0x0, 0x0, 0x0, 0x0, 0x0,
    0x6e, 0xff, 0xff, 0xff, 0xff, 0xff, 0xf7, 0x0,
    0x0, 0x0, 0x0, 0x0, 0x1c, 0xff, 0xff, 0xff,
    0xed, 0xef, 0xff, 0xff, 0xe2, 0x0, 0x0, 0x0,
    0x2, 0xef, 0xff, 0xd7, 0x20, 0x0, 0x0, 0x39,
    0xff, 0xff, 0x30, 0x0, 0x0, 0xd, 0xff, 0xf7,
    0x0, 0x0, 0x0, 0x0, 0x0, 0x2c, 0xff, 0xe1,
    0x0, 0x0, 0x8f, 0xff, 0x40, 0x0, 0x0, 0x0,
    0x0, 0x0, 0x0, 0xbf, 0xfb, 0x0, 0x2, 0xff,
    0xf7, 0x0, 0x0, 0x0, 0x0, 0x0, 0x0, 0x0,
    0x1e, 0xff, 0x30, 0x8, 0xff, 0xc0, 0x0, 0x2,
    0x9d, 0xfe, 0x91, 0x8b, 0x90, 0x6, 0xff, 0xb0,
    0xe, 0xff, 0x50, 0x0, 0x4f, 0xff, 0xff, 0xfe,
    0xdf, 0xd0, 0x0, 0xff, 0xf0, 0x2f, 0xff, 0x0,
    0x1, 0xff, 0xff, 0xef, 0xff, 0xff, 0xd0, 0x0,
    0xbf, 0xf4, 0x5f, 0xfc, 0x0, 0xa, 0xff, 0xb1,
    0x0, 0x4e, 0xff, 0xd0, 0x0, 0x8f, 0xf6, 0x7f,
    0xf9, 0x0, 0xf, 0xff, 0x10, 0x0, 0x4, 0xff,
    0xd0, 0x0, 0x6f, 0xf7, 0x8f, 0xf8, 0x0, 0x3f,
    0xf9, 0x0, 0x0, 0x0, 0xff, 0xd0, 0x0, 0x6f,
    0xf8, 0x9f, 0xf8, 0x0, 0x4f, 0xf7, 0x0, 0x0,
    0x0, 0xdf, 0xd0, 0x0, 0x6f, 0xf8, 0x8f, 0xf8,
    0x0, 0x4f, 0xf7, 0x0, 0x0, 0x0, 0xdf, 0xd0,
    0x0, 0x7f, 0xf6, 0x7f, 0xf9, 0x0, 0x3f, 0xf9,
    0x0, 0x0, 0x0, 0xff, 0xd0, 0x0, 0x8f, 0xf4,
    0x5f, 0xfc, 0x0, 0xf, 0xfe, 0x0, 0x0, 0x4,
    0xff, 0xd0, 0x0, 0xbf, 0xf1, 0x3f, 0xff, 0x0,
    0xa, 0xff, 0x70, 0x0, 0xc, 0xff, 0xf0, 0x2,
    0xff, 0xc0, 0xe, 0xff, 0x50, 0x2, 0xff, 0xfb,
    0x89, 0xef, 0xef, 0xfc, 0x9e, 0xff, 0x50, 0xa,
    0xff, 0xc0, 0x0, 0x5f, 0xff, 0xff, 0xfd, 0x3f,
    0xff, 0xff, 0xfa, 0x0, 0x3, 0xff, 0xf6, 0x0,
    0x3, 0xae, 0xfd, 0x81, 0x3, 0xbe, 0xfd, 0x60,
    0x0, 0x0, 0xaf, 0xff, 0x40, 0x0, 0x0, 0x0,
    0x0, 0x0, 0x0, 0x0, 0x0, 0x0, 0x0, 0x1e,
    0xff, 0xf7, 0x0, 0x0, 0x0, 0x0, 0x0, 0x0,
    0x0, 0x0, 0x0, 0x0, 0x3, 0xef, 0xff, 0xe7,
    0x30, 0x0, 0x0, 0x26, 0xa2, 0x0, 0x0, 0x0,
    0x0, 0x0, 0x2d, 0xff, 0xff, 0xff, 0xfe, 0xef,
    0xff, 0xf8, 0x0, 0x0, 0x0, 0x0, 0x0, 0x0,
    0x7e, 0xff, 0xff, 0xff, 0xff, 0xff, 0xfb, 0x0,
    0x0, 0x0, 0x0, 0x0, 0x0, 0x0, 0x49, 0xce,
    0xff, 0xfd, 0xb7, 0x30, 0x0, 0x0, 0x0,

    /* U+0041 "A" */
    0x0, 0x0, 0x0, 0x6, 0xff, 0xff, 0x90, 0x0,
    0x0, 0x0, 0x0, 0x0, 0x0, 0xb, 0xff, 0xff,
    0xe0, 0x0, 0x0, 0x0, 0x0, 0x0, 0x0, 0x1f,
    0xff, 0xff, 0xf4, 0x0, 0x0, 0x0, 0x0, 0x0,
    0x0, 0x6f, 0xff, 0xcf, 0xfa, 0x0, 0x0, 0x0,
    0x0, 0x0, 0x0, 0xbf, 0xfb, 0x8f, 0xff, 0x0,
    0x0, 0x0, 0x0, 0x0, 0x1, 0xff, 0xf7, 0x4f,
    0xff, 0x50, 0x0, 0x0, 0x0, 0x0, 0x6, 0xff,
    0xf3, 0xf, 0xff, 0xa0, 0x0, 0x0, 0x0, 0x0,
    0xb, 0xff, 0xe0, 0xb, 0xff, 0xf0, 0x0, 0x0,
    0x0, 0x0, 0x1f, 0xff, 0xa0, 0x7, 0xff, 0xf5,
    0x0, 0x0, 0x0, 0x0, 0x6f, 0xff, 0x60, 0x2,
    0xff, 0xfb, 0x0, 0x0, 0x0, 0x0, 0xcf, 0xff,
    0x10, 0x0, 0xdf, 0xff, 0x10, 0x0, 0x0, 0x1,
    0xff, 0xfc, 0x0, 0x0, 0x8f, 0xff, 0x60, 0x0,
    0x0, 0x7, 0xff, 0xf7, 0x0, 0x0, 0x3f, 0xff,
    0xc0, 0x0, 0x0, 0xc, 0xff, 0xff, 0xff, 0xff,
    0xff, 0xff, 0xf1, 0x0, 0x0, 0x1f, 0xff, 0xff,
    0xff, 0xff, 0xff, 0xff, 0xf7, 0x0, 0x0, 0x7f,
    0xff, 0xff, 0xff, 0xff, 0xff, 0xff, 0xfc, 0x0,
    0x0, 0xcf, 0xff, 0x20, 0x0, 0x0, 0x0, 0xdf,
    0xff, 0x20, 0x2, 0xff, 0xfd, 0x0, 0x0, 0x0,
    0x0, 0x8f, 0xff, 0x70, 0x7, 0xff, 0xf8, 0x0,
    0x0, 0x0, 0x0, 0x2f, 0xff, 0xd0, 0xc, 0xff,
    0xf2, 0x0, 0x0, 0x0, 0x0, 0xd, 0xff, 0xf2,
    0x2f, 0xff, 0xd0, 0x0, 0x0, 0x0, 0x0, 0x7,
    0xff, 0xf8,

    /* U+0042 "B" */
    0xff, 0xff, 0xff, 0xff, 0xfd, 0x93, 0x0, 0x0,
    0xff, 0xff, 0xff, 0xff, 0xff, 0xff, 0x90, 0x0,
    0xff, 0xff, 0xff, 0xff, 0xff, 0xff, 0xf8, 0x0,
    0xff, 0xfb, 0x22, 0x22, 0x4a, 0xff, 0xff, 0x10,
    0xff, 0xfb, 0x0, 0x0, 0x0, 0xaf, 0xff, 0x40,
    0xff, 0xfb, 0x0, 0x0, 0x0, 0x5f, 0xff, 0x60,
    0xff, 0xfb, 0x0, 0x0, 0x0, 0x5f, 0xff, 0x50,
    0xff, 0xfb, 0x0, 0x0, 0x0, 0xbf, 0xff, 0x10,
    0xff, 0xfb, 0x0, 0x0, 0x3a, 0xff, 0xf5, 0x0,
    0xff, 0xff, 0xff, 0xff, 0xff, 0xfb, 0x30, 0x0,
    0xff, 0xff, 0xff, 0xff, 0xff, 0xfb, 0x50, 0x0,
    0xff, 0xfe, 0xbb, 0xbb, 0xdf, 0xff, 0xfa, 0x0,
    0xff, 0xfb, 0x0, 0x0, 0x1, 0xbf, 0xff, 0x70,
    0xff, 0xfb, 0x0, 0x0, 0x0, 0xd, 0xff, 0xe0,
    0xff, 0xfb, 0x0, 0x0, 0x0, 0x9, 0xff, 0xf2,
    0xff, 0xfb, 0x0, 0x0, 0x0, 0x9, 0xff, 0xf2,
    0xff, 0xfb, 0x0, 0x0, 0x0, 0x1e, 0xff, 0xf1,
    0xff, 0xfb, 0x22, 0x22, 0x36, 0xdf, 0xff, 0xc0,
    0xff, 0xff, 0xff, 0xff, 0xff, 0xff, 0xff, 0x30,
    0xff, 0xff, 0xff, 0xff, 0xff, 0xff, 0xe5, 0x0,
    0xff, 0xff, 0xff, 0xff, 0xfe, 0xc7, 0x10, 0x0,

    /* U+0043 "C" */
    0x0, 0x0, 0x1, 0x7b, 0xef, 0xed, 0x93, 0x0,
    0x0, 0x0, 0x0, 0x6, 0xff, 0xff, 0xff, 0xff,
    0xfb, 0x20, 0x0, 0x0, 0xa, 0xff, 0xff, 0xff,
    0xff, 0xff, 0xfe, 0x20, 0x0, 0x8, 0xff, 0xff,
    0xd8, 0x67, 0xaf, 0xff, 0xfd, 0x0, 0x2, 0xff,
    0xff, 0x70, 0x0, 0x0, 0x2d, 0xff, 0xf7, 0x0,
    0xaf, 0xff, 0x80, 0x0, 0x0, 0x0, 0x1f, 0xff,
    0xe0, 0xf, 0xff, 0xd0, 0x0, 0x0, 0x0, 0x0,
    0x9f, 0xff, 0x24, 0xff, 0xf7, 0x0, 0x0, 0x0,
    0x0, 0x0, 0x22, 0x20, 0x7f, 0xff, 0x40, 0x0,
    0x0, 0x0, 0x0, 0x0, 0x0, 0x8, 0xff, 0xf2,
    0x0, 0x0, 0x0, 0x0, 0x0, 0x0, 0x0, 0x9f,
    0xff, 0x10, 0x0, 0x0, 0x0, 0x0, 0x0, 0x0,
    0x8, 0xff, 0xf2, 0x0, 0x0, 0x0, 0x0, 0x0,
    0x0, 0x0, 0x7f, 0xff, 0x40, 0x0, 0x0, 0x0,
    0x0, 0x0, 0x0, 0x4, 0xff, 0xf7, 0x0, 0x0,
    0x0, 0x0, 0x0, 0x22, 0x20, 0xf, 0xff, 0xd0,
    0x0, 0x0, 0x0, 0x0, 0x9f, 0xff, 0x20, 0xaf,
    0xff, 0x70, 0x0, 0x0, 0x0, 0x1f, 0xff, 0xe0,
    0x2, 0xff, 0xff, 0x70, 0x0, 0x0, 0x2d, 0xff,
    0xf7, 0x0, 0x8, 0xff, 0xff, 0xd8, 0x67, 0xaf,
    0xff, 0xfd, 0x0, 0x0, 0xa, 0xff, 0xff, 0xff,
    0xff, 0xff, 0xfe, 0x10, 0x0, 0x0, 0x7, 0xff,
    0xff, 0xff, 0xff, 0xfa, 0x10, 0x0, 0x0, 0x0,
    0x1, 0x7b, 0xef, 0xed, 0x93, 0x0, 0x0, 0x0,

    /* U+0044 "D" */
    0xff, 0xff, 0xff, 0xff, 0xeb, 0x72, 0x0, 0x0,
    0xf, 0xff, 0xff, 0xff, 0xff, 0xff, 0xf9, 0x0,
    0x0, 0xff, 0xff, 0xff, 0xff, 0xff, 0xff, 0xfc,
    0x10, 0xf, 0xff, 0xc4, 0x44, 0x56, 0xbf, 0xff,
    0xfb, 0x0, 0xff, 0xfb, 0x0, 0x0, 0x0, 0x3d,
    0xff, 0xf6, 0xf, 0xff, 0xb0, 0x0, 0x0, 0x0,
    0x2f, 0xff, 0xd0, 0xff, 0xfb, 0x0, 0x0, 0x0,
    0x0, 0x8f, 0xff, 0x3f, 0xff, 0xb0, 0x0, 0x0,
    0x0, 0x2, 0xff, 0xf7, 0xff, 0xfb, 0x0, 0x0,
    0x0, 0x0, 0xf, 0xff, 0xaf, 0xff, 0xb0, 0x0,
    0x0, 0x0, 0x0, 0xdf, 0xfc, 0xff, 0xfb, 0x0,
    0x0, 0x0, 0x0, 0xd, 0xff, 0xcf, 0xff, 0xb0,
    0x0, 0x0, 0x0, 0x0, 0xdf, 0xfb, 0xff, 0xfb,
    0x0, 0x0, 0x0, 0x0, 0xf, 0xff, 0xaf, 0xff,
    0xb0, 0x0, 0x0, 0x0, 0x2, 0xff, 0xf7, 0xff,
    0xfb, 0x0, 0x0, 0x0, 0x0, 0x8f, 0xff, 0x3f,
    0xff, 0xb0, 0x0, 0x0, 0x0, 0x2f, 0xff, 0xd0,
    0xff, 0xfb, 0x0, 0x0, 0x0, 0x3e, 0xff, 0xf6,
    0xf, 0xff, 0xc4, 0x44, 0x57, 0xbf, 0xff, 0xfb,
    0x0, 0xff, 0xff, 0xff, 0xff, 0xff, 0xff, 0xfc,
    0x10, 0xf, 0xff, 0xff, 0xff, 0xff, 0xff, 0xf8,
    0x0, 0x0, 0xff, 0xff, 0xff, 0xff, 0xeb, 0x71,
    0x0, 0x0, 0x0,

    /* U+0045 "E" */
    0xff, 0xff, 0xff, 0xff, 0xff, 0xff, 0xf4, 0xff,
    0xff, 0xff, 0xff, 0xff, 0xff, 0xf4, 0xff, 0xff,
    0xff, 0xff, 0xff, 0xff, 0xf4, 0xff, 0xfc, 0x22,
    0x22, 0x22, 0x22, 0x20, 0xff, 0xfb, 0x0, 0x0,
    0x0, 0x0, 0x0, 0xff, 0xfb, 0x0, 0x0, 0x0,
    0x0, 0x0, 0xff, 0xfb, 0x0, 0x0, 0x0, 0x0,
    0x0, 0xff, 0xfb, 0x0, 0x0, 0x0, 0x0, 0x0,
    0xff, 0xfb, 0x22, 0x22, 0x22, 0x22, 0x10, 0xff,
    0xff, 0xff, 0xff, 0xff, 0xff, 0x90, 0xff, 0xff,
    0xff, 0xff, 0xff, 0xff, 0x90, 0xff, 0xff, 0xff,
    0xff, 0xff, 0xff, 0x90, 0xff, 0xfb, 0x0, 0x0,
    0x0, 0x0, 0x0, 0xff, 0xfb, 0x0, 0x0, 0x0,
    0x0, 0x0, 0xff, 0xfb, 0x0, 0x0, 0x0, 0x0,
    0x0, 0xff, 0xfb, 0x0, 0x0, 0x0, 0x0, 0x0,
    0xff, 0xfb, 0x0, 0x0, 0x0, 0x0, 0x0, 0xff,
    0xfc, 0x22, 0x22, 0x22, 0x22, 0x20, 0xff, 0xff,
    0xff, 0xff, 0xff, 0xff, 0xf5, 0xff, 0xff, 0xff,
    0xff, 0xff, 0xff, 0xf5, 0xff, 0xff, 0xff, 0xff,
    0xff, 0xff, 0xf5,

    /* U+0046 "F" */
    0xff, 0xff, 0xff, 0xff, 0xff, 0xff, 0xf1, 0xff,
    0xff, 0xff, 0xff, 0xff, 0xff, 0xf1, 0xff, 0xff,
    0xff, 0xff, 0xff, 0xff, 0xf1, 0xff, 0xfc, 0x22,
    0x22, 0x22, 0x22, 0x20, 0xff, 0xfb, 0x0, 0x0,
    0x0, 0x0, 0x0, 0xff, 0xfb, 0x0, 0x0, 0x0,
    0x0, 0x0, 0xff, 0xfb, 0x0, 0x0, 0x0, 0x0,
    0x0, 0xff, 0xfb, 0x0, 0x0, 0x0, 0x0, 0x0,
    0xff, 0xfb, 0x0, 0x0, 0x0, 0x0, 0x0, 0xff,
    0xfb, 0x22, 0x22, 0x22, 0x22, 0x0, 0xff, 0xff,
    0xff, 0xff, 0xff, 0xff, 0x20, 0xff, 0xff, 0xff,
    0xff, 0xff, 0xff, 0x20, 0xff, 0xff, 0xff, 0xff,
    0xff, 0xff, 0x20, 0xff, 0xfb, 0x0, 0x0, 0x0,
    0x0, 0x0, 0xff, 0xfb, 0x0, 0x0, 0x0, 0x0,
    0x0, 0xff, 0xfb, 0x0, 0x0, 0x0, 0x0, 0x0,
    0xff, 0xfb, 0x0, 0x0, 0x0, 0x0, 0x0, 0xff,
    0xfb, 0x0, 0x0, 0x0, 0x0, 0x0, 0xff, 0xfb,
    0x0, 0x0, 0x0, 0x0, 0x0, 0xff, 0xfb, 0x0,
    0x0, 0x0, 0x0, 0x0, 0xff, 0xfb, 0x0, 0x0,
    0x0, 0x0, 0x0,

    /* U+0047 "G" */
    0x0, 0x0, 0x1, 0x7b, 0xef, 0xed, 0x93, 0x0,
    0x0, 0x0, 0x0, 0x6, 0xff, 0xff, 0xff, 0xff,
    0xfb, 0x10, 0x0, 0x0, 0x9, 0xff, 0xff, 0xff,
    0xff, 0xff, 0xfe, 0x20, 0x0, 0x7, 0xff, 0xff,
    0xe8, 0x67, 0xaf, 0xff, 0xfd, 0x0, 0x2, 0xff,
    0xff, 0x80, 0x0, 0x0, 0x2d, 0xff, 0xf8, 0x0,
    0xaf, 0xff, 0x80, 0x0, 0x0, 0x0, 0x2f, 0xff,
    0xe0, 0xf, 0xff, 0xe0, 0x0, 0x0, 0x0, 0x0,
    0x8d, 0xdd, 0x24, 0xff, 0xf8, 0x0, 0x0, 0x0,
    0x0, 0x0, 0x0, 0x0, 0x7f, 0xff, 0x40, 0x0,
    0x0, 0x0, 0x0, 0x0, 0x0, 0x8, 0xff, 0xf2,
    0x0, 0x0, 0x0, 0x0, 0x0, 0x0, 0x0, 0x9f,
    0xff, 0x10, 0x0, 0x0, 0xcf, 0xff, 0xff, 0xff,
    0x78, 0xff, 0xf2, 0x0, 0x0, 0xc, 0xff, 0xff,
    0xff, 0xf7, 0x7f, 0xff, 0x40, 0x0, 0x0, 0xbf,
    0xff, 0xff, 0xff, 0x74, 0xff, 0xf7, 0x0, 0x0,
    0x0, 0x0, 0x1, 0xff, 0xf6, 0xf, 0xff, 0xd0,
    0x0, 0x0, 0x0, 0x0, 0x5f, 0xff, 0x40, 0xaf,
    0xff, 0x70, 0x0, 0x0, 0x0, 0xc, 0xff, 0xf0,
    0x3, 0xff, 0xff, 0x70, 0x0, 0x0, 0xa, 0xff,
    0xf9, 0x0, 0x8, 0xff, 0xff, 0xd8, 0x66, 0x9e,
    0xff, 0xfe, 0x10, 0x0, 0xa, 0xff, 0xff, 0xff,
    0xff, 0xff, 0xff, 0x30, 0x0, 0x0, 0x7, 0xff,
    0xff, 0xff, 0xff, 0xfc, 0x20, 0x0, 0x0, 0x0,
    0x1, 0x7b, 0xef, 0xfd, 0xa5, 0x0, 0x0, 0x0,

    /* U+0048 "H" */
    0xff, 0xfb, 0x0, 0x0, 0x0, 0x0, 0xd, 0xff,
    0xdf, 0xff, 0xb0, 0x0, 0x0, 0x0, 0x0, 0xdf,
    0xfd, 0xff, 0xfb, 0x0, 0x0, 0x0, 0x0, 0xd,
    0xff, 0xdf, 0xff, 0xb0, 0x0, 0x0, 0x0, 0x0,
    0xdf, 0xfd, 0xff, 0xfb, 0x0, 0x0, 0x0, 0x0,
    0xd, 0xff, 0xdf, 0xff, 0xb0, 0x0, 0x0, 0x0,
    0x0, 0xdf, 0xfd, 0xff, 0xfb, 0x0, 0x0, 0x0,
    0x0, 0xd, 0xff, 0xdf, 0xff, 0xb0, 0x0, 0x0,
    0x0, 0x0, 0xdf, 0xfd, 0xff, 0xfc, 0x22, 0x22,
    0x22, 0x22, 0x2d, 0xff, 0xdf, 0xff, 0xff, 0xff,
    0xff, 0xff, 0xff, 0xff, 0xfd, 0xff, 0xff, 0xff,
    0xff, 0xff, 0xff, 0xff, 0xff, 0xdf, 0xff, 0xff,
    0xff, 0xff, 0xff, 0xff, 0xff, 0xfd, 0xff, 0xfb,
    0x0, 0x0, 0x0, 0x0, 0xd, 0xff, 0xdf, 0xff,
    0xb0, 0x0, 0x0, 0x0, 0x0, 0xdf, 0xfd, 0xff,
    0xfb, 0x0, 0x0, 0x0, 0x0, 0xd, 0xff, 0xdf,
    0xff, 0xb0, 0x0, 0x0, 0x0, 0x0, 0xdf, 0xfd,
    0xff, 0xfb, 0x0, 0x0, 0x0, 0x0, 0xd, 0xff,
    0xdf, 0xff, 0xb0, 0x0, 0x0, 0x0, 0x0, 0xdf,
    0xfd, 0xff, 0xfb, 0x0, 0x0, 0x0, 0x0, 0xd,
    0xff, 0xdf, 0xff, 0xb0, 0x0, 0x0, 0x0, 0x0,
    0xdf, 0xfd, 0xff, 0xfb, 0x0, 0x0, 0x0, 0x0,
    0xd, 0xff, 0xd0,

    /* U+0049 "I" */
    0xff, 0xfb, 0xff, 0xfb, 0xff, 0xfb, 0xff, 0xfb,
    0xff, 0xfb, 0xff, 0xfb, 0xff, 0xfb, 0xff, 0xfb,
    0xff, 0xfb, 0xff, 0xfb, 0xff, 0xfb, 0xff, 0xfb,
    0xff, 0xfb, 0xff, 0xfb, 0xff, 0xfb, 0xff, 0xfb,
    0xff, 0xfb, 0xff, 0xfb, 0xff, 0xfb, 0xff, 0xfb,
    0xff, 0xfb,

    /* U+004A "J" */
    0x0, 0x0, 0x0, 0x0, 0x7, 0xff, 0xf3, 0x0,
    0x0, 0x0, 0x0, 0x7, 0xff, 0xf3, 0x0, 0x0,
    0x0, 0x0, 0x7, 0xff, 0xf3, 0x0, 0x0, 0x0,
    0x0, 0x7, 0xff, 0xf3, 0x0, 0x0, 0x0, 0x0,
    0x7, 0xff, 0xf3, 0x0, 0x0, 0x0, 0x0, 0x7,
    0xff, 0xf3, 0x0, 0x0, 0x0, 0x0, 0x7, 0xff,
    0xf3, 0x0, 0x0, 0x0, 0x0, 0x7, 0xff, 0xf3,
    0x0, 0x0, 0x0, 0x0, 0x7, 0xff, 0xf3, 0x0,
    0x0, 0x0, 0x0, 0x7, 0xff, 0xf3, 0x0, 0x0,
    0x0, 0x0, 0x7, 0xff, 0xf3, 0x0, 0x0, 0x0,
    0x0, 0x7, 0xff, 0xf3, 0x0, 0x0, 0x0, 0x0,
    0x7, 0xff, 0xf3, 0x9a, 0xa7, 0x0, 0x0, 0x7,
    0xff, 0xf3, 0xef, 0xfb, 0x0, 0x0, 0x7, 0xff,
    0xf2, 0xdf, 0xfd, 0x0, 0x0, 0x9, 0xff, 0xf1,
    0xbf, 0xff, 0x30, 0x0, 0xe, 0xff, 0xf0, 0x6f,
    0xff, 0xe5, 0x24, 0xcf, 0xff, 0xa0, 0xc, 0xff,
    0xff, 0xff, 0xff, 0xff, 0x20, 0x1, 0xcf, 0xff,
    0xff, 0xff, 0xe4, 0x0, 0x0, 0x6, 0xbe, 0xff,
    0xc8, 0x10, 0x0,

    /* U+004B "K" */
    0xff, 0xfb, 0x0, 0x0, 0x0, 0x3, 0xff, 0xff,
    0x6f, 0xff, 0xb0, 0x0, 0x0, 0x1, 0xef, 0xff,
    0x80, 0xff, 0xfb, 0x0, 0x0, 0x0, 0xcf, 0xff,
    0xa0, 0xf, 0xff, 0xb0, 0x0, 0x0, 0xbf, 0xff,
    0xc0, 0x0, 0xff, 0xfb, 0x0, 0x0, 0x8f, 0xff,
    0xd1, 0x0, 0xf, 0xff, 0xb0, 0x0, 0x6f, 0xff,
    0xe2, 0x0, 0x0, 0xff, 0xfb, 0x0, 0x4f, 0xff,
    0xf4, 0x0, 0x0, 0xf, 0xff, 0xa0, 0x1e, 0xff,
    0xf5, 0x0, 0x0, 0x0, 0xff, 0xfa, 0xc, 0xff,
    0xf8, 0x0, 0x0, 0x0, 0xf, 0xff, 0xa8, 0xff,
    0xff, 0x40, 0x0, 0x0, 0x0, 0xff, 0xfd, 0xff,
    0xff, 0xfe, 0x0, 0x0, 0x0, 0xf, 0xff, 0xff,
    0xfd, 0xff, 0xf9, 0x0, 0x0, 0x0, 0xff, 0xff,
    0xfa, 0xd, 0xff, 0xf4, 0x0, 0x0, 0xf, 0xff,
    0xfb, 0x0, 0x4f, 0xff, 0xe0, 0x0, 0x0, 0xff,
    0xfd, 0x0, 0x0, 0x9f, 0xff, 0x90, 0x0, 0xf,
    0xff, 0xb0, 0x0, 0x0, 0xef, 0xff, 0x40, 0x0,
    0xff, 0xfb, 0x0, 0x0, 0x4, 0xff, 0xfe, 0x10,
    0xf, 0xff, 0xb0, 0x0, 0x0, 0xa, 0xff, 0xf9,
    0x0, 0xff, 0xfb, 0x0, 0x0, 0x0, 0x1e, 0xff,
    0xf4, 0xf, 0xff, 0xb0, 0x0, 0x0, 0x0, 0x5f,
    0xff, 0xe1, 0xff, 0xfb, 0x0, 0x0, 0x0, 0x0,
    0xaf, 0xff, 0xa0,

    /* U+004C "L" */
    0xff, 0xfb, 0x0, 0x0, 0x0, 0x0, 0xf, 0xff,
    0xb0, 0x0, 0x0, 0x0, 0x0, 0xff, 0xfb, 0x0,
    0x0, 0x0, 0x0, 0xf, 0xff, 0xb0, 0x0, 0x0,
    0x0, 0x0, 0xff, 0xfb, 0x0, 0x0, 0x0, 0x0,
    0xf, 0xff, 0xb0, 0x0, 0x0, 0x0, 0x0, 0xff,
    0xfb, 0x0, 0x0, 0x0, 0x0, 0xf, 0xff, 0xb0,
    0x0, 0x0, 0x0, 0x0, 0xff, 0xfb, 0x0, 0x0,
    0x0, 0x0, 0xf, 0xff, 0xb0, 0x0, 0x0, 0x0,
    0x0, 0xff, 0xfb, 0x0, 0x0, 0x0, 0x0, 0xf,
    0xff, 0xb0, 0x0, 0x0, 0x0, 0x0, 0xff, 0xfb,
    0x0, 0x0, 0x0, 0x0, 0xf, 0xff, 0xb0, 0x0,
    0x0, 0x0, 0x0, 0xff, 0xfb, 0x0, 0x0, 0x0,
    0x0, 0xf, 0xff, 0xb0, 0x0, 0x0, 0x0, 0x0,
    0xff, 0xfb, 0x0, 0x0, 0x0, 0x0, 0xf, 0xff,
    0xc2, 0x22, 0x22, 0x22, 0x21, 0xff, 0xff, 0xff,
    0xff, 0xff, 0xff, 0xbf, 0xff, 0xff, 0xff, 0xff,
    0xff, 0xfb, 0xff, 0xff, 0xff, 0xff, 0xff, 0xff,
    0xb0,

    /* U+004D "M" */
    0xff, 0xff, 0xfb, 0x0, 0x0, 0x0, 0x0, 0x0,
    0xef, 0xff, 0xfc, 0xff, 0xff, 0xff, 0x10, 0x0,
    0x0, 0x0, 0x4, 0xff, 0xff, 0xfc, 0xff, 0xff,
    0xff, 0x70, 0x0, 0x0, 0x0, 0x9, 0xff, 0xff,
    0xfc, 0xff, 0xff, 0xff, 0xc0, 0x0, 0x0, 0x0,
    0xf, 0xff, 0xff, 0xfc, 0xff, 0xfc, 0xff, 0xf2,
    0x0, 0x0, 0x0, 0x5f, 0xff, 0xcf, 0xfc, 0xff,
    0xf9, 0xef, 0xf8, 0x0, 0x0, 0x0, 0xaf, 0xfb,
    0xcf, 0xfc, 0xff, 0xf9, 0xaf, 0xfd, 0x0, 0x0,
    0x0, 0xff, 0xf6, 0xcf, 0xfc, 0xff, 0xf9, 0x6f,
    0xff, 0x30, 0x0, 0x6, 0xff, 0xf1, 0xdf, 0xfc,
    0xff, 0xf9, 0x1f, 0xff, 0x90, 0x0, 0xb, 0xff,
    0xd0, 0xdf, 0xfc, 0xff, 0xfa, 0xc, 0xff, 0xe0,
    0x0, 0x1f, 0xff, 0x80, 0xdf, 0xfc, 0xff, 0xfa,
    0x6, 0xff, 0xf4, 0x0, 0x7f, 0xff, 0x20, 0xdf,
    0xfc, 0xff, 0xfa, 0x1, 0xff, 0xf9, 0x0, 0xcf,
    0xfd, 0x0, 0xdf, 0xfc, 0xff, 0xfa, 0x0, 0xbf,
    0xfe, 0x0, 0xff, 0xf7, 0x0, 0xdf, 0xfc, 0xff,
    0xfa, 0x0, 0x5f, 0xff, 0x24, 0xff, 0xf1, 0x0,
    0xdf, 0xfc, 0xff, 0xfa, 0x0, 0xf, 0xff, 0x68,
    0xff, 0xc0, 0x0, 0xdf, 0xfc, 0xff, 0xfa, 0x0,
    0x9, 0xff, 0xac, 0xff, 0x60, 0x0, 0xdf, 0xfc,
    0xff, 0xfa, 0x0, 0x4, 0xff, 0xef, 0xff, 0x10,
    0x0, 0xdf, 0xfc, 0xff, 0xfa, 0x0, 0x0, 0xef,
    0xff, 0xfb, 0x0, 0x0, 0xdf, 0xfc, 0xff, 0xfa,
    0x0, 0x0, 0x8f, 0xff, 0xf5, 0x0, 0x0, 0xdf,
    0xfc, 0xff, 0xfa, 0x0, 0x0, 0x2f, 0xff, 0xf0,
    0x0, 0x0, 0xdf, 0xfc, 0xff, 0xfa, 0x0, 0x0,
    0xd, 0xff, 0xa0, 0x0, 0x0, 0xdf, 0xfc,

    /* U+004E "N" */
    0xff, 0xff, 0x70, 0x0, 0x0, 0x0, 0x8, 0xff,
    0xf3, 0xff, 0xff, 0xf2, 0x0, 0x0, 0x0, 0x8,
    0xff, 0xf3, 0xff, 0xff, 0xfb, 0x0, 0x0, 0x0,
    0x8, 0xff, 0xf3, 0xff, 0xff, 0xff, 0x40, 0x0,
    0x0, 0x8, 0xff, 0xf3, 0xff, 0xff, 0xff, 0xe0,
    0x0, 0x0, 0x8, 0xff, 0xf3, 0xff, 0xfa, 0xff,
    0xf8, 0x0, 0x0, 0x8, 0xff, 0xf3, 0xff, 0xf9,
    0x8f, 0xff, 0x20, 0x0, 0x8, 0xff, 0xf3, 0xff,
    0xfa, 0x1f, 0xff, 0xb0, 0x0, 0x8, 0xff, 0xf3,
    0xff, 0xfb, 0x7, 0xff, 0xf5, 0x0, 0x8, 0xff,
    0xf3, 0xff, 0xfb, 0x0, 0xef, 0xfe, 0x0, 0x8,
    0xff, 0xf3, 0xff, 0xfc, 0x0, 0x5f, 0xff, 0x90,
    0x8, 0xff, 0xf3, 0xff, 0xfc, 0x0, 0xb, 0xff,
    0xf2, 0x7, 0xff, 0xf3, 0xff, 0xfc, 0x0, 0x2,
    0xff, 0xfc, 0x7, 0xff, 0xf3, 0xff, 0xfc, 0x0,
    0x0, 0x8f, 0xff, 0x47, 0xff, 0xf3, 0xff, 0xfc,
    0x0, 0x0, 0xd, 0xff, 0xc6, 0xff, 0xf3, 0xff,
    0xfc, 0x0, 0x0, 0x4, 0xff, 0xf9, 0xff, 0xf3,
    0xff, 0xfc, 0x0, 0x0, 0x0, 0xaf, 0xff, 0xff,
    0xf3, 0xff, 0xfc, 0x0, 0x0, 0x0, 0x1f, 0xff,
    0xff, 0xf3, 0xff, 0xfc, 0x0, 0x0, 0x0, 0x7,
    0xff, 0xff, 0xf3, 0xff, 0xfc, 0x0, 0x0, 0x0,
    0x0, 0xdf, 0xff, 0xf3, 0xff, 0xfc, 0x0, 0x0,
    0x0, 0x0, 0x3f, 0xff, 0xf3,

    /* U+004F "O" */
    0x0, 0x0, 0x1, 0x7b, 0xef, 0xfd, 0x94, 0x0,
    0x0, 0x0, 0x0, 0x0, 0x6f, 0xff, 0xff, 0xff,
    0xff, 0xc2, 0x0, 0x0, 0x0, 0x9, 0xff, 0xff,
    0xff, 0xff, 0xff, 0xfe, 0x30, 0x0, 0x0, 0x7f,
    0xff, 0xfd, 0x86, 0x7a, 0xff, 0xff, 0xe1, 0x0,
    0x2, 0xff, 0xff, 0x70, 0x0, 0x0, 0x2d, 0xff,
    0xfa, 0x0, 0xa, 0xff, 0xf7, 0x0, 0x0, 0x0,
    0x1, 0xef, 0xff, 0x20, 0xf, 0xff, 0xd0, 0x0,
    0x0, 0x0, 0x0, 0x5f, 0xff, 0x80, 0x4f, 0xff,
    0x70, 0x0, 0x0, 0x0, 0x0, 0xf, 0xff, 0xc0,
    0x7f, 0xff, 0x40, 0x0, 0x0, 0x0, 0x0, 0xb,
    0xff, 0xf0, 0x8f, 0xff, 0x20, 0x0, 0x0, 0x0,
    0x0, 0xa, 0xff, 0xf0, 0x9f, 0xff, 0x10, 0x0,
    0x0, 0x0, 0x0, 0x9, 0xff, 0xf1, 0x8f, 0xff,
    0x20, 0x0, 0x0, 0x0, 0x0, 0xa, 0xff, 0xf0,
    0x7f, 0xff, 0x40, 0x0, 0x0, 0x0, 0x0, 0xb,
    0xff, 0xf0, 0x4f, 0xff, 0x70, 0x0, 0x0, 0x0,
    0x0, 0xf, 0xff, 0xc0, 0xf, 0xff, 0xd0, 0x0,
    0x0, 0x0, 0x0, 0x5f, 0xff, 0x80, 0xa, 0xff,
    0xf7, 0x0, 0x0, 0x0, 0x1, 0xef, 0xff, 0x20,
    0x2, 0xff, 0xff, 0x70, 0x0, 0x0, 0x2d, 0xff,
    0xfb, 0x0, 0x0, 0x7f, 0xff, 0xfd, 0x86, 0x7a,
    0xff, 0xff, 0xe1, 0x0, 0x0, 0x9, 0xff, 0xff,
    0xff, 0xff, 0xff, 0xfe, 0x30, 0x0, 0x0, 0x0,
    0x6f, 0xff, 0xff, 0xff, 0xff, 0xc2, 0x0, 0x0,
    0x0, 0x0, 0x1, 0x7b, 0xef, 0xfd, 0x94, 0x0,
    0x0, 0x0,

    /* U+0050 "P" */
    0xff, 0xff, 0xff, 0xff, 0xec, 0x81, 0x0, 0xf,
    0xff, 0xff, 0xff, 0xff, 0xff, 0xf6, 0x0, 0xff,
    0xff, 0xff, 0xff, 0xff, 0xff, 0xf5, 0xf, 0xff,
    0xb2, 0x22, 0x25, 0xbf, 0xff, 0xf1, 0xff, 0xfb,
    0x0, 0x0, 0x0, 0xbf, 0xff, 0x6f, 0xff, 0xb0,
    0x0, 0x0, 0x2, 0xff, 0xfa, 0xff, 0xfb, 0x0,
    0x0, 0x0, 0xf, 0xff, 0xcf, 0xff, 0xb0, 0x0,
    0x0, 0x0, 0xff, 0xfc, 0xff, 0xfb, 0x0, 0x0,
    0x0, 0x2f, 0xff, 0xaf, 0xff, 0xb0, 0x0, 0x0,
    0xa, 0xff, 0xf6, 0xff, 0xfb, 0x11, 0x12, 0x4b,
    0xff, 0xff, 0x1f, 0xff, 0xff, 0xff, 0xff, 0xff,
    0xff, 0x50, 0xff, 0xff, 0xff, 0xff, 0xff, 0xff,
    0x60, 0xf, 0xff, 0xff, 0xff, 0xfe, 0xc8, 0x10,
    0x0, 0xff, 0xfb, 0x0, 0x0, 0x0, 0x0, 0x0,
    0xf, 0xff, 0xb0, 0x0, 0x0, 0x0, 0x0, 0x0,
    0xff, 0xfb, 0x0, 0x0, 0x0, 0x0, 0x0, 0xf,
    0xff, 0xb0, 0x0, 0x0, 0x0, 0x0, 0x0, 0xff,
    0xfb, 0x0, 0x0, 0x0, 0x0, 0x0, 0xf, 0xff,
    0xb0, 0x0, 0x0, 0x0, 0x0, 0x0, 0xff, 0xfb,
    0x0, 0x0, 0x0, 0x0, 0x0, 0x0,

    /* U+0051 "Q" */
    0x0, 0x0, 0x1, 0x7b, 0xef, 0xfd, 0x94, 0x0,
    0x0, 0x0, 0x0, 0x0, 0x6f, 0xff, 0xff, 0xff,
    0xff, 0xc2, 0x0, 0x0, 0x0, 0x9, 0xff, 0xff,
    0xff, 0xff, 0xff, 0xfe, 0x30, 0x0, 0x0, 0x7f,
    0xff, 0xfd, 0x86, 0x7a, 0xff, 0xff, 0xe1, 0x0,
    0x2, 0xff, 0xff, 0x70, 0x0, 0x0, 0x2d, 0xff,
    0xfb, 0x0, 0xa, 0xff, 0xf7, 0x0, 0x0, 0x0,
    0x1, 0xef, 0xff, 0x20, 0xf, 0xff, 0xd0, 0x0,
    0x0, 0x0, 0x0, 0x5f, 0xff, 0x80, 0x4f, 0xff,
    0x70, 0x0, 0x0, 0x0, 0x0, 0xf, 0xff, 0xc0,
    0x7f, 0xff, 0x40, 0x0, 0x0, 0x0, 0x0, 0xb,
    0xff, 0xf0, 0x8f, 0xff, 0x20, 0x0, 0x0, 0x0,
    0x0, 0xa, 0xff, 0xf0, 0x9f, 0xff, 0x10, 0x0,
    0x0, 0x0, 0x0, 0x9, 0xff, 0xf1, 0x8f, 0xff,
    0x20, 0x0, 0x0, 0x0, 0x0, 0xa, 0xff, 0xf0,
    0x7f, 0xff, 0x40, 0x0, 0x0, 0x0, 0x0, 0xc,
    0xff, 0xe0, 0x4f, 0xff, 0x70, 0x0, 0x2, 0x22,
    0x0, 0xf, 0xff, 0xc0, 0xf, 0xff, 0xd0, 0x0,
    0xd, 0xff, 0x60, 0x6f, 0xff, 0x70, 0xa, 0xff,
    0xf7, 0x0, 0x2, 0xff, 0xf4, 0xef, 0xff, 0x20,
    0x2, 0xff, 0xff, 0x70, 0x0, 0x5f, 0xff, 0xff,
    0xf9, 0x0, 0x0, 0x7f, 0xff, 0xfd, 0x86, 0x7e,
    0xff, 0xff, 0xd1, 0x0, 0x0, 0x9, 0xff, 0xff,
    0xff, 0xff, 0xff, 0xff, 0x20, 0x0, 0x0, 0x0,
    0x6f, 0xff, 0xff, 0xff, 0xff, 0xff, 0x50, 0x0,
    0x0, 0x0, 0x1, 0x7b, 0xef, 0xed, 0x98, 0xff,
    0xf2, 0x0, 0x0, 0x0, 0x0, 0x0, 0x0, 0x0,
    0x0, 0xaf, 0xfd, 0x0, 0x0, 0x0, 0x0, 0x0,
    0x0, 0x0, 0x0, 0x7, 0x88, 0x30,

    /* U+0052 "R" */
    0xff, 0xff, 0xff, 0xff, 0xfd, 0x93, 0x0, 0x0,
    0xff, 0xff, 0xff, 0xff, 0xff, 0xff, 0x90, 0x0,
    0xff, 0xff, 0xff, 0xff, 0xff, 0xff, 0xf8, 0x0,
    0xff, 0xfb, 0x22, 0x22, 0x4a, 0xff, 0xff, 0x20,
    0xff, 0xfb, 0x0, 0x0, 0x0, 0x9f, 0xff, 0x80,
    0xff, 0xfb, 0x0, 0x0, 0x0, 0x1f, 0xff, 0xb0,
    0xff, 0xfb, 0x0, 0x0, 0x0, 0xe, 0xff, 0xd0,
    0xff, 0xfb, 0x0, 0x0, 0x0, 0xf, 0xff, 0xb0,
    0xff, 0xfb, 0x0, 0x0, 0x0, 0x6f, 0xff, 0x90,
    0xff, 0xfb, 0x0, 0x0, 0x27, 0xff, 0xff, 0x30,
    0xff, 0xff, 0xff, 0xff, 0xff, 0xff, 0xfa, 0x0,
    0xff, 0xff, 0xff, 0xff, 0xff, 0xff, 0xb0, 0x0,
    0xff, 0xff, 0xff, 0xff, 0xff, 0xf7, 0x0, 0x0,
    0xff, 0xfb, 0x11, 0x15, 0xff, 0xfb, 0x0, 0x0,
    0xff, 0xfb, 0x0, 0x0, 0xcf, 0xff, 0x30, 0x0,
    0xff, 0xfb, 0x0, 0x0, 0x4f, 0xff, 0xc0, 0x0,
    0xff, 0xfb, 0x0, 0x0, 0xc, 0xff, 0xf4, 0x0,
    0xff, 0xfb, 0x0, 0x0, 0x4, 0xff, 0xfc, 0x0,
    0xff, 0xfb, 0x0, 0x0, 0x0, 0xcf, 0xff, 0x40,
    0xff, 0xfb, 0x0, 0x0, 0x0, 0x3f, 0xff, 0xc0,
    0xff, 0xfb, 0x0, 0x0, 0x0, 0xb, 0xff, 0xf5,

    /* U+0053 "S" */
    0x0, 0x0, 0x39, 0xde, 0xfe, 0xb6, 0x10, 0x0,
    0x0, 0x1a, 0xff, 0xff, 0xff, 0xff, 0xe5, 0x0,
    0x0, 0xcf, 0xff, 0xff, 0xff, 0xff, 0xff, 0x50,
    0x8, 0xff, 0xfe, 0x84, 0x35, 0xbf, 0xff, 0xe0,
    0xe, 0xff, 0xe2, 0x0, 0x0, 0x8, 0xff, 0xf6,
    0x1f, 0xff, 0xa0, 0x0, 0x0, 0x0, 0xee, 0xe8,
    0x1f, 0xff, 0xa0, 0x0, 0x0, 0x0, 0x0, 0x0,
    0xe, 0xff, 0xf6, 0x0, 0x0, 0x0, 0x0, 0x0,
    0x7, 0xff, 0xff, 0xd8, 0x30, 0x0, 0x0, 0x0,
    0x0, 0xaf, 0xff, 0xff, 0xff, 0xa5, 0x0, 0x0,
    0x0, 0x5, 0xdf, 0xff, 0xff, 0xff, 0xe5, 0x0,
    0x0, 0x0, 0x3, 0x7b, 0xff, 0xff, 0xff, 0x70,
    0x0, 0x0, 0x0, 0x0, 0x5, 0xbf, 0xff, 0xf3,
    0x0, 0x0, 0x0, 0x0, 0x0, 0x4, 0xff, 0xfa,
    0x46, 0x65, 0x0, 0x0, 0x0, 0x0, 0xcf, 0xfd,
    0x9f, 0xff, 0x10, 0x0, 0x0, 0x0, 0xdf, 0xfd,
    0x5f, 0xff, 0xa0, 0x0, 0x0, 0x6, 0xff, 0xfa,
    0xe, 0xff, 0xfd, 0x74, 0x46, 0xbf, 0xff, 0xf4,
    0x4, 0xff, 0xff, 0xff, 0xff, 0xff, 0xff, 0xa0,
    0x0, 0x4e, 0xff, 0xff, 0xff, 0xff, 0xf8, 0x0,
    0x0, 0x0, 0x6b, 0xef, 0xfe, 0xc8, 0x20, 0x0,

    /* U+0054 "T" */
    0xdf, 0xff, 0xff, 0xff, 0xff, 0xff, 0xff, 0xff,
    0x5d, 0xff, 0xff, 0xff, 0xff, 0xff, 0xff, 0xff,
    0xf5, 0xdf, 0xff, 0xff, 0xff, 0xff, 0xff, 0xff,
    0xff, 0x52, 0x22, 0x22, 0x2a, 0xff, 0xf3, 0x22,
    0x22, 0x20, 0x0, 0x0, 0x0, 0x9f, 0xff, 0x10,
    0x0, 0x0, 0x0, 0x0, 0x0, 0x9, 0xff, 0xf1,
    0x0, 0x0, 0x0, 0x0, 0x0, 0x0, 0x9f, 0xff,
    0x10, 0x0, 0x0, 0x0, 0x0, 0x0, 0x9, 0xff,
    0xf1, 0x0, 0x0, 0x0, 0x0, 0x0, 0x0, 0x9f,
    0xff, 0x10, 0x0, 0x0, 0x0, 0x0, 0x0, 0x9,
    0xff, 0xf1, 0x0, 0x0, 0x0, 0x0, 0x0, 0x0,
    0x9f, 0xff, 0x10, 0x0, 0x0, 0x0, 0x0, 0x0,
    0x9, 0xff, 0xf1, 0x0, 0x0, 0x0, 0x0, 0x0,
    0x0, 0x9f, 0xff, 0x10, 0x0, 0x0, 0x0, 0x0,
    0x0, 0x9, 0xff, 0xf1, 0x0, 0x0, 0x0, 0x0,
    0x0, 0x0, 0x9f, 0xff, 0x10, 0x0, 0x0, 0x0,
    0x0, 0x0, 0x9, 0xff, 0xf1, 0x0, 0x0, 0x0,
    0x0, 0x0, 0x0, 0x9f, 0xff, 0x10, 0x0, 0x0,
    0x0, 0x0, 0x0, 0x9, 0xff, 0xf1, 0x0, 0x0,
    0x0, 0x0, 0x0, 0x0, 0x9f, 0xff, 0x10, 0x0,
    0x0, 0x0, 0x0, 0x0, 0x9, 0xff, 0xf1, 0x0,
    0x0, 0x0, 0x0, 0x0, 0x0, 0x9f, 0xff, 0x10,
    0x0, 0x0, 0x0,

    /* U+0055 "U" */
    0xff, 0xfb, 0x0, 0x0, 0x0, 0x0, 0x1f, 0xff,
    0x9f, 0xff, 0xb0, 0x0, 0x0, 0x0, 0x1, 0xff,
    0xf9, 0xff, 0xfb, 0x0, 0x0, 0x0, 0x0, 0x1f,
    0xff, 0x9f, 0xff, 0xb0, 0x0, 0x0, 0x0, 0x1,
    0xff, 0xf9, 0xff, 0xfb, 0x0, 0x0, 0x0, 0x0,
    0x1f, 0xff, 0x9f, 0xff, 0xb0, 0x0, 0x0, 0x0,
    0x1, 0xff, 0xf9, 0xff, 0xfb, 0x0, 0x0, 0x0,
    0x0, 0x1f, 0xff, 0x9f, 0xff, 0xb0, 0x0, 0x0,
    0x0, 0x1, 0xff, 0xf9, 0xff, 0xfb, 0x0, 0x0,
    0x0, 0x0, 0x1f, 0xff, 0x9f, 0xff, 0xb0, 0x0,
    0x0, 0x0, 0x1, 0xff, 0xf9, 0xff, 0xfb, 0x0,
    0x0, 0x0, 0x0, 0x1f, 0xff, 0x9f, 0xff, 0xb0,
    0x0, 0x0, 0x0, 0x1, 0xff, 0xf9, 0xff, 0xfb,
    0x0, 0x0, 0x0, 0x0, 0x1f, 0xff, 0x9f, 0xff,
    0xb0, 0x0, 0x0, 0x0, 0x1, 0xff, 0xf8, 0xef,
    0xfe, 0x0, 0x0, 0x0, 0x0, 0x4f, 0xff, 0x7b,
    0xff, 0xf5, 0x0, 0x0, 0x0, 0xb, 0xff, 0xf4,
    0x5f, 0xff, 0xe3, 0x0, 0x0, 0x8, 0xff, 0xfe,
    0x0, 0xcf, 0xff, 0xfb, 0x76, 0x8d, 0xff, 0xff,
    0x60, 0x1, 0xef, 0xff, 0xff, 0xff, 0xff, 0xff,
    0xa0, 0x0, 0x1, 0xbf, 0xff, 0xff, 0xff, 0xff,
    0x70, 0x0, 0x0, 0x0, 0x39, 0xde, 0xfe, 0xc7,
    0x10, 0x0, 0x0,

    /* U+0056 "V" */
    0x2f, 0xff, 0xd0, 0x0, 0x0, 0x0, 0x0, 0x7,
    0xff, 0xf8, 0xc, 0xff, 0xf2, 0x0, 0x0, 0x0,
    0x0, 0xc, 0xff, 0xf3, 0x7, 0xff, 0xf8, 0x0,
    0x0, 0x0, 0x0, 0x1f, 0xff, 0xd0, 0x1, 0xff,
    0xfd, 0x0, 0x0, 0x0, 0x0, 0x6f, 0xff, 0x80,
    0x0, 0xcf, 0xff, 0x20, 0x0, 0x0, 0x0, 0xbf,
    0xff, 0x20, 0x0, 0x6f, 0xff, 0x80, 0x0, 0x0,
    0x1, 0xff, 0xfd, 0x0, 0x0, 0x1f, 0xff, 0xd0,
    0x0, 0x0, 0x6, 0xff, 0xf7, 0x0, 0x0, 0xb,
    0xff, 0xf2, 0x0, 0x0, 0xb, 0xff, 0xf2, 0x0,
    0x0, 0x6, 0xff, 0xf7, 0x0, 0x0, 0xf, 0xff,
    0xc0, 0x0, 0x0, 0x0, 0xff, 0xfd, 0x0, 0x0,
    0x5f, 0xff, 0x70, 0x0, 0x0, 0x0, 0xbf, 0xff,
    0x20, 0x0, 0xaf, 0xff, 0x20, 0x0, 0x0, 0x0,
    0x5f, 0xff, 0x70, 0x0, 0xff, 0xfc, 0x0, 0x0,
    0x0, 0x0, 0xf, 0xff, 0xc0, 0x4, 0xff, 0xf7,
    0x0, 0x0, 0x0, 0x0, 0xa, 0xff, 0xf1, 0x8,
    0xff, 0xf1, 0x0, 0x0, 0x0, 0x0, 0x4, 0xff,
    0xf5, 0xc, 0xff, 0xc0, 0x0, 0x0, 0x0, 0x0,
    0x0, 0xef, 0xf9, 0x1f, 0xff, 0x60, 0x0, 0x0,
    0x0, 0x0, 0x0, 0x9f, 0xfe, 0x5f, 0xff, 0x10,
    0x0, 0x0, 0x0, 0x0, 0x0, 0x4f, 0xff, 0xbf,
    0xfc, 0x0, 0x0, 0x0, 0x0, 0x0, 0x0, 0xe,
    0xff, 0xff, 0xf6, 0x0, 0x0, 0x0, 0x0, 0x0,
    0x0, 0x9, 0xff, 0xff, 0xf1, 0x0, 0x0, 0x0,
    0x0, 0x0, 0x0, 0x3, 0xff, 0xff, 0xb0, 0x0,
    0x0, 0x0,

    /* U+0057 "W" */
    0x2f, 0xff, 0xb0, 0x0, 0x0, 0x0, 0xcf, 0xff,
    0x50, 0x0, 0x0, 0x2, 0xff, 0xfb, 0xe, 0xff,
    0xf0, 0x0, 0x0, 0x0, 0xff, 0xff, 0x90, 0x0,
    0x0, 0x6, 0xff, 0xf7, 0xa, 0xff, 0xf3, 0x0,
    0x0, 0x4, 0xff, 0xff, 0xd0, 0x0, 0x0, 0xa,
    0xff, 0xf3, 0x6, 0xff, 0xf7, 0x0, 0x0, 0x8,
    0xff, 0xff, 0xf1, 0x0, 0x0, 0xe, 0xff, 0xf0,
    0x2, 0xff, 0xfa, 0x0, 0x0, 0xc, 0xff, 0xff,
    0xf5, 0x0, 0x0, 0x2f, 0xff, 0xb0, 0x0, 0xdf,
    0xfe, 0x0, 0x0, 0xf, 0xff, 0xaf, 0xf9, 0x0,
    0x0, 0x5f, 0xff, 0x60, 0x0, 0x9f, 0xff, 0x20,
    0x0, 0x4f, 0xfe, 0x6f, 0xfd, 0x0, 0x0, 0x9f,
    0xff, 0x20, 0x0, 0x5f, 0xff, 0x60, 0x0, 0x8f,
    0xfb, 0x3f, 0xff, 0x10, 0x0, 0xdf, 0xfe, 0x0,
    0x0, 0x1f, 0xff, 0xa0, 0x0, 0xcf, 0xf8, 0xf,
    0xff, 0x40, 0x1, 0xff, 0xfa, 0x0, 0x0, 0xd,
    0xff, 0xd0, 0x0, 0xff, 0xf4, 0xc, 0xff, 0x80,
    0x4, 0xff, 0xf6, 0x0, 0x0, 0x9, 0xff, 0xf1,
    0x4, 0xff, 0xf0, 0x8, 0xff, 0xc0, 0x8, 0xff,
    0xf1, 0x0, 0x0, 0x4, 0xff, 0xf5, 0x7, 0xff,
    0xc0, 0x3, 0xff, 0xf0, 0xc, 0xff, 0xd0, 0x0,
    0x0, 0x0, 0xff, 0xf8, 0xb, 0xff, 0x80, 0x0,
    0xff, 0xf3, 0xf, 0xff, 0x90, 0x0, 0x0, 0x0,
    0xcf, 0xfb, 0xe, 0xff, 0x40, 0x0, 0xbf, 0xf7,
    0x2f, 0xff, 0x50, 0x0, 0x0, 0x0, 0x8f, 0xfe,
    0x1f, 0xff, 0x0, 0x0, 0x7f, 0xfa, 0x5f, 0xff,
    0x10, 0x0, 0x0, 0x0, 0x4f, 0xff, 0x5f, 0xfc,
    0x0, 0x0, 0x3f, 0xfd, 0x8f, 0xfd, 0x0, 0x0,
    0x0, 0x0, 0xf, 0xff, 0xbf, 0xf8, 0x0, 0x0,
    0xf, 0xff, 0xbf, 0xf8, 0x0, 0x0, 0x0, 0x0,
    0xb, 0xff, 0xff, 0xf4, 0x0, 0x0, 0xb, 0xff,
    0xff, 0xf4, 0x0, 0x0, 0x0, 0x0, 0x7, 0xff,
    0xff, 0xf0, 0x0, 0x0, 0x7, 0xff, 0xff, 0xf0,
    0x0, 0x0, 0x0, 0x0, 0x3, 0xff, 0xff, 0xb0,
    0x0, 0x0, 0x3, 0xff, 0xff, 0xc0, 0x0, 0x0,
    0x0, 0x0, 0x0, 0xef, 0xff, 0x70, 0x0, 0x0,
    0x0, 0xef, 0xff, 0x80, 0x0, 0x0,

    /* U+0058 "X" */
    0x5, 0xff, 0xfd, 0x0, 0x0, 0x0, 0x0, 0x9f,
    0xff, 0x80, 0x0, 0xbf, 0xff, 0x70, 0x0, 0x0,
    0x3, 0xff, 0xfd, 0x0, 0x0, 0x1f, 0xff, 0xf2,
    0x0, 0x0, 0xd, 0xff, 0xf3, 0x0, 0x0, 0x6,
    0xff, 0xfc, 0x0, 0x0, 0x8f, 0xff, 0x90, 0x0,
    0x0, 0x0, 0xbf, 0xff, 0x60, 0x2, 0xff, 0xfd,
    0x0, 0x0, 0x0, 0x0, 0x2f, 0xff, 0xe0, 0xb,
    0xff, 0xf4, 0x0, 0x0, 0x0, 0x0, 0x6, 0xff,
    0xf8, 0x4f, 0xff, 0x90, 0x0, 0x0, 0x0, 0x0,
    0x0, 0xcf, 0xff, 0xcf, 0xfe, 0x0, 0x0, 0x0,
    0x0, 0x0, 0x0, 0x2f, 0xff, 0xff, 0xf4, 0x0,
    0x0, 0x0, 0x0, 0x0, 0x0, 0x7, 0xff, 0xff,
    0x90, 0x0, 0x0, 0x0, 0x0, 0x0, 0x0, 0x2,
    0xff, 0xff, 0x70, 0x0, 0x0, 0x0, 0x0, 0x0,
    0x0, 0xc, 0xff, 0xff, 0xf2, 0x0, 0x0, 0x0,
    0x0, 0x0, 0x0, 0x7f, 0xff, 0xff, 0xfc, 0x0,
    0x0, 0x0, 0x0, 0x0, 0x2, 0xff, 0xfb, 0x9f,
    0xff, 0x60, 0x0, 0x0, 0x0, 0x0, 0xd, 0xff,
    0xf3, 0x1f, 0xff, 0xf2, 0x0, 0x0, 0x0, 0x0,
    0x8f, 0xff, 0x90, 0x7, 0xff, 0xfc, 0x0, 0x0,
    0x0, 0x3, 0xff, 0xfe, 0x0, 0x0, 0xcf, 0xff,
    0x60, 0x0, 0x0, 0xd, 0xff, 0xf4, 0x0, 0x0,
    0x2f, 0xff, 0xf2, 0x0, 0x0, 0x9f, 0xff, 0x90,
    0x0, 0x0, 0x8, 0xff, 0xfc, 0x0, 0x4, 0xff,
    0xfd, 0x0, 0x0, 0x0, 0x0, 0xdf, 0xff, 0x60,
    0xe, 0xff, 0xf4, 0x0, 0x0, 0x0, 0x0, 0x3f,
    0xff, 0xf2,

    /* U+0059 "Y" */
    0x1f, 0xff, 0xf3, 0x0, 0x0, 0x0, 0x0, 0x3f,
    0xff, 0xe1, 0x7, 0xff, 0xfc, 0x0, 0x0, 0x0,
    0x0, 0xcf, 0xff, 0x60, 0x0, 0xdf, 0xff, 0x50,
    0x0, 0x0, 0x4, 0xff, 0xfd, 0x0, 0x0, 0x4f,
    0xff, 0xd0, 0x0, 0x0, 0xd, 0xff, 0xf4, 0x0,
    0x0, 0xb, 0xff, 0xf6, 0x0, 0x0, 0x6f, 0xff,
    0xb0, 0x0, 0x0, 0x2, 0xff, 0xfe, 0x0, 0x0,
    0xef, 0xff, 0x20, 0x0, 0x0, 0x0, 0x8f, 0xff,
    0x80, 0x7, 0xff, 0xf8, 0x0, 0x0, 0x0, 0x0,
    0xe, 0xff, 0xf1, 0xe, 0xff, 0xe0, 0x0, 0x0,
    0x0, 0x0, 0x5, 0xff, 0xf8, 0x7f, 0xff, 0x60,
    0x0, 0x0, 0x0, 0x0, 0x0, 0xcf, 0xfe, 0xdf,
    0xfc, 0x0, 0x0, 0x0, 0x0, 0x0, 0x0, 0x3f,
    0xff, 0xff, 0xf3, 0x0, 0x0, 0x0, 0x0, 0x0,
    0x0, 0x9, 0xff, 0xff, 0xa0, 0x0, 0x0, 0x0,
    0x0, 0x0, 0x0, 0x1, 0xff, 0xff, 0x10, 0x0,
    0x0, 0x0, 0x0, 0x0, 0x0, 0x0, 0xcf, 0xfd,
    0x0, 0x0, 0x0, 0x0, 0x0, 0x0, 0x0, 0x0,
    0xcf, 0xfd, 0x0, 0x0, 0x0, 0x0, 0x0, 0x0,
    0x0, 0x0, 0xcf, 0xfd, 0x0, 0x0, 0x0, 0x0,
    0x0, 0x0, 0x0, 0x0, 0xcf, 0xfd, 0x0, 0x0,
    0x0, 0x0, 0x0, 0x0, 0x0, 0x0, 0xcf, 0xfd,
    0x0, 0x0, 0x0, 0x0, 0x0, 0x0, 0x0, 0x0,
    0xcf, 0xfd, 0x0, 0x0, 0x0, 0x0, 0x0, 0x0,
    0x0, 0x0, 0xcf, 0xfd, 0x0, 0x0, 0x0, 0x0,
    0x0, 0x0, 0x0, 0x0, 0xcf, 0xfd, 0x0, 0x0,
    0x0, 0x0,

    /* U+005A "Z" */
    0x6f, 0xff, 0xff, 0xff, 0xff, 0xff, 0xff, 0xfa,
    0x6f, 0xff, 0xff, 0xff, 0xff, 0xff, 0xff, 0xfa,
    0x6f, 0xff, 0xff, 0xff, 0xff, 0xff, 0xff, 0xf7,
    0x2, 0x22, 0x22, 0x22, 0x22, 0x3e, 0xff, 0xd0,
    0x0, 0x0, 0x0, 0x0, 0x0, 0xbf, 0xff, 0x30,
    0x0, 0x0, 0x0, 0x0, 0x7, 0xff, 0xf8, 0x0,
    0x0, 0x0, 0x0, 0x0, 0x2f, 0xff, 0xc0, 0x0,
    0x0, 0x0, 0x0, 0x0, 0xcf, 0xff, 0x20, 0x0,
    0x0, 0x0, 0x0, 0x8, 0xff, 0xf7, 0x0, 0x0,
    0x0, 0x0, 0x0, 0x3f, 0xff, 0xc0, 0x0, 0x0,
    0x0, 0x0, 0x0, 0xdf, 0xff, 0x20, 0x0, 0x0,
    0x0, 0x0, 0x8, 0xff, 0xf7, 0x0, 0x0, 0x0,
    0x0, 0x0, 0x3f, 0xff, 0xc0, 0x0, 0x0, 0x0,
    0x0, 0x0, 0xdf, 0xff, 0x20, 0x0, 0x0, 0x0,
    0x0, 0x8, 0xff, 0xf6, 0x0, 0x0, 0x0, 0x0,
    0x0, 0x3f, 0xff, 0xb0, 0x0, 0x0, 0x0, 0x0,
    0x0, 0xdf, 0xfe, 0x10, 0x0, 0x0, 0x0, 0x0,
    0x9, 0xff, 0xf5, 0x22, 0x22, 0x22, 0x22, 0x21,
    0x3f, 0xff, 0xff, 0xff, 0xff, 0xff, 0xff, 0xfb,
    0x5f, 0xff, 0xff, 0xff, 0xff, 0xff, 0xff, 0xfb,
    0x5f, 0xff, 0xff, 0xff, 0xff, 0xff, 0xff, 0xfb,

    /* U+005B "[" */
    0xbf, 0xff, 0xff, 0x8b, 0xff, 0xff, 0xf8, 0xbf,
    0xff, 0xdd, 0x7b, 0xff, 0xb0, 0x0, 0xbf, 0xfb,
    0x0, 0xb, 0xff, 0xb0, 0x0, 0xbf, 0xfb, 0x0,
    0xb, 0xff, 0xb0, 0x0, 0xbf, 0xfb, 0x0, 0xb,
    0xff, 0xb0, 0x0, 0xbf, 0xfb, 0x0, 0xb, 0xff,
    0xb0, 0x0, 0xbf, 0xfb, 0x0, 0xb, 0xff, 0xb0,
    0x0, 0xbf, 0xfb, 0x0, 0xb, 0xff, 0xb0, 0x0,
    0xbf, 0xfb, 0x0, 0xb, 0xff, 0xb0, 0x0, 0xbf,
    0xfb, 0x0, 0xb, 0xff, 0xb0, 0x0, 0xbf, 0xfb,
    0x0, 0xb, 0xff, 0xb0, 0x0, 0xbf, 0xfb, 0x0,
    0xb, 0xff, 0xfd, 0xd7, 0xbf, 0xff, 0xff, 0x8b,
    0xff, 0xff, 0xf8,

    /* U+005C "\\" */
    0x6f, 0xfb, 0x0, 0x0, 0x0, 0x2, 0xff, 0xf0,
    0x0, 0x0, 0x0, 0xe, 0xff, 0x30, 0x0, 0x0,
    0x0, 0x9f, 0xf7, 0x0, 0x0, 0x0, 0x5, 0xff,
    0xc0, 0x0, 0x0, 0x0, 0x1f, 0xff, 0x0, 0x0,
    0x0, 0x0, 0xdf, 0xf4, 0x0, 0x0, 0x0, 0x9,
    0xff, 0x80, 0x0, 0x0, 0x0, 0x4f, 0xfc, 0x0,
    0x0, 0x0, 0x0, 0xff, 0xf1, 0x0, 0x0, 0x0,
    0xc, 0xff, 0x50, 0x0, 0x0, 0x0, 0x8f, 0xf9,
    0x0, 0x0, 0x0, 0x4, 0xff, 0xd0, 0x0, 0x0,
    0x0, 0xf, 0xff, 0x10, 0x0, 0x0, 0x0, 0xbf,
    0xf6, 0x0, 0x0, 0x0, 0x7, 0xff, 0xa0, 0x0,
    0x0, 0x0, 0x3f, 0xfe, 0x0, 0x0, 0x0, 0x0,
    0xef, 0xf2, 0x0, 0x0, 0x0, 0xa, 0xff, 0x60,
    0x0, 0x0, 0x0, 0x6f, 0xfb, 0x0, 0x0, 0x0,
    0x2, 0xff, 0xf0, 0x0, 0x0, 0x0, 0xe, 0xff,
    0x30, 0x0, 0x0, 0x0, 0xaf, 0xf7, 0x0, 0x0,
    0x0, 0x5, 0xff, 0xb0, 0x0, 0x0, 0x0, 0x1f,
    0xff, 0x0,

    /* U+005D "]" */
    0x9f, 0xff, 0xff, 0xa9, 0xff, 0xff, 0xfa, 0x8d,
    0xdf, 0xff, 0xa0, 0x0, 0xcf, 0xfa, 0x0, 0xc,
    0xff, 0xa0, 0x0, 0xcf, 0xfa, 0x0, 0xc, 0xff,
    0xa0, 0x0, 0xcf, 0xfa, 0x0, 0xc, 0xff, 0xa0,
    0x0, 0xcf, 0xfa, 0x0, 0xc, 0xff, 0xa0, 0x0,
    0xcf, 0xfa, 0x0, 0xc, 0xff, 0xa0, 0x0, 0xcf,
    0xfa, 0x0, 0xc, 0xff, 0xa0, 0x0, 0xcf, 0xfa,
    0x0, 0xc, 0xff, 0xa0, 0x0, 0xcf, 0xfa, 0x0,
    0xc, 0xff, 0xa0, 0x0, 0xcf, 0xfa, 0x0, 0xc,
    0xff, 0xa0, 0x0, 0xcf, 0xfa, 0x0, 0xc, 0xff,
    0xa8, 0xdd, 0xff, 0xfa, 0x9f, 0xff, 0xff, 0xa9,
    0xff, 0xff, 0xfa,

    /* U+005E "^" */
    0x0, 0x1, 0xff, 0xf8, 0x0, 0x0, 0x0, 0x8,
    0xff, 0xff, 0x0, 0x0, 0x0, 0xe, 0xfe, 0xff,
    0x70, 0x0, 0x0, 0x7f, 0xf4, 0xdf, 0xe0, 0x0,
    0x0, 0xef, 0xd0, 0x6f, 0xf6, 0x0, 0x6, 0xff,
    0x60, 0xe, 0xfd, 0x0, 0xd, 0xff, 0x0, 0x8,
    0xff, 0x50, 0x4f, 0xf9, 0x0, 0x1, 0xff, 0xc0,
    0xcf, 0xf2, 0x0, 0x0, 0xaf, 0xf4,

    /* U+005F "_" */
    0xff, 0xff, 0xff, 0xff, 0xff, 0xff, 0xf2, 0xff,
    0xff, 0xff, 0xff, 0xff, 0xff, 0xf2, 0xff, 0xff,
    0xff, 0xff, 0xff, 0xff, 0xf2,

    /* U+0060 "`" */
    0x35, 0x53, 0x0, 0x5f, 0xfe, 0x0, 0xb, 0xff,
    0x60, 0x1, 0xff, 0xd0, 0x0, 0x6f, 0xf4,

    /* U+0061 "a" */
    0x0, 0x4, 0xad, 0xff, 0xd9, 0x30, 0x0, 0x0,
    0xbf, 0xff, 0xff, 0xff, 0xf8, 0x0, 0xb, 0xff,
    0xff, 0xde, 0xff, 0xff, 0x60, 0x4f, 0xff, 0xb1,
    0x0, 0x3e, 0xff, 0xd0, 0x14, 0x7a, 0x0, 0x0,
    0x7, 0xff, 0xf1, 0x0, 0x0, 0x0, 0x0, 0x7,
    0xff, 0xf2, 0x0, 0x0, 0x14, 0x68, 0xbf, 0xff,
    0xf3, 0x0, 0x7d, 0xff, 0xff, 0xff, 0xff, 0xf3,
    0x1d, 0xff, 0xff, 0xfd, 0xaa, 0xff, 0xf3, 0x9f,
    0xff, 0xa3, 0x0, 0x5, 0xff, 0xf3, 0xdf, 0xfb,
    0x0, 0x0, 0x6, 0xff, 0xf3, 0xef, 0xf8, 0x0,
    0x0, 0xb, 0xff, 0xf3, 0xcf, 0xfe, 0x20, 0x0,
    0x9f, 0xff, 0xf3, 0x7f, 0xff, 0xfc, 0xcf, 0xfd,
    0xff, 0xf3, 0xb, 0xff, 0xff, 0xff, 0xd4, 0xff,
    0xf3, 0x0, 0x6c, 0xff, 0xd7, 0x3, 0xff, 0xf3,

    /* U+0062 "b" */
    0x1f, 0xff, 0x70, 0x0, 0x0, 0x0, 0x0, 0x0,
    0x1f, 0xff, 0x70, 0x0, 0x0, 0x0, 0x0, 0x0,
    0x1f, 0xff, 0x70, 0x0, 0x0, 0x0, 0x0, 0x0,
    0x1f, 0xff, 0x70, 0x0, 0x0, 0x0, 0x0, 0x0,
    0x1f, 0xff, 0x70, 0x0, 0x0, 0x0, 0x0, 0x0,
    0x1f, 0xff, 0x70, 0x5c, 0xfe, 0xc6, 0x0, 0x0,
    0x1f, 0xff, 0x78, 0xff, 0xff, 0xff, 0xb1, 0x0,
    0x1f, 0xff, 0xaf, 0xff, 0xff, 0xff, 0xfb, 0x0,
    0x1f, 0xff, 0xfe, 0x51, 0x15, 0xef, 0xff, 0x50,
    0x1f, 0xff, 0xf4, 0x0, 0x0, 0x4f, 0xff, 0xb0,
    0x1f, 0xff, 0xc0, 0x0, 0x0, 0xd, 0xff, 0xf0,
    0x1f, 0xff, 0x80, 0x0, 0x0, 0x8, 0xff, 0xf2,
    0x1f, 0xff, 0x60, 0x0, 0x0, 0x6, 0xff, 0xf3,
    0x1f, 0xff, 0x60, 0x0, 0x0, 0x7, 0xff, 0xf3,
    0x1f, 0xff, 0x80, 0x0, 0x0, 0x8, 0xff, 0xf2,
    0x1f, 0xff, 0xd0, 0x0, 0x0, 0xd, 0xff, 0xf0,
    0x1f, 0xff, 0xf4, 0x0, 0x0, 0x4f, 0xff, 0xb0,
    0x1f, 0xff, 0xfe, 0x61, 0x16, 0xff, 0xff, 0x50,
    0x1f, 0xff, 0xaf, 0xff, 0xff, 0xff, 0xfb, 0x0,
    0x1f, 0xff, 0x58, 0xff, 0xff, 0xff, 0xc0, 0x0,
    0x1f, 0xff, 0x50, 0x5c, 0xfe, 0xc6, 0x0, 0x0,

    /* U+0063 "c" */
    0x0, 0x0, 0x5b, 0xef, 0xec, 0x60, 0x0, 0x0,
    0x2, 0xdf, 0xff, 0xff, 0xff, 0xd2, 0x0, 0x1,
    0xef, 0xff, 0xff, 0xff, 0xff, 0xe1, 0x0, 0xaf,
    0xff, 0xa2, 0x2, 0xaf, 0xff, 0x90, 0x2f, 0xff,
    0xc0, 0x0, 0x0, 0xbf, 0xfe, 0x7, 0xff, 0xf4,
    0x0, 0x0, 0x3, 0x73, 0x0, 0xaf, 0xff, 0x0,
    0x0, 0x0, 0x0, 0x0, 0xb, 0xff, 0xe0, 0x0,
    0x0, 0x0, 0x0, 0x0, 0xbf, 0xfe, 0x0, 0x0,
    0x0, 0x0, 0x0, 0xa, 0xff, 0xf0, 0x0, 0x0,
    0x0, 0x0, 0x0, 0x7f, 0xff, 0x40, 0x0, 0x0,
    0x39, 0x52, 0x2, 0xff, 0xfb, 0x0, 0x0, 0xb,
    0xff, 0xf0, 0xa, 0xff, 0xfa, 0x20, 0x2a, 0xff,
    0xf9, 0x0, 0x1e, 0xff, 0xff, 0xff, 0xff, 0xfe,
    0x10, 0x0, 0x2d, 0xff, 0xff, 0xff, 0xfd, 0x20,
    0x0, 0x0, 0x5, 0xbe, 0xfe, 0xc6, 0x0, 0x0,

    /* U+0064 "d" */
    0x0, 0x0, 0x0, 0x0, 0x0, 0xf, 0xff, 0x90,
    0x0, 0x0, 0x0, 0x0, 0x0, 0xff, 0xf9, 0x0,
    0x0, 0x0, 0x0, 0x0, 0xf, 0xff, 0x90, 0x0,
    0x0, 0x0, 0x0, 0x0, 0xff, 0xf9, 0x0, 0x0,
    0x0, 0x0, 0x0, 0xf, 0xff, 0x90, 0x0, 0x29,
    0xdf, 0xe9, 0x10, 0xff, 0xf9, 0x0, 0x5f, 0xff,
    0xff, 0xfe, 0x1f, 0xff, 0x90, 0x4f, 0xff, 0xff,
    0xff, 0xfb, 0xff, 0xf9, 0xd, 0xff, 0xfa, 0x20,
    0x2b, 0xff, 0xff, 0x93, 0xff, 0xfc, 0x0, 0x0,
    0xc, 0xff, 0xf9, 0x8f, 0xff, 0x40, 0x0, 0x0,
    0x5f, 0xff, 0x9a, 0xff, 0xf0, 0x0, 0x0, 0x1,
    0xff, 0xf9, 0xbf, 0xfe, 0x0, 0x0, 0x0, 0xf,
    0xff, 0x9b, 0xff, 0xe0, 0x0, 0x0, 0x0, 0xff,
    0xf9, 0xaf, 0xff, 0x0, 0x0, 0x0, 0x1f, 0xff,
    0x98, 0xff, 0xf5, 0x0, 0x0, 0x5, 0xff, 0xf9,
    0x3f, 0xff, 0xc0, 0x0, 0x0, 0xcf, 0xff, 0x90,
    0xdf, 0xff, 0xa2, 0x2, 0xbf, 0xff, 0xf9, 0x4,
    0xff, 0xff, 0xff, 0xff, 0xbe, 0xff, 0x90, 0x5,
    0xff, 0xff, 0xff, 0xe1, 0xef, 0xf9, 0x0, 0x2,
    0x9d, 0xfe, 0x91, 0xe, 0xff, 0x90,

    /* U+0065 "e" */
    0x0, 0x0, 0x6c, 0xef, 0xda, 0x40, 0x0, 0x0,
    0x2, 0xdf, 0xff, 0xff, 0xff, 0xb1, 0x0, 0x1,
    0xef, 0xff, 0xfe, 0xff, 0xff, 0xb0, 0x0, 0xaf,
    0xff, 0x60, 0x1, 0x9f, 0xff, 0x70, 0x2f, 0xff,
    0x70, 0x0, 0x0, 0xbf, 0xfe, 0x7, 0xff, 0xf0,
    0x0, 0x0, 0x4, 0xff, 0xf2, 0xaf, 0xfe, 0x88,
    0x88, 0x88, 0x8f, 0xff, 0x4b, 0xff, 0xff, 0xff,
    0xff, 0xff, 0xff, 0xf5, 0xbf, 0xff, 0xff, 0xff,
    0xff, 0xff, 0xff, 0x6a, 0xff, 0xd0, 0x0, 0x0,
    0x0, 0x0, 0x0, 0x7f, 0xff, 0x0, 0x0, 0x0,
    0x0, 0x0, 0x2, 0xff, 0xf8, 0x0, 0x0, 0x4,
    0xb8, 0x50, 0xb, 0xff, 0xf7, 0x10, 0x5, 0xef,
    0xfd, 0x0, 0x1e, 0xff, 0xff, 0xef, 0xff, 0xff,
    0x40, 0x0, 0x2d, 0xff, 0xff, 0xff, 0xff, 0x50,
    0x0, 0x0, 0x5, 0xbd, 0xff, 0xc8, 0x10, 0x0,

    /* U+0066 "f" */
    0x0, 0x0, 0x7, 0xdf, 0xed, 0x50, 0x0, 0xc,
    0xff, 0xff, 0xf4, 0x0, 0x7, 0xff, 0xff, 0xff,
    0x0, 0x0, 0xcf, 0xff, 0x41, 0x20, 0x0, 0xe,
    0xff, 0xa0, 0x0, 0x0, 0x0, 0xef, 0xfa, 0x0,
    0x0, 0xbf, 0xff, 0xff, 0xff, 0xfe, 0xb, 0xff,
    0xff, 0xff, 0xff, 0xe0, 0xae, 0xef, 0xff, 0xfe,
    0xed, 0x0, 0x0, 0xef, 0xfa, 0x0, 0x0, 0x0,
    0xe, 0xff, 0xa0, 0x0, 0x0, 0x0, 0xef, 0xfa,
    0x0, 0x0, 0x0, 0xe, 0xff, 0xa0, 0x0, 0x0,
    0x0, 0xef, 0xfa, 0x0, 0x0, 0x0, 0xe, 0xff,
    0xa0, 0x0, 0x0, 0x0, 0xef, 0xfa, 0x0, 0x0,
    0x0, 0xe, 0xff, 0xa0, 0x0, 0x0, 0x0, 0xef,
    0xfa, 0x0, 0x0, 0x0, 0xe, 0xff, 0xa0, 0x0,
    0x0, 0x0, 0xef, 0xfa, 0x0, 0x0, 0x0, 0xe,
    0xff, 0xa0, 0x0, 0x0, 0x0, 0xef, 0xfa, 0x0,
    0x0,

    /* U+0067 "g" */
    0x0, 0x2, 0x9d, 0xfe, 0x91, 0xd, 0xff, 0xa0,
    0x4, 0xff, 0xff, 0xff, 0xe2, 0xdf, 0xfa, 0x3,
    0xff, 0xff, 0xff, 0xff, 0xce, 0xff, 0xa0, 0xcf,
    0xff, 0xb2, 0x2, 0xbf, 0xff, 0xfa, 0x2f, 0xff,
    0xc0, 0x0, 0x0, 0xcf, 0xff, 0xa7, 0xff, 0xf5,
    0x0, 0x0, 0x5, 0xff, 0xfa, 0xaf, 0xff, 0x0,
    0x0, 0x0, 0xf, 0xff, 0xab, 0xff, 0xe0, 0x0,
    0x0, 0x0, 0xff, 0xfa, 0xcf, 0xfe, 0x0, 0x0,
    0x0, 0xe, 0xff, 0xaa, 0xff, 0xf0, 0x0, 0x0,
    0x0, 0xff, 0xfa, 0x8f, 0xff, 0x30, 0x0, 0x0,
    0x3f, 0xff, 0xa4, 0xff, 0xfa, 0x0, 0x0, 0xa,
    0xff, 0xfa, 0xe, 0xff, 0xf8, 0x10, 0x19, 0xff,
    0xff, 0xa0, 0x4f, 0xff, 0xff, 0xef, 0xfc, 0xef,
    0xfa, 0x0, 0x6f, 0xff, 0xff, 0xfe, 0x2e, 0xff,
    0xa0, 0x0, 0x3a, 0xdf, 0xea, 0x20, 0xef, 0xf9,
    0x0, 0x0, 0x0, 0x0, 0x0, 0xf, 0xff, 0x80,
    0x1, 0x60, 0x0, 0x0, 0x3, 0xff, 0xf6, 0xc,
    0xff, 0xb2, 0x0, 0x3, 0xdf, 0xff, 0x10, 0x9f,
    0xff, 0xfe, 0xde, 0xff, 0xff, 0x70, 0x0, 0x9f,
    0xff, 0xff, 0xff, 0xff, 0x70, 0x0, 0x0, 0x39,
    0xdf, 0xfe, 0xc8, 0x20, 0x0,

    /* U+0068 "h" */
    0x1f, 0xff, 0x60, 0x0, 0x0, 0x0, 0x0, 0x1,
    0xff, 0xf6, 0x0, 0x0, 0x0, 0x0, 0x0, 0x1f,
    0xff, 0x60, 0x0, 0x0, 0x0, 0x0, 0x1, 0xff,
    0xf6, 0x0, 0x0, 0x0, 0x0, 0x0, 0x1f, 0xff,
    0x60, 0x0, 0x0, 0x0, 0x0, 0x1, 0xff, 0xf6,
    0x5, 0xce, 0xfc, 0x60, 0x0, 0x1f, 0xff, 0x68,
    0xff, 0xff, 0xff, 0xb0, 0x1, 0xff, 0xfa, 0xff,
    0xff, 0xff, 0xff, 0x70, 0x1f, 0xff, 0xfe, 0x52,
    0x4b, 0xff, 0xfe, 0x1, 0xff, 0xff, 0x20, 0x0,
    0xd, 0xff, 0xf2, 0x1f, 0xff, 0xa0, 0x0, 0x0,
    0x7f, 0xff, 0x31, 0xff, 0xf7, 0x0, 0x0, 0x5,
    0xff, 0xf4, 0x1f, 0xff, 0x70, 0x0, 0x0, 0x5f,
    0xff, 0x41, 0xff, 0xf7, 0x0, 0x0, 0x5, 0xff,
    0xf4, 0x1f, 0xff, 0x70, 0x0, 0x0, 0x5f, 0xff,
    0x41, 0xff, 0xf7, 0x0, 0x0, 0x5, 0xff, 0xf4,
    0x1f, 0xff, 0x70, 0x0, 0x0, 0x5f, 0xff, 0x41,
    0xff, 0xf7, 0x0, 0x0, 0x5, 0xff, 0xf4, 0x1f,
    0xff, 0x70, 0x0, 0x0, 0x5f, 0xff, 0x41, 0xff,
    0xf7, 0x0, 0x0, 0x5, 0xff, 0xf4, 0x1f, 0xff,
    0x70, 0x0, 0x0, 0x5f, 0xff, 0x40,

    /* U+0069 "i" */
    0x0, 0x0, 0x0, 0x9f, 0xc2, 0x4f, 0xff, 0xa4,
    0xff, 0xfa, 0x9, 0xfc, 0x20, 0x0, 0x0, 0x0,
    0x0, 0x1, 0xff, 0xf7, 0x1f, 0xff, 0x71, 0xff,
    0xf7, 0x1f, 0xff, 0x71, 0xff, 0xf7, 0x1f, 0xff,
    0x71, 0xff, 0xf7, 0x1f, 0xff, 0x71, 0xff, 0xf7,
    0x1f, 0xff, 0x71, 0xff, 0xf7, 0x1f, 0xff, 0x71,
    0xff, 0xf7, 0x1f, 0xff, 0x71, 0xff, 0xf7, 0x1f,
    0xff, 0x70,

    /* U+006A "j" */
    0x0, 0x9, 0xfc, 0x10, 0x4, 0xff, 0xf9, 0x0,
    0x4f, 0xff, 0x90, 0x0, 0x9f, 0xc2, 0x0, 0x0,
    0x0, 0x0, 0x0, 0x0, 0x0, 0x0, 0x2f, 0xff,
    0x70, 0x2, 0xff, 0xf7, 0x0, 0x2f, 0xff, 0x70,
    0x2, 0xff, 0xf7, 0x0, 0x2f, 0xff, 0x70, 0x2,
    0xff, 0xf7, 0x0, 0x2f, 0xff, 0x70, 0x2, 0xff,
    0xf7, 0x0, 0x2f, 0xff, 0x70, 0x2, 0xff, 0xf7,
    0x0, 0x2f, 0xff, 0x70, 0x2, 0xff, 0xf7, 0x0,
    0x2f, 0xff, 0x70, 0x2, 0xff, 0xf7, 0x0, 0x2f,
    0xff, 0x70, 0x2, 0xff, 0xf7, 0x0, 0x2f, 0xff,
    0x60, 0x3, 0xff, 0xf6, 0x1, 0xaf, 0xff, 0x49,
    0xff, 0xff, 0xe0, 0x9f, 0xff, 0xf4, 0x9, 0xfe,
    0xa2, 0x0,

    /* U+006B "k" */
    0x1f, 0xff, 0x70, 0x0, 0x0, 0x0, 0x0, 0x1,
    0xff, 0xf7, 0x0, 0x0, 0x0, 0x0, 0x0, 0x1f,
    0xff, 0x70, 0x0, 0x0, 0x0, 0x0, 0x1, 0xff,
    0xf7, 0x0, 0x0, 0x0, 0x0, 0x0, 0x1f, 0xff,
    0x70, 0x0, 0x0, 0x0, 0x0, 0x1, 0xff, 0xf7,
    0x0, 0x0, 0x3f, 0xff, 0xd1, 0x1f, 0xff, 0x70,
    0x0, 0x2e, 0xff, 0xe2, 0x1, 0xff, 0xf7, 0x0,
    0x1d, 0xff, 0xf4, 0x0, 0x1f, 0xff, 0x70, 0xb,
    0xff, 0xf6, 0x0, 0x1, 0xff, 0xf7, 0xa, 0xff,
    0xf8, 0x0, 0x0, 0x1f, 0xff, 0x77, 0xff, 0xfa,
    0x0, 0x0, 0x1, 0xff, 0xfc, 0xff, 0xfc, 0x0,
    0x0, 0x0, 0x1f, 0xff, 0xff, 0xff, 0xd0, 0x0,
    0x0, 0x1, 0xff, 0xff, 0xff, 0xff, 0x90, 0x0,
    0x0, 0x1f, 0xff, 0xf8, 0xef, 0xff, 0x40, 0x0,
    0x1, 0xff, 0xf9, 0x5, 0xff, 0xfe, 0x0, 0x0,
    0x1f, 0xff, 0x70, 0xa, 0xff, 0xfa, 0x0, 0x1,
    0xff, 0xf7, 0x0, 0xe, 0xff, 0xf5, 0x0, 0x1f,
    0xff, 0x70, 0x0, 0x4f, 0xff, 0xe1, 0x1, 0xff,
    0xf7, 0x0, 0x0, 0x9f, 0xff, 0xb0, 0x1f, 0xff,
    0x70, 0x0, 0x0, 0xdf, 0xff, 0x60,

    /* U+006C "l" */
    0x1f, 0xff, 0x71, 0xff, 0xf7, 0x1f, 0xff, 0x71,
    0xff, 0xf7, 0x1f, 0xff, 0x71, 0xff, 0xf7, 0x1f,
    0xff, 0x71, 0xff, 0xf7, 0x1f, 0xff, 0x71, 0xff,
    0xf7, 0x1f, 0xff, 0x71, 0xff, 0xf7, 0x1f, 0xff,
    0x71, 0xff, 0xf7, 0x1f, 0xff, 0x71, 0xff, 0xf7,
    0x1f, 0xff, 0x71, 0xff, 0xf7, 0x1f, 0xff, 0x71,
    0xff, 0xf7, 0x1f, 0xff, 0x70,

    /* U+006D "m" */
    0x1f, 0xff, 0x30, 0x6c, 0xfd, 0x70, 0x0, 0x29,
    0xdf, 0xe9, 0x10, 0x1, 0xff, 0xf4, 0x9f, 0xff,
    0xff, 0x90, 0x3e, 0xff, 0xff, 0xfe, 0x10, 0x1f,
    0xff, 0x9f, 0xff, 0xff, 0xff, 0x3e, 0xff, 0xff,
    0xff, 0xfb, 0x1, 0xff, 0xff, 0xc4, 0x37, 0xff,
    0xfe, 0xfa, 0x43, 0x8f, 0xff, 0xf1, 0x1f, 0xff,
    0xe0, 0x0, 0x7, 0xff, 0xfc, 0x0, 0x0, 0x9f,
    0xff, 0x41, 0xff, 0xf9, 0x0, 0x0, 0x2f, 0xff,
    0x60, 0x0, 0x4, 0xff, 0xf5, 0x1f, 0xff, 0x70,
    0x0, 0x2, 0xff, 0xf5, 0x0, 0x0, 0x3f, 0xff,
    0x51, 0xff, 0xf7, 0x0, 0x0, 0x2f, 0xff, 0x50,
    0x0, 0x3, 0xff, 0xf5, 0x1f, 0xff, 0x70, 0x0,
    0x2, 0xff, 0xf5, 0x0, 0x0, 0x3f, 0xff, 0x51,
    0xff, 0xf7, 0x0, 0x0, 0x2f, 0xff, 0x50, 0x0,
    0x3, 0xff, 0xf5, 0x1f, 0xff, 0x70, 0x0, 0x2,
    0xff, 0xf5, 0x0, 0x0, 0x3f, 0xff, 0x51, 0xff,
    0xf7, 0x0, 0x0, 0x2f, 0xff, 0x50, 0x0, 0x3,
    0xff, 0xf5, 0x1f, 0xff, 0x70, 0x0, 0x2, 0xff,
    0xf5, 0x0, 0x0, 0x3f, 0xff, 0x51, 0xff, 0xf7,
    0x0, 0x0, 0x2f, 0xff, 0x50, 0x0, 0x3, 0xff,
    0xf5, 0x1f, 0xff, 0x70, 0x0, 0x2, 0xff, 0xf5,
    0x0, 0x0, 0x3f, 0xff, 0x51, 0xff, 0xf7, 0x0,
    0x0, 0x2f, 0xff, 0x50, 0x0, 0x3, 0xff, 0xf5,

    /* U+006E "n" */
    0x1f, 0xff, 0x40, 0x5c, 0xef, 0xc6, 0x0, 0x1,
    0xff, 0xf4, 0x9f, 0xff, 0xff, 0xfb, 0x0, 0x1f,
    0xff, 0x9f, 0xff, 0xff, 0xff, 0xf7, 0x1, 0xff,
    0xff, 0xc3, 0x1, 0x8f, 0xff, 0xe0, 0x1f, 0xff,
    0xe1, 0x0, 0x0, 0xcf, 0xff, 0x11, 0xff, 0xf9,
    0x0, 0x0, 0x6, 0xff, 0xf3, 0x1f, 0xff, 0x70,
    0x0, 0x0, 0x5f, 0xff, 0x41, 0xff, 0xf7, 0x0,
    0x0, 0x5, 0xff, 0xf4, 0x1f, 0xff, 0x70, 0x0,
    0x0, 0x5f, 0xff, 0x41, 0xff, 0xf7, 0x0, 0x0,
    0x5, 0xff, 0xf4, 0x1f, 0xff, 0x70, 0x0, 0x0,
    0x5f, 0xff, 0x41, 0xff, 0xf7, 0x0, 0x0, 0x5,
    0xff, 0xf4, 0x1f, 0xff, 0x70, 0x0, 0x0, 0x5f,
    0xff, 0x41, 0xff, 0xf7, 0x0, 0x0, 0x5, 0xff,
    0xf4, 0x1f, 0xff, 0x70, 0x0, 0x0, 0x5f, 0xff,
    0x41, 0xff, 0xf7, 0x0, 0x0, 0x5, 0xff, 0xf4,

    /* U+006F "o" */
    0x0, 0x0, 0x5b, 0xef, 0xeb, 0x50, 0x0, 0x0,
    0x2, 0xdf, 0xff, 0xff, 0xff, 0xd2, 0x0, 0x1,
    0xef, 0xff, 0xff, 0xff, 0xff, 0xe1, 0x0, 0xaf,
    0xff, 0xa2, 0x2, 0xaf, 0xff, 0xb0, 0x2f, 0xff,
    0xb0, 0x0, 0x0, 0xbf, 0xff, 0x27, 0xff, 0xf3,
    0x0, 0x0, 0x3, 0xff, 0xf8, 0xaf, 0xff, 0x0,
    0x0, 0x0, 0xe, 0xff, 0xab, 0xff, 0xe0, 0x0,
    0x0, 0x0, 0xdf, 0xfc, 0xbf, 0xfe, 0x0, 0x0,
    0x0, 0xd, 0xff, 0xca, 0xff, 0xf0, 0x0, 0x0,
    0x0, 0xef, 0xfa, 0x7f, 0xff, 0x40, 0x0, 0x0,
    0x3f, 0xff, 0x82, 0xff, 0xfb, 0x0, 0x0, 0xb,
    0xff, 0xf2, 0xa, 0xff, 0xfa, 0x20, 0x2a, 0xff,
    0xfb, 0x0, 0x1e, 0xff, 0xff, 0xff, 0xff, 0xfe,
    0x10, 0x0, 0x2d, 0xff, 0xff, 0xff, 0xfd, 0x20,
    0x0, 0x0, 0x5, 0xbe, 0xfe, 0xb6, 0x0, 0x0,

    /* U+0070 "p" */
    0x1f, 0xff, 0x50, 0x6c, 0xfe, 0xc6, 0x0, 0x0,
    0x1f, 0xff, 0x59, 0xff, 0xff, 0xff, 0xb1, 0x0,
    0x1f, 0xff, 0xbf, 0xfe, 0xef, 0xff, 0xfb, 0x0,
    0x1f, 0xff, 0xfd, 0x30, 0x3, 0xdf, 0xff, 0x50,
    0x1f, 0xff, 0xf3, 0x0, 0x0, 0x3f, 0xff, 0xb0,
    0x1f, 0xff, 0xb0, 0x0, 0x0, 0xc, 0xff, 0xf0,
    0x1f, 0xff, 0x80, 0x0, 0x0, 0x8, 0xff, 0xf2,
    0x1f, 0xff, 0x60, 0x0, 0x0, 0x6, 0xff, 0xf3,
    0x1f, 0xff, 0x70, 0x0, 0x0, 0x7, 0xff, 0xf3,
    0x1f, 0xff, 0x80, 0x0, 0x0, 0x9, 0xff, 0xf2,
    0x1f, 0xff, 0xd0, 0x0, 0x0, 0xd, 0xff, 0xf0,
    0x1f, 0xff, 0xf5, 0x0, 0x0, 0x5f, 0xff, 0xb0,
    0x1f, 0xff, 0xff, 0x61, 0x16, 0xff, 0xff, 0x50,
    0x1f, 0xff, 0xbf, 0xff, 0xff, 0xff, 0xfb, 0x0,
    0x1f, 0xff, 0x78, 0xff, 0xff, 0xff, 0xc0, 0x0,
    0x1f, 0xff, 0x70, 0x5c, 0xfe, 0xc6, 0x0, 0x0,
    0x1f, 0xff, 0x70, 0x0, 0x0, 0x0, 0x0, 0x0,
    0x1f, 0xff, 0x70, 0x0, 0x0, 0x0, 0x0, 0x0,
    0x1f, 0xff, 0x70, 0x0, 0x0, 0x0, 0x0, 0x0,
    0x1f, 0xff, 0x70, 0x0, 0x0, 0x0, 0x0, 0x0,
    0x1f, 0xff, 0x70, 0x0, 0x0, 0x0, 0x0, 0x0,
    0x1f, 0xff, 0x70, 0x0, 0x0, 0x0, 0x0, 0x0,

    /* U+0071 "q" */
    0x0, 0x2, 0x9d, 0xfe, 0x91, 0xe, 0xff, 0x90,
    0x5, 0xff, 0xff, 0xff, 0xe1, 0xef, 0xf9, 0x4,
    0xff, 0xff, 0xff, 0xff, 0xbe, 0xff, 0x90, 0xdf,
    0xff, 0xa2, 0x2, 0xbf, 0xff, 0xf9, 0x3f, 0xff,
    0xc0, 0x0, 0x0, 0xcf, 0xff, 0x98, 0xff, 0xf4,
    0x0, 0x0, 0x5, 0xff, 0xf9, 0xaf, 0xff, 0x0,
    0x0, 0x0, 0x1f, 0xff, 0x9b, 0xff, 0xe0, 0x0,
    0x0, 0x0, 0xff, 0xf9, 0xbf, 0xfe, 0x0, 0x0,
    0x0, 0xf, 0xff, 0x9a, 0xff, 0xf0, 0x0, 0x0,
    0x1, 0xff, 0xf9, 0x8f, 0xff, 0x50, 0x0, 0x0,
    0x5f, 0xff, 0x93, 0xff, 0xfc, 0x0, 0x0, 0xc,
    0xff, 0xf9, 0xd, 0xff, 0xfa, 0x20, 0x2b, 0xff,
    0xff, 0x90, 0x4f, 0xff, 0xff, 0xff, 0xfb, 0xff,
    0xf9, 0x0, 0x5f, 0xff, 0xff, 0xfe, 0x1f, 0xff,
    0x90, 0x0, 0x29, 0xdf, 0xe9, 0x10, 0xff, 0xf9,
    0x0, 0x0, 0x0, 0x0, 0x0, 0xf, 0xff, 0x90,
    0x0, 0x0, 0x0, 0x0, 0x0, 0xff, 0xf9, 0x0,
    0x0, 0x0, 0x0, 0x0, 0xf, 0xff, 0x90, 0x0,
    0x0, 0x0, 0x0, 0x0, 0xff, 0xf9, 0x0, 0x0,
    0x0, 0x0, 0x0, 0xf, 0xff, 0x90, 0x0, 0x0,
    0x0, 0x0, 0x0, 0xff, 0xf9,

    /* U+0072 "r" */
    0x0, 0x0, 0x0, 0x0, 0x0, 0x1f, 0xff, 0x51,
    0x9e, 0xf9, 0x1f, 0xff, 0x5d, 0xff, 0xf9, 0x1f,
    0xff, 0xcf, 0xff, 0xf9, 0x1f, 0xff, 0xfe, 0x62,
    0x11, 0x1f, 0xff, 0xf2, 0x0, 0x0, 0x1f, 0xff,
    0xa0, 0x0, 0x0, 0x1f, 0xff, 0x70, 0x0, 0x0,
    0x1f, 0xff, 0x70, 0x0, 0x0, 0x1f, 0xff, 0x70,
    0x0, 0x0, 0x1f, 0xff, 0x70, 0x0, 0x0, 0x1f,
    0xff, 0x70, 0x0, 0x0, 0x1f, 0xff, 0x70, 0x0,
    0x0, 0x1f, 0xff, 0x70, 0x0, 0x0, 0x1f, 0xff,
    0x70, 0x0, 0x0, 0x1f, 0xff, 0x70, 0x0, 0x0,
    0x1f, 0xff, 0x70, 0x0, 0x0,

    /* U+0073 "s" */
    0x0, 0x5, 0xbe, 0xff, 0xd9, 0x20, 0x0, 0x1,
    0xcf, 0xff, 0xff, 0xff, 0xf5, 0x0, 0xb, 0xff,
    0xff, 0xcd, 0xff, 0xff, 0x30, 0x2f, 0xff, 0xa0,
    0x0, 0x3e, 0xff, 0xa0, 0x5f, 0xff, 0x30, 0x0,
    0x4, 0x84, 0x10, 0x4f, 0xff, 0x90, 0x0, 0x0,
    0x0, 0x0, 0xe, 0xff, 0xfe, 0xa6, 0x30, 0x0,
    0x0, 0x4, 0xff, 0xff, 0xff, 0xff, 0xa2, 0x0,
    0x0, 0x19, 0xef, 0xff, 0xff, 0xff, 0x40, 0x0,
    0x0, 0x2, 0x59, 0xef, 0xff, 0xe0, 0x0, 0x0,
    0x0, 0x0, 0xb, 0xff, 0xf2, 0x6a, 0xdc, 0x0,
    0x0, 0x7, 0xff, 0xf2, 0x8f, 0xff, 0x80, 0x0,
    0x3e, 0xff, 0xe0, 0x1e, 0xff, 0xff, 0xde, 0xff,
    0xff, 0x60, 0x3, 0xef, 0xff, 0xff, 0xff, 0xf7,
    0x0, 0x0, 0x7, 0xce, 0xfe, 0xd8, 0x20, 0x0,

    /* U+0074 "t" */
    0x0, 0x8f, 0xff, 0x0, 0x0, 0x0, 0x8f, 0xff,
    0x0, 0x0, 0x0, 0x8f, 0xff, 0x0, 0x0, 0x0,
    0x8f, 0xff, 0x0, 0x0, 0xbf, 0xff, 0xff, 0xff,
    0xf0, 0xbf, 0xff, 0xff, 0xff, 0xf0, 0xae, 0xff,
    0xff, 0xee, 0xd0, 0x0, 0x8f, 0xff, 0x0, 0x0,
    0x0, 0x8f, 0xff, 0x0, 0x0, 0x0, 0x8f, 0xff,
    0x0, 0x0, 0x0, 0x8f, 0xff, 0x0, 0x0, 0x0,
    0x8f, 0xff, 0x0, 0x0, 0x0, 0x8f, 0xff, 0x0,
    0x0, 0x0, 0x8f, 0xff, 0x0, 0x0, 0x0, 0x8f,
    0xff, 0x0, 0x0, 0x0, 0x8f, 0xff, 0x0, 0x0,
    0x0, 0x7f, 0xff, 0x60, 0x10, 0x0, 0x3f, 0xff,
    0xff, 0xf0, 0x0, 0xa, 0xff, 0xff, 0xf2, 0x0,
    0x0, 0x7d, 0xff, 0xd3,

    /* U+0075 "u" */
    0x1f, 0xff, 0x70, 0x0, 0x0, 0x5f, 0xff, 0x41,
    0xff, 0xf7, 0x0, 0x0, 0x5, 0xff, 0xf4, 0x1f,
    0xff, 0x70, 0x0, 0x0, 0x5f, 0xff, 0x41, 0xff,
    0xf7, 0x0, 0x0, 0x5, 0xff, 0xf4, 0x1f, 0xff,
    0x70, 0x0, 0x0, 0x5f, 0xff, 0x41, 0xff, 0xf7,
    0x0, 0x0, 0x5, 0xff, 0xf4, 0x1f, 0xff, 0x70,
    0x0, 0x0, 0x5f, 0xff, 0x41, 0xff, 0xf7, 0x0,
    0x0, 0x5, 0xff, 0xf4, 0x1f, 0xff, 0x70, 0x0,
    0x0, 0x5f, 0xff, 0x41, 0xff, 0xf7, 0x0, 0x0,
    0x5, 0xff, 0xf4, 0x1f, 0xff, 0x90, 0x0, 0x0,
    0x8f, 0xff, 0x40, 0xff, 0xfe, 0x0, 0x0, 0x1e,
    0xff, 0xf4, 0xb, 0xff, 0xfd, 0x42, 0x5d, 0xff,
    0xff, 0x40, 0x5f, 0xff, 0xff, 0xff, 0xf8, 0xff,
    0xf4, 0x0, 0x9f, 0xff, 0xff, 0xfa, 0x2f, 0xff,
    0x40, 0x0, 0x5c, 0xff, 0xc6, 0x2, 0xff, 0xf4,

    /* U+0076 "v" */
    0x4f, 0xff, 0x70, 0x0, 0x0, 0x0, 0xff, 0xfb,
    0xe, 0xff, 0xc0, 0x0, 0x0, 0x5, 0xff, 0xf6,
    0x9, 0xff, 0xf2, 0x0, 0x0, 0xa, 0xff, 0xf0,
    0x3, 0xff, 0xf7, 0x0, 0x0, 0xf, 0xff, 0xa0,
    0x0, 0xdf, 0xfc, 0x0, 0x0, 0x4f, 0xff, 0x40,
    0x0, 0x8f, 0xff, 0x10, 0x0, 0x9f, 0xfe, 0x0,
    0x0, 0x2f, 0xff, 0x60, 0x0, 0xef, 0xf9, 0x0,
    0x0, 0xc, 0xff, 0xb0, 0x4, 0xff, 0xf3, 0x0,
    0x0, 0x7, 0xff, 0xf1, 0x9, 0xff, 0xe0, 0x0,
    0x0, 0x1, 0xff, 0xf5, 0xd, 0xff, 0x80, 0x0,
    0x0, 0x0, 0xbf, 0xfa, 0x2f, 0xff, 0x20, 0x0,
    0x0, 0x0, 0x6f, 0xfe, 0x6f, 0xfc, 0x0, 0x0,
    0x0, 0x0, 0xf, 0xff, 0xcf, 0xf7, 0x0, 0x0,
    0x0, 0x0, 0xa, 0xff, 0xff, 0xf1, 0x0, 0x0,
    0x0, 0x0, 0x5, 0xff, 0xff, 0xb0, 0x0, 0x0,
    0x0, 0x0, 0x0, 0xef, 0xff, 0x60, 0x0, 0x0,

    /* U+0077 "w" */
    0x4f, 0xff, 0x70, 0x0, 0x0, 0xff, 0xf9, 0x0,
    0x0, 0xf, 0xff, 0xc0, 0xff, 0xfb, 0x0, 0x0,
    0x4f, 0xff, 0xd0, 0x0, 0x3, 0xff, 0xf7, 0xa,
    0xff, 0xe0, 0x0, 0x8, 0xff, 0xff, 0x10, 0x0,
    0x7f, 0xff, 0x30, 0x6f, 0xff, 0x30, 0x0, 0xcf,
    0xff, 0xf4, 0x0, 0xb, 0xff, 0xe0, 0x1, 0xff,
    0xf6, 0x0, 0xf, 0xfe, 0xff, 0x80, 0x0, 0xff,
    0xf9, 0x0, 0xd, 0xff, 0xa0, 0x4, 0xff, 0x7f,
    0xfc, 0x0, 0x3f, 0xff, 0x50, 0x0, 0x8f, 0xfe,
    0x0, 0x8f, 0xf3, 0xcf, 0xf0, 0x6, 0xff, 0xf0,
    0x0, 0x4, 0xff, 0xf2, 0xc, 0xff, 0x8, 0xff,
    0x30, 0xaf, 0xfc, 0x0, 0x0, 0xf, 0xff, 0x50,
    0xff, 0xc0, 0x4f, 0xf7, 0xe, 0xff, 0x70, 0x0,
    0x0, 0xbf, 0xf9, 0x3f, 0xf8, 0x0, 0xff, 0xb1,
    0xff, 0xf2, 0x0, 0x0, 0x6, 0xff, 0xc6, 0xff,
    0x40, 0xc, 0xfe, 0x4f, 0xfe, 0x0, 0x0, 0x0,
    0x1f, 0xff, 0xaf, 0xf0, 0x0, 0x7f, 0xf9, 0xff,
    0x90, 0x0, 0x0, 0x0, 0xdf, 0xff, 0xfb, 0x0,
    0x3, 0xff, 0xff, 0xf5, 0x0, 0x0, 0x0, 0x8,
    0xff, 0xff, 0x60, 0x0, 0xe, 0xff, 0xff, 0x0,
    0x0, 0x0, 0x0, 0x4f, 0xff, 0xf2, 0x0, 0x0,
    0xaf, 0xff, 0xc0, 0x0, 0x0, 0x0, 0x0, 0xff,
    0xfe, 0x0, 0x0, 0x6, 0xff, 0xf7, 0x0, 0x0,

    /* U+0078 "x" */
    0xb, 0xff, 0xf3, 0x0, 0x0, 0x2f, 0xff, 0xb0,
    0x2, 0xff, 0xfc, 0x0, 0x0, 0xbf, 0xff, 0x20,
    0x0, 0x7f, 0xff, 0x50, 0x4, 0xff, 0xf7, 0x0,
    0x0, 0xd, 0xff, 0xd0, 0xd, 0xff, 0xd0, 0x0,
    0x0, 0x4, 0xff, 0xf5, 0x5f, 0xff, 0x40, 0x0,
    0x0, 0x0, 0xaf, 0xfd, 0xdf, 0xfa, 0x0, 0x0,
    0x0, 0x0, 0x1f, 0xff, 0xff, 0xe1, 0x0, 0x0,
    0x0, 0x0, 0x7, 0xff, 0xff, 0x60, 0x0, 0x0,
    0x0, 0x0, 0xb, 0xff, 0xff, 0x80, 0x0, 0x0,
    0x0, 0x0, 0x4f, 0xff, 0xff, 0xf3, 0x0, 0x0,
    0x0, 0x0, 0xef, 0xf9, 0xbf, 0xfc, 0x0, 0x0,
    0x0, 0x8, 0xff, 0xf1, 0x3f, 0xff, 0x60, 0x0,
    0x0, 0x2f, 0xff, 0x80, 0xa, 0xff, 0xf1, 0x0,
    0x0, 0xcf, 0xfe, 0x10, 0x2, 0xff, 0xfa, 0x0,
    0x6, 0xff, 0xf6, 0x0, 0x0, 0x8f, 0xff, 0x40,
    0x1e, 0xff, 0xc0, 0x0, 0x0, 0xe, 0xff, 0xe0,

    /* U+0079 "y" */
    0x4f, 0xff, 0x70, 0x0, 0x0, 0x0, 0xff, 0xfc,
    0xe, 0xff, 0xc0, 0x0, 0x0, 0x5, 0xff, 0xf6,
    0x9, 0xff, 0xf2, 0x0, 0x0, 0xa, 0xff, 0xf0,
    0x3, 0xff, 0xf7, 0x0, 0x0, 0xf, 0xff, 0xa0,
    0x0, 0xdf, 0xfc, 0x0, 0x0, 0x5f, 0xff, 0x40,
    0x0, 0x7f, 0xff, 0x10, 0x0, 0xaf, 0xfe, 0x0,
    0x0, 0x2f, 0xff, 0x60, 0x0, 0xff, 0xf9, 0x0,
    0x0, 0xc, 0xff, 0xb0, 0x5, 0xff, 0xf3, 0x0,
    0x0, 0x6, 0xff, 0xf1, 0xa, 0xff, 0xd0, 0x0,
    0x0, 0x1, 0xff, 0xf5, 0xe, 0xff, 0x70, 0x0,
    0x0, 0x0, 0xaf, 0xf9, 0x3f, 0xff, 0x10, 0x0,
    0x0, 0x0, 0x5f, 0xfd, 0x8f, 0xfb, 0x0, 0x0,
    0x0, 0x0, 0xe, 0xff, 0xdf, 0xf6, 0x0, 0x0,
    0x0, 0x0, 0x9, 0xff, 0xff, 0xf0, 0x0, 0x0,
    0x0, 0x0, 0x3, 0xff, 0xff, 0xa0, 0x0, 0x0,
    0x0, 0x0, 0x0, 0xdf, 0xff, 0x40, 0x0, 0x0,
    0x0, 0x0, 0x0, 0xdf, 0xfe, 0x0, 0x0, 0x0,
    0x0, 0x0, 0x1, 0xff, 0xf8, 0x0, 0x0, 0x0,
    0x0, 0x11, 0x1b, 0xff, 0xf2, 0x0, 0x0, 0x0,
    0x0, 0xaf, 0xff, 0xff, 0x90, 0x0, 0x0, 0x0,
    0x0, 0xef, 0xff, 0xfc, 0x0, 0x0, 0x0, 0x0,
    0x1, 0xdf, 0xfd, 0x80, 0x0, 0x0, 0x0, 0x0,

    /* U+007A "z" */
    0x1f, 0xff, 0xff, 0xff, 0xff, 0xff, 0xe0, 0x1f,
    0xff, 0xff, 0xff, 0xff, 0xff, 0xe0, 0x1f, 0xff,
    0xff, 0xff, 0xff, 0xff, 0xd0, 0x2, 0x22, 0x22,
    0x22, 0xcf, 0xff, 0x30, 0x0, 0x0, 0x0, 0x7,
    0xff, 0xf8, 0x0, 0x0, 0x0, 0x0, 0x3f, 0xff,
    0xc0, 0x0, 0x0, 0x0, 0x1, 0xef, 0xfe, 0x10,
    0x0, 0x0, 0x0, 0xb, 0xff, 0xf5, 0x0, 0x0,
    0x0, 0x0, 0x7f, 0xff, 0x90, 0x0, 0x0, 0x0,
    0x3, 0xff, 0xfd, 0x0, 0x0, 0x0, 0x0, 0x1e,
    0xff, 0xf2, 0x0, 0x0, 0x0, 0x0, 0xbf, 0xff,
    0x60, 0x0, 0x0, 0x0, 0x7, 0xff, 0xfc, 0x22,
    0x22, 0x22, 0x20, 0x2f, 0xff, 0xff, 0xff, 0xff,
    0xff, 0xf2, 0x5f, 0xff, 0xff, 0xff, 0xff, 0xff,
    0xf2, 0x5f, 0xff, 0xff, 0xff, 0xff, 0xff, 0xf2,

    /* U+007B "{" */
    0x0, 0x0, 0x2, 0x9d, 0xe8, 0x0, 0x0, 0x4f,
    0xff, 0xf8, 0x0, 0x0, 0xef, 0xff, 0xf7, 0x0,
    0x4, 0xff, 0xf6, 0x0, 0x0, 0x6, 0xff, 0xd0,
    0x0, 0x0, 0x7, 0xff, 0xb0, 0x0, 0x0, 0x7,
    0xff, 0xa0, 0x0, 0x0, 0x7, 0xff, 0xa0, 0x0,
    0x0, 0x7, 0xff, 0xa0, 0x0, 0x0, 0xa, 0xff,
    0x90, 0x0, 0x1, 0x6f, 0xff, 0x60, 0x0, 0x6f,
    0xff, 0xfc, 0x0, 0x0, 0x6f, 0xfe, 0x50, 0x0,
    0x0, 0x6f, 0xff, 0xc3, 0x0, 0x0, 0x39, 0xdf,
    0xff, 0x20, 0x0, 0x0, 0xe, 0xff, 0x70, 0x0,
    0x0, 0x9, 0xff, 0xa0, 0x0, 0x0, 0x7, 0xff,
    0xa0, 0x0, 0x0, 0x7, 0xff, 0xa0, 0x0, 0x0,
    0x7, 0xff, 0xa0, 0x0, 0x0, 0x7, 0xff, 0xb0,
    0x0, 0x0, 0x6, 0xff, 0xd0, 0x0, 0x0, 0x3,
    0xff, 0xf6, 0x0, 0x0, 0x0, 0xef, 0xff, 0xe7,
    0x0, 0x0, 0x3f, 0xff, 0xf8, 0x0, 0x0, 0x1,
    0x9d, 0xe8,

    /* U+007C "|" */
    0x58, 0x85, 0xaf, 0xfa, 0xaf, 0xfa, 0xaf, 0xfa,
    0xaf, 0xfa, 0xaf, 0xfa, 0xaf, 0xfa, 0xaf, 0xfa,
    0xaf, 0xfa, 0xaf, 0xfa, 0xaf, 0xfa, 0xaf, 0xfa,
    0xaf, 0xfa, 0xaf, 0xfa, 0xaf, 0xfa, 0xaf, 0xfa,
    0xaf, 0xfa, 0xaf, 0xfa, 0xaf, 0xfa, 0xaf, 0xfa,
    0xaf, 0xfa, 0xaf, 0xfa, 0xaf, 0xfa, 0xaf, 0xfa,
    0xaf, 0xfa, 0xaf, 0xfa, 0xaf, 0xfa, 0xaf, 0xfa,
    0xaf, 0xfa, 0xaf, 0xfa, 0xaf, 0xfa, 0xaf, 0xfa,
    0xaf, 0xfa, 0xaf, 0xfa, 0xaf, 0xfa,

    /* U+007D "}" */
    0x9e, 0xd9, 0x20, 0x0, 0x0, 0x9f, 0xff, 0xf3,
    0x0, 0x0, 0x8f, 0xff, 0xfd, 0x0, 0x0, 0x0,
    0x7f, 0xff, 0x30, 0x0, 0x0, 0xe, 0xff, 0x50,
    0x0, 0x0, 0xc, 0xff, 0x60, 0x0, 0x0, 0xb,
    0xff, 0x60, 0x0, 0x0, 0xb, 0xff, 0x60, 0x0,
    0x0, 0xb, 0xff, 0x70, 0x0, 0x0, 0xa, 0xff,
    0xa0, 0x0, 0x0, 0x7, 0xff, 0xf6, 0x10, 0x0,
    0x0, 0xcf, 0xff, 0xf4, 0x0, 0x0, 0x5, 0xef,
    0xf4, 0x0, 0x0, 0x5e, 0xff, 0xf4, 0x0, 0x3,
    0xff, 0xfd, 0x82, 0x0, 0x8, 0xff, 0xd0, 0x0,
    0x0, 0xb, 0xff, 0x80, 0x0, 0x0, 0xb, 0xff,
    0x60, 0x0, 0x0, 0xb, 0xff, 0x60, 0x0, 0x0,
    0xb, 0xff, 0x60, 0x0, 0x0, 0xc, 0xff, 0x60,
    0x0, 0x0, 0xe, 0xff, 0x50, 0x0, 0x0, 0x7f,
    0xff, 0x20, 0x0, 0x8f, 0xff, 0xfd, 0x0, 0x0,
    0x9f, 0xff, 0xf2, 0x0, 0x0, 0x9e, 0xc8, 0x10,
    0x0, 0x0,

    /* U+007E "~" */
    0x0, 0x2b, 0xff, 0xb2, 0x0, 0x0, 0x58, 0x82,
    0x2, 0xff, 0xff, 0xff, 0x60, 0x0, 0xbf, 0xf3,
    0xb, 0xff, 0xff, 0xff, 0xf9, 0x26, 0xff, 0xf1,
    0xf, 0xff, 0x73, 0x9f, 0xff, 0xff, 0xff, 0xc0,
    0x2f, 0xfc, 0x0, 0x5, 0xff, 0xff, 0xff, 0x30,
    0x18, 0x85, 0x0, 0x0, 0x2a, 0xef, 0xb3, 0x0,

    /* U+00A0 " " */

    /* U+00A1 "¡" */
    0x1b, 0xfb, 0x19, 0xff, 0xf9, 0xaf, 0xff, 0xa5,
    0xff, 0xf5, 0x3, 0x63, 0x0, 0x0, 0x0, 0x0,
    0x0, 0x2, 0xff, 0xf3, 0x3f, 0xff, 0x33, 0xff,
    0xf3, 0x3f, 0xff, 0x34, 0xff, 0xf4, 0x4f, 0xff,
    0x44, 0xff, 0xf4, 0x4f, 0xff, 0x55, 0xff, 0xf5,
    0x5f, 0xff, 0x55, 0xff, 0xf5, 0x6f, 0xff, 0x66,
    0xff, 0xf6, 0x6f, 0xff, 0x62, 0x55, 0x52,

    /* U+00A2 "¢" */
    0x0, 0x0, 0x0, 0x6f, 0x40, 0x0, 0x0, 0x0,
    0x0, 0x0, 0x6, 0xf4, 0x0, 0x0, 0x0, 0x0,
    0x0, 0x15, 0xbf, 0xa6, 0x10, 0x0, 0x0, 0x0,
    0x7e, 0xff, 0xff, 0xff, 0x80, 0x0, 0x0, 0x9f,
    0xff, 0xff, 0xff, 0xff, 0xb0, 0x0, 0x6f, 0xff,
    0xeb, 0xfa, 0xef, 0xff, 0x60, 0xe, 0xff, 0xe1,
    0x6f, 0x41, 0xef, 0xfd, 0x5, 0xff, 0xf6, 0x6,
    0xf4, 0x6, 0xea, 0x70, 0x9f, 0xff, 0x10, 0x6f,
    0x40, 0x0, 0x0, 0xb, 0xff, 0xf0, 0x6, 0xf4,
    0x0, 0x0, 0x0, 0xcf, 0xfd, 0x0, 0x6f, 0x40,
    0x0, 0x0, 0xb, 0xff, 0xf0, 0x6, 0xf4, 0x0,
    0x0, 0x0, 0x9f, 0xff, 0x10, 0x6f, 0x40, 0x0,
    0x0, 0x5, 0xff, 0xf6, 0x6, 0xf4, 0x6, 0xfc,
    0x80, 0xf, 0xff, 0xe1, 0x6f, 0x41, 0xef, 0xfe,
    0x0, 0x6f, 0xff, 0xeb, 0xfa, 0xef, 0xff, 0x60,
    0x0, 0xaf, 0xff, 0xff, 0xff, 0xff, 0xb0, 0x0,
    0x0, 0x7f, 0xff, 0xff, 0xff, 0x80, 0x0, 0x0,
    0x0, 0x15, 0xbf, 0xa6, 0x10, 0x0, 0x0, 0x0,
    0x0, 0x6, 0xf4, 0x0, 0x0, 0x0, 0x0, 0x0,
    0x0, 0x6f, 0x40, 0x0, 0x0, 0x0,

    /* U+00A3 "£" */
    0x0, 0x0, 0x3, 0xad, 0xff, 0xc7, 0x10, 0x0,
    0x0, 0x0, 0x9f, 0xff, 0xff, 0xff, 0xe3, 0x0,
    0x0, 0x9, 0xff, 0xff, 0xff, 0xff, 0xfe, 0x10,
    0x0, 0x2f, 0xff, 0xe7, 0x34, 0xaf, 0xff, 0xa0,
    0x0, 0x8f, 0xff, 0x30, 0x0, 0xa, 0xff, 0xf0,
    0x0, 0xaf, 0xfd, 0x0, 0x0, 0x3, 0xb9, 0x61,
    0x0, 0xbf, 0xfb, 0x0, 0x0, 0x0, 0x0, 0x0,
    0x0, 0xbf, 0xfc, 0x0, 0x0, 0x0, 0x0, 0x0,
    0x0, 0xaf, 0xfc, 0x0, 0x0, 0x0, 0x0, 0x0,
    0xaf, 0xff, 0xff, 0xff, 0xff, 0xf9, 0x0, 0x0,
    0xaf, 0xff, 0xff, 0xff, 0xff, 0xf9, 0x0, 0x0,
    0x58, 0xcf, 0xff, 0x88, 0x88, 0x84, 0x0, 0x0,
    0x0, 0x7f, 0xfe, 0x0, 0x0, 0x0, 0x0, 0x0,
    0x0, 0x6f, 0xff, 0x0, 0x0, 0x0, 0x0, 0x0,
    0x0, 0x6f, 0xff, 0x0, 0x0, 0x0, 0x0, 0x0,
    0x0, 0x6f, 0xfe, 0x0, 0x0, 0x0, 0x0, 0x0,
    0x0, 0x8f, 0xf9, 0x0, 0x0, 0x0, 0xff, 0xf5,
    0x26, 0xff, 0xc3, 0x22, 0x22, 0x26, 0xff, 0xf4,
    0xaf, 0xff, 0xff, 0xff, 0xff, 0xff, 0xff, 0xf1,
    0xaf, 0xff, 0xff, 0xff, 0xff, 0xff, 0xff, 0x90,
    0xaf, 0xff, 0xff, 0xff, 0xff, 0xff, 0xd7, 0x0,

    /* U+00A4 "¤" */
    0x0, 0x91, 0x0, 0x3, 0x67, 0x63, 0x0, 0x1,
    0x90, 0x0, 0xbf, 0xd1, 0x6e, 0xff, 0xff, 0xfd,
    0x61, 0xdf, 0xb0, 0xb, 0xff, 0xff, 0xff, 0xff,
    0xff, 0xff, 0xff, 0xfc, 0x0, 0xc, 0xff, 0xfd,
    0x62, 0x2, 0x6e, 0xff, 0xfc, 0x0, 0x0, 0x8f,
    0xfa, 0x0, 0x0, 0x0, 0x1b, 0xff, 0x60, 0x0,
    0x1f, 0xfc, 0x0, 0x0, 0x0, 0x0, 0xd, 0xfe,
    0x0, 0x6, 0xff, 0x30, 0x0, 0x0, 0x0, 0x0,
    0x5f, 0xf5, 0x0, 0xaf, 0xd0, 0x0, 0x0, 0x0,
    0x0, 0x0, 0xef, 0x90, 0xc, 0xfa, 0x0, 0x0,
    0x0, 0x0, 0x0, 0xc, 0xfb, 0x0, 0xcf, 0xa0,
    0x0, 0x0, 0x0, 0x0, 0x0, 0xbf, 0xb0, 0xb,
    0xfb, 0x0, 0x0, 0x0, 0x0, 0x0, 0xd, 0xfa,
    0x0, 0x8f, 0xf0, 0x0, 0x0, 0x0, 0x0, 0x2,
    0xff, 0x70, 0x3, 0xff, 0x70, 0x0, 0x0, 0x0,
    0x0, 0x9f, 0xf2, 0x0, 0xc, 0xff, 0x30, 0x0,
    0x0, 0x0, 0x5f, 0xfb, 0x0, 0x0, 0xaf, 0xff,
    0x60, 0x0, 0x0, 0x7f, 0xff, 0xa0, 0x0, 0xaf,
    0xff, 0xff, 0xea, 0x9a, 0xef, 0xff, 0xff, 0xa0,
    0xc, 0xfe, 0x5e, 0xff, 0xff, 0xff, 0xfd, 0x5e,
    0xfc, 0x0, 0x1b, 0x20, 0x6, 0xbe, 0xfe, 0xb6,
    0x0, 0x2b, 0x10, 0x0, 0x0, 0x0, 0x0, 0x0,
    0x0, 0x0, 0x0, 0x0, 0x0,

    /* U+00A5 "¥" */
    0x5f, 0xff, 0x60, 0x0, 0x0, 0xa, 0xff, 0xf2,
    0xd, 0xff, 0xd0, 0x0, 0x0, 0x1f, 0xff, 0xa0,
    0x6, 0xff, 0xf4, 0x0, 0x0, 0x8f, 0xff, 0x30,
    0x0, 0xef, 0xfb, 0x0, 0x0, 0xef, 0xfb, 0x0,
    0x0, 0x7f, 0xff, 0x20, 0x5, 0xff, 0xf4, 0x0,
    0x0, 0x1f, 0xff, 0x90, 0xc, 0xff, 0xc0, 0x0,
    0x0, 0x8, 0xff, 0xf0, 0x3f, 0xff, 0x50, 0x0,
    0x0, 0x1, 0xff, 0xf6, 0xaf, 0xfd, 0x0, 0x0,
    0x0, 0x0, 0x9f, 0xfe, 0xff, 0xf6, 0x0, 0x0,
    0x0, 0x0, 0x2f, 0xff, 0xff, 0xe0, 0x0, 0x0,
    0x5, 0xff, 0xff, 0xff, 0xff, 0xff, 0xfd, 0x0,
    0x5, 0xff, 0xff, 0xff, 0xff, 0xff, 0xfd, 0x0,
    0x1, 0x44, 0x44, 0xff, 0xfc, 0x44, 0x44, 0x0,
    0x0, 0x0, 0x0, 0xff, 0xfa, 0x0, 0x0, 0x0,
    0x5, 0xff, 0xff, 0xff, 0xff, 0xff, 0xfd, 0x0,
    0x5, 0xff, 0xff, 0xff, 0xff, 0xff, 0xfd, 0x0,
    0x1, 0x55, 0x55, 0xff, 0xfc, 0x55, 0x54, 0x0,
    0x0, 0x0, 0x0, 0xff, 0xfa, 0x0, 0x0, 0x0,
    0x0, 0x0, 0x0, 0xff, 0xfa, 0x0, 0x0, 0x0,
    0x0, 0x0, 0x0, 0xff, 0xfa, 0x0, 0x0, 0x0,
    0x0, 0x0, 0x0, 0xff, 0xfa, 0x0, 0x0, 0x0,

    /* U+00A6 "¦" */
    0x3f, 0xff, 0x3, 0xff, 0xf0, 0x3f, 0xff, 0x3,
    0xff, 0xf0, 0x3f, 0xff, 0x3, 0xff, 0xf0, 0x3f,
    0xff, 0x3, 0xff, 0xf0, 0x3f, 0xff, 0x2, 0xbb,
    0xb0, 0x0, 0x0, 0x0, 0x0, 0x0, 0x0, 0x0,
    0x0, 0x0, 0x0, 0x0, 0x0, 0x2, 0xcc, 0xc0,
    0x3f, 0xff, 0x3, 0xff, 0xf0, 0x3f, 0xff, 0x3,
    0xff, 0xf0, 0x3f, 0xff, 0x3, 0xff, 0xf0, 0x3f,
    0xff, 0x3, 0xff, 0xf0, 0x3f, 0xff, 0x0,

    /* U+00A7 "§" */
    0x0, 0x2, 0x9d, 0xff, 0xd8, 0x0, 0x0, 0x0,
    0x4f, 0xff, 0xff, 0xff, 0xd1, 0x0, 0x1, 0xef,
    0xff, 0xff, 0xff, 0xfa, 0x0, 0x6, 0xff, 0xf5,
    0x0, 0x7f, 0xff, 0x20, 0x8, 0xff, 0xb0, 0x0,
    0xb, 0xfe, 0x50, 0x8, 0xff, 0xc0, 0x0, 0x1,
    0x10, 0x0, 0x4, 0xff, 0xf6, 0x0, 0x0, 0x0,
    0x0, 0x0, 0xbf, 0xff, 0xc3, 0x0, 0x0, 0x0,
    0x0, 0x1b, 0xff, 0xff, 0xb3, 0x0, 0x0, 0x3,
    0xcf, 0xff, 0xff, 0xff, 0xb2, 0x0, 0x1f, 0xfb,
    0x1, 0x8f, 0xff, 0xff, 0x30, 0x7f, 0xf5, 0x0,
    0x1, 0x8f, 0xff, 0xe0, 0x8f, 0xf5, 0x0, 0x0,
    0x2, 0xef, 0xf5, 0x6f, 0xfd, 0x10, 0x0, 0x0,
    0x7f, 0xf7, 0xe, 0xff, 0xe7, 0x0, 0x0, 0x7f,
    0xf5, 0x3, 0xff, 0xff, 0xe7, 0x12, 0xdf, 0xd0,
    0x0, 0x2b, 0xff, 0xff, 0xff, 0xea, 0x10, 0x0,
    0x0, 0x4c, 0xff, 0xff, 0xb1, 0x0, 0x0, 0x0,
    0x0, 0x3c, 0xff, 0xfb, 0x0, 0x0, 0x0, 0x0,
    0x0, 0x7f, 0xff, 0x30, 0x0, 0x14, 0x0, 0x0,
    0xd, 0xff, 0x70, 0xd, 0xff, 0x50, 0x0, 0xd,
    0xff, 0x70, 0xb, 0xff, 0xe4, 0x1, 0x8f, 0xff,
    0x40, 0x3, 0xff, 0xff, 0xff, 0xff, 0xfd, 0x0,
    0x0, 0x5f, 0xff, 0xff, 0xff, 0xd2, 0x0, 0x0,
    0x2, 0x9d, 0xee, 0xb7, 0x0, 0x0,

    /* U+00A8 "¨" */
    0x7, 0xc9, 0x0, 0x7, 0xc8, 0x2, 0xff, 0xf5,
    0x3, 0xff, 0xf5, 0x3f, 0xff, 0x60, 0x4f, 0xff,
    0x50, 0x9f, 0xb0, 0x0, 0x9f, 0xa0,

    /* U+00A9 "©" */
    0x0, 0x0, 0x0, 0x16, 0xbd, 0xfe, 0xd9, 0x40,
    0x0, 0x0, 0x0, 0x0, 0x0, 0x7, 0xef, 0xff,
    0xff, 0xff, 0xfc, 0x30, 0x0, 0x0, 0x0, 0x0,
    0xbf, 0xff, 0xff, 0xff, 0xff, 0xff, 0xf6, 0x0,
    0x0, 0x0, 0xc, 0xff, 0xfd, 0x73, 0x11, 0x49,
    0xff, 0xff, 0x60, 0x0, 0x0, 0xaf, 0xff, 0x70,
    0x0, 0x0, 0x0, 0x2c, 0xff, 0xf3, 0x0, 0x4,
    0xff, 0xf6, 0x0, 0x27, 0xaa, 0x61, 0x0, 0xcf,
    0xfd, 0x0, 0xc, 0xff, 0x90, 0x8, 0xff, 0xff,
    0xfe, 0x50, 0x1e, 0xff, 0x50, 0x1f, 0xff, 0x10,
    0x8f, 0xff, 0xff, 0xff, 0xf4, 0x7, 0xff, 0xb0,
    0x6f, 0xfa, 0x2, 0xff, 0xe5, 0x1, 0x8f, 0xfd,
    0x1, 0xff, 0xf0, 0x9f, 0xf6, 0x9, 0xff, 0x40,
    0x0, 0xa, 0xff, 0x20, 0xdf, 0xf2, 0xaf, 0xf4,
    0xc, 0xfe, 0x0, 0x0, 0x0, 0x0, 0x0, 0xbf,
    0xf4, 0xaf, 0xf4, 0xc, 0xfd, 0x0, 0x0, 0x0,
    0x0, 0x0, 0xbf, 0xf3, 0x9f, 0xf6, 0xa, 0xff,
    0x20, 0x0, 0x7, 0xaa, 0x0, 0xdf, 0xf2, 0x6f,
    0xfa, 0x4, 0xff, 0xc1, 0x0, 0x4f, 0xfd, 0x1,
    0xff, 0xf0, 0x1f, 0xff, 0x10, 0xbf, 0xff, 0xcc,
    0xff, 0xf5, 0x7, 0xff, 0xb0, 0xc, 0xff, 0x90,
    0x1c, 0xff, 0xff, 0xff, 0x90, 0x1e, 0xff, 0x50,
    0x4, 0xff, 0xf6, 0x0, 0x6c, 0xfe, 0xb5, 0x0,
    0xcf, 0xfd, 0x0, 0x0, 0xaf, 0xff, 0x70, 0x0,
    0x0, 0x0, 0x2c, 0xff, 0xf3, 0x0, 0x0, 0xc,
    0xff, 0xfd, 0x72, 0x11, 0x49, 0xff, 0xff, 0x60,
    0x0, 0x0, 0x0, 0xbf, 0xff, 0xff, 0xff, 0xff,
    0xff, 0xf6, 0x0, 0x0, 0x0, 0x0, 0x7, 0xff,
    0xff, 0xff, 0xff, 0xfc, 0x30, 0x0, 0x0, 0x0,
    0x0, 0x0, 0x16, 0xbd, 0xfe, 0xd9, 0x40, 0x0,
    0x0, 0x0,

    /* U+00AA "ª" */
    0x0, 0x5, 0xbe, 0xfe, 0xa3, 0x0, 0x0, 0xbf,
    0xff, 0xff, 0xff, 0x60, 0x8, 0xff, 0xc5, 0x36,
    0xff, 0xf1, 0x2, 0x58, 0x0, 0x0, 0x9f, 0xf5,
    0x0, 0x0, 0x0, 0x25, 0xdf, 0xf6, 0x0, 0x4a,
    0xdf, 0xff, 0xff, 0xf6, 0x7, 0xff, 0xfe, 0xc9,
    0xbf, 0xf6, 0xf, 0xfe, 0x40, 0x0, 0x8f, 0xf6,
    0x2f, 0xfb, 0x0, 0x0, 0xcf, 0xf6, 0xf, 0xff,
    0x52, 0x3a, 0xff, 0xf6, 0x9, 0xff, 0xff, 0xff,
    0xaf, 0xf6, 0x0, 0x5c, 0xff, 0xb3, 0x6f, 0xf6,

    /* U+00AB "«" */
    0x0, 0x0, 0xa, 0xff, 0xf3, 0x8, 0xff, 0xf5,
    0x0, 0x0, 0x7f, 0xff, 0x60, 0x5f, 0xff, 0x80,
    0x0, 0x4, 0xff, 0xf9, 0x3, 0xff, 0xfb, 0x0,
    0x0, 0x2f, 0xff, 0xb0, 0x1e, 0xff, 0xd0, 0x0,
    0x1, 0xdf, 0xfe, 0x10, 0xcf, 0xfe, 0x20, 0x0,
    0xc, 0xff, 0xf3, 0xa, 0xff, 0xf4, 0x0, 0x0,
    0x8f, 0xff, 0x60, 0x6f, 0xff, 0x80, 0x0, 0x0,
    0x2e, 0xff, 0xd0, 0x1d, 0xff, 0xe1, 0x0, 0x0,
    0x4, 0xff, 0xfa, 0x2, 0xff, 0xfc, 0x0, 0x0,
    0x0, 0x6f, 0xff, 0x70, 0x4f, 0xff, 0x90, 0x0,
    0x0, 0x9, 0xff, 0xf4, 0x7, 0xff, 0xf6, 0x0,
    0x0, 0x0, 0xbf, 0xff, 0x20, 0xaf, 0xff, 0x30,
    0x0, 0x0, 0x1d, 0xff, 0xd0, 0xc, 0xff, 0xe1,
    0x0, 0x0, 0x2, 0x55, 0x52, 0x1, 0x55, 0x53,

    /* U+00AC "¬" */
    0x0, 0x0, 0x0, 0x0, 0x0, 0x0, 0x0, 0xf,
    0xff, 0xff, 0xff, 0xff, 0xff, 0xf0, 0xf, 0xff,
    0xff, 0xff, 0xff, 0xff, 0xf0, 0xf, 0xff, 0xff,
    0xff, 0xff, 0xff, 0xf0, 0x0, 0x0, 0x0, 0x0,
    0x0, 0xff, 0xf0, 0x0, 0x0, 0x0, 0x0, 0x0,
    0xff, 0xf0, 0x0, 0x0, 0x0, 0x0, 0x0, 0xff,
    0xf0, 0x0, 0x0, 0x0, 0x0, 0x0, 0x88, 0x80,

    /* U+00AE "®" */
    0x0, 0x0, 0x0, 0x0, 0x10, 0x0, 0x0, 0x0,
    0x0, 0x0, 0x1, 0x8d, 0xff, 0xfb, 0x60, 0x0,
    0x0, 0x0, 0x6, 0xff, 0xff, 0xff, 0xff, 0xd2,
    0x0, 0x0, 0x8, 0xff, 0xb5, 0x10, 0x27, 0xef,
    0xe2, 0x0, 0x4, 0xff, 0x70, 0x11, 0x10, 0x1,
    0xcf, 0xd0, 0x0, 0xdf, 0x80, 0x9f, 0xff, 0xf8,
    0x1, 0xdf, 0x70, 0x4f, 0xe0, 0x9, 0xf7, 0x4c,
    0xf4, 0x5, 0xfd, 0x8, 0xf8, 0x0, 0x9f, 0x40,
    0x7f, 0x70, 0xf, 0xf1, 0x9f, 0x60, 0x9, 0xf4,
    0x1b, 0xf5, 0x0, 0xdf, 0x39, 0xf6, 0x0, 0x9f,
    0xff, 0xfb, 0x0, 0xd, 0xf2, 0x7f, 0x90, 0x9,
    0xf6, 0x6f, 0xa0, 0x0, 0xff, 0x13, 0xfe, 0x0,
    0x9f, 0x40, 0xcf, 0x30, 0x6f, 0xc0, 0xc, 0xf9,
    0x5, 0xa2, 0x3, 0xa6, 0x1e, 0xf6, 0x0, 0x3f,
    0xf8, 0x0, 0x0, 0x0, 0x2d, 0xfc, 0x0, 0x0,
    0x6f, 0xfd, 0x63, 0x24, 0x9f, 0xfe, 0x10, 0x0,
    0x0, 0x5e, 0xff, 0xff, 0xff, 0xfb, 0x10, 0x0,
    0x0, 0x0, 0x17, 0xce, 0xfe, 0xa4, 0x0, 0x0,
    0x0,

    /* U+00AF "¯" */
    0x47, 0x77, 0x77, 0x77, 0x19, 0xff, 0xff, 0xff,
    0xf3, 0x9f, 0xff, 0xff, 0xff, 0x30,

    /* U+00B0 "°" */
    0x0, 0x8, 0xdf, 0xd7, 0x0, 0x0, 0x1d, 0xff,
    0xff, 0xfb, 0x0, 0xa, 0xff, 0xda, 0xef, 0xf8,
    0x1, 0xff, 0xb0, 0x1, 0xdf, 0xe0, 0x4f, 0xf4,
    0x0, 0x6, 0xff, 0x14, 0xff, 0x40, 0x0, 0x6f,
    0xf2, 0x1f, 0xfb, 0x0, 0xd, 0xfe, 0x0, 0xbf,
    0xfd, 0xae, 0xff, 0x80, 0x1, 0xdf, 0xff, 0xff,
    0xb0, 0x0, 0x0, 0x8d, 0xfd, 0x70, 0x0,

    /* U+00B1 "±" */
    0x0, 0x0, 0x7, 0xff, 0x90, 0x0, 0x0, 0x0,
    0x0, 0x7, 0xff, 0x90, 0x0, 0x0, 0x0, 0x0,
    0x7, 0xff, 0x90, 0x0, 0x0, 0x0, 0x0, 0x7,
    0xff, 0x90, 0x0, 0x0, 0xcf, 0xff, 0xff, 0xff,
    0xff, 0xff, 0xfd, 0xcf, 0xff, 0xff, 0xff, 0xff,
    0xff, 0xfd, 0xbf, 0xff, 0xff, 0xff, 0xff, 0xff,
    0xfd, 0x0, 0x0, 0x7, 0xff, 0x90, 0x0, 0x0,
    0x0, 0x0, 0x7, 0xff, 0x90, 0x0, 0x0, 0x0,
    0x0, 0x7, 0xff, 0x90, 0x0, 0x0, 0x0, 0x0,
    0x4, 0x99, 0x50, 0x0, 0x0, 0x0, 0x0, 0x0,
    0x0, 0x0, 0x0, 0x0, 0xcf, 0xff, 0xff, 0xff,
    0xff, 0xff, 0xfd, 0xcf, 0xff, 0xff, 0xff, 0xff,
    0xff, 0xfd, 0xcf, 0xff, 0xff, 0xff, 0xff, 0xff,
    0xfd, 0x1, 0x11, 0x11, 0x11, 0x11, 0x11, 0x10,

    /* U+00B2 "²" */
    0x0, 0x6c, 0xef, 0xd9, 0x20, 0x0, 0xcf, 0xff,
    0xff, 0xff, 0x30, 0x6f, 0xfc, 0x54, 0xaf, 0xfc,
    0x6, 0xbb, 0x20, 0x0, 0xef, 0xf0, 0x0, 0x0,
    0x0, 0x2f, 0xfd, 0x0, 0x0, 0x0, 0x2d, 0xff,
    0x70, 0x0, 0x0, 0x4e, 0xff, 0xa0, 0x0, 0x0,
    0x6f, 0xff, 0x80, 0x0, 0x0, 0x9f, 0xfe, 0x30,
    0x0, 0x1, 0xcf, 0xff, 0x75, 0x55, 0x51, 0x6f,
    0xff, 0xff, 0xff, 0xff, 0x56, 0xff, 0xff, 0xff,
    0xff, 0xf5,

    /* U+00B3 "³" */
    0x0, 0x4a, 0xef, 0xeb, 0x30, 0x0, 0x7f, 0xff,
    0xff, 0xff, 0x50, 0x2f, 0xfe, 0x75, 0x8f, 0xff,
    0x3, 0x99, 0x40, 0x0, 0xbf, 0xf2, 0x0, 0x0,
    0x0, 0x1e, 0xfe, 0x0, 0x0, 0xc, 0xdf, 0xfb,
    0x20, 0x0, 0x0, 0xff, 0xff, 0xb5, 0x0, 0x0,
    0x0, 0x3, 0xdf, 0xf5, 0x47, 0x72, 0x0, 0x8,
    0xff, 0xa6, 0xff, 0xe7, 0x58, 0xff, 0xf7, 0xb,
    0xff, 0xff, 0xff, 0xfc, 0x0, 0x5, 0xbe, 0xfe,
    0xb6, 0x0,

    /* U+00B4 "´" */
    0x0, 0x45, 0x52, 0x2, 0xff, 0xf2, 0x9, 0xff,
    0x70, 0x1f, 0xfd, 0x0, 0x7f, 0xf3, 0x0,

    /* U+00B5 "µ" */
    0x1f, 0xff, 0x60, 0x0, 0x0, 0x4f, 0xff, 0x40,
    0x1, 0xff, 0xf6, 0x0, 0x0, 0x4, 0xff, 0xf4,
    0x0, 0x1f, 0xff, 0x60, 0x0, 0x0, 0x4f, 0xff,
    0x40, 0x1, 0xff, 0xf6, 0x0, 0x0, 0x4, 0xff,
    0xf4, 0x0, 0x1f, 0xff, 0x60, 0x0, 0x0, 0x4f,
    0xff, 0x40, 0x1, 0xff, 0xf6, 0x0, 0x0, 0x4,
    0xff, 0xf4, 0x0, 0x1f, 0xff, 0x60, 0x0, 0x0,
    0x4f, 0xff, 0x40, 0x1, 0xff, 0xf6, 0x0, 0x0,
    0x4, 0xff, 0xf4, 0x0, 0x1f, 0xff, 0x60, 0x0,
    0x0, 0x4f, 0xff, 0x40, 0x1, 0xff, 0xf6, 0x0,
    0x0, 0x4, 0xff, 0xf4, 0x0, 0x1f, 0xff, 0x80,
    0x0, 0x0, 0x6f, 0xff, 0x40, 0x1, 0xff, 0xfd,
    0x0, 0x0, 0xb, 0xff, 0xf4, 0x0, 0x1f, 0xff,
    0xf9, 0x0, 0x7, 0xff, 0xff, 0x60, 0x1, 0xff,
    0xff, 0xff, 0xdf, 0xff, 0xff, 0xff, 0xd0, 0x1f,
    0xff, 0x9f, 0xff, 0xff, 0x78, 0xff, 0xff, 0x11,
    0xff, 0xf6, 0x3c, 0xfd, 0x60, 0x7, 0xdf, 0xf1,
    0x1f, 0xff, 0x60, 0x0, 0x0, 0x0, 0x0, 0x0,
    0x1, 0xff, 0xf6, 0x0, 0x0, 0x0, 0x0, 0x0,
    0x0, 0x1f, 0xff, 0x60, 0x0, 0x0, 0x0, 0x0,
    0x0, 0x1, 0xff, 0xf6, 0x0, 0x0, 0x0, 0x0,
    0x0, 0x0, 0x1f, 0xff, 0x60, 0x0, 0x0, 0x0,
    0x0, 0x0, 0x1, 0xff, 0xf6, 0x0, 0x0, 0x0,
    0x0, 0x0, 0x0,

    /* U+00B6 "¶" */
    0x0, 0x2, 0x9d, 0xff, 0xff, 0xff, 0xfc, 0x0,
    0x7f, 0xff, 0xff, 0xff, 0xff, 0xfc, 0x7, 0xff,
    0xff, 0xff, 0xff, 0xff, 0xfc, 0x1f, 0xff, 0xff,
    0xff, 0x30, 0x5f, 0xfc, 0x7f, 0xff, 0xff, 0xff,
    0x30, 0x5f, 0xfc, 0xaf, 0xff, 0xff, 0xff, 0x30,
    0x5f, 0xfc, 0xcf, 0xff, 0xff, 0xff, 0x30, 0x5f,
    0xfc, 0xaf, 0xff, 0xff, 0xff, 0x30, 0x5f, 0xfc,
    0x8f, 0xff, 0xff, 0xff, 0x30, 0x5f, 0xfc, 0x2f,
    0xff, 0xff, 0xff, 0x30, 0x5f, 0xfc, 0xa, 0xff,
    0xff, 0xff, 0x30, 0x5f, 0xfc, 0x0, 0xbf, 0xff,
    0xff, 0x30, 0x5f, 0xfc, 0x0, 0x6, 0xcf, 0xff,
    0x30, 0x5f, 0xfc, 0x0, 0x0, 0x0, 0x23, 0x0,
    0x5f, 0xfc, 0x0, 0x0, 0x0, 0x0, 0x0, 0x5f,
    0xfc, 0x0, 0x0, 0x0, 0x0, 0x0, 0x5f, 0xfc,
    0x0, 0x0, 0x0, 0x0, 0x0, 0x5f, 0xfc, 0x0,
    0x0, 0x0, 0x0, 0x0, 0x5f, 0xfc, 0x0, 0x0,
    0x0, 0x0, 0x0, 0x5f, 0xfc, 0x0, 0x0, 0x0,
    0x0, 0x0, 0x5f, 0xfc, 0x0, 0x0, 0x0, 0x0,
    0x0, 0x5f, 0xfc,

    /* U+00B7 "·" */
    0x3, 0x73, 0x5, 0xff, 0xf3, 0xaf, 0xff, 0x99,
    0xff, 0xf7, 0x1b, 0xfb, 0x0,

    /* U+00B8 "¸" */
    0x0, 0x20, 0x0, 0x4, 0xf4, 0x0, 0x6, 0xf7,
    0x10, 0x9, 0xff, 0xf6, 0x0, 0x5, 0xfd, 0x19,
    0x9c, 0xfc, 0x2f, 0xfe, 0xb2,

    /* U+00B9 "¹" */
    0x0, 0x7f, 0xff, 0x73, 0xdf, 0xff, 0xf7, 0x8f,
    0xfd, 0xff, 0x78, 0xc3, 0x7f, 0xf7, 0x20, 0x7,
    0xff, 0x70, 0x0, 0x7f, 0xf7, 0x0, 0x7, 0xff,
    0x70, 0x0, 0x7f, 0xf7, 0x0, 0x7, 0xff, 0x70,
    0x0, 0x7f, 0xf7, 0x0, 0x7, 0xff, 0x70, 0x0,
    0x7f, 0xf7,

    /* U+00BA "º" */
    0x0, 0x2, 0x8d, 0xfe, 0xc6, 0x0, 0x0, 0x4,
    0xff, 0xff, 0xff, 0xfc, 0x10, 0x1, 0xff, 0xfa,
    0x56, 0xdf, 0xfb, 0x0, 0x9f, 0xfa, 0x0, 0x1,
    0xef, 0xf3, 0xd, 0xff, 0x20, 0x0, 0x8, 0xff,
    0x80, 0xff, 0xf0, 0x0, 0x0, 0x5f, 0xfa, 0xf,
    0xff, 0x0, 0x0, 0x5, 0xff, 0xa0, 0xef, 0xf2,
    0x0, 0x0, 0x8f, 0xf8, 0x9, 0xff, 0xa0, 0x0,
    0xe, 0xff, 0x30, 0x2f, 0xff, 0xa5, 0x6d, 0xff,
    0xb0, 0x0, 0x4f, 0xff, 0xff, 0xff, 0xc1, 0x0,
    0x0, 0x29, 0xdf, 0xec, 0x60, 0x0,

    /* U+00BB "»" */
    0x8f, 0xff, 0x40, 0x6f, 0xff, 0x60, 0x0, 0x0,
    0xb, 0xff, 0xf2, 0x9, 0xff, 0xf4, 0x0, 0x0,
    0x1, 0xdf, 0xfd, 0x10, 0xcf, 0xfe, 0x20, 0x0,
    0x0, 0x2f, 0xff, 0xb0, 0x1e, 0xff, 0xd0, 0x0,
    0x0, 0x5, 0xff, 0xf9, 0x3, 0xff, 0xfb, 0x0,
    0x0, 0x0, 0x8f, 0xff, 0x60, 0x6f, 0xff, 0x80,
    0x0, 0x0, 0xc, 0xff, 0xf2, 0xa, 0xff, 0xf4,
    0x0, 0x0, 0x4f, 0xff, 0xa0, 0x2f, 0xff, 0xc0,
    0x0, 0x2, 0xef, 0xfd, 0x1, 0xdf, 0xfe, 0x10,
    0x0, 0xd, 0xff, 0xe1, 0xb, 0xff, 0xf3, 0x0,
    0x0, 0xaf, 0xff, 0x30, 0x8f, 0xff, 0x50, 0x0,
    0x7, 0xff, 0xf6, 0x5, 0xff, 0xf8, 0x0, 0x0,
    0x4f, 0xff, 0x90, 0x3f, 0xff, 0xa0, 0x0, 0x0,
    0x45, 0x55, 0x0, 0x35, 0x55, 0x0, 0x0, 0x0,

    /* U+00BC "¼" */
    0x1, 0x9a, 0xa3, 0x0, 0x0, 0x0, 0x0, 0x4,
    0xaa, 0x20, 0x0, 0x3e, 0xff, 0xf5, 0x0, 0x0,
    0x0, 0x0, 0xe, 0xfb, 0x0, 0x0, 0xef, 0xdf,
    0xf5, 0x0, 0x0, 0x0, 0x0, 0x9f, 0xf1, 0x0,
    0x0, 0xe8, 0x4f, 0xf5, 0x0, 0x0, 0x0, 0x4,
    0xff, 0x60, 0x0, 0x0, 0x30, 0x4f, 0xf5, 0x0,
    0x0, 0x0, 0xe, 0xfb, 0x0, 0x0, 0x0, 0x0,
    0x4f, 0xf5, 0x0, 0x0, 0x0, 0x9f, 0xf1, 0x0,
    0x0, 0x0, 0x0, 0x4f, 0xf5, 0x0, 0x0, 0x4,
    0xff, 0x60, 0x0, 0x0, 0x0, 0x0, 0x4f, 0xf5,
    0x0, 0x0, 0xe, 0xfb, 0x0, 0x0, 0x0, 0x0,
    0x0, 0x4f, 0xf5, 0x0, 0x0, 0x9f, 0xf2, 0x0,
    0x0, 0x0, 0x0, 0x0, 0x4f, 0xf5, 0x0, 0x4,
    0xff, 0x60, 0x0, 0x13, 0x33, 0x0, 0x0, 0x4f,
    0xf5, 0x0, 0xd, 0xfc, 0x0, 0x0, 0xaf, 0xff,
    0x0, 0x0, 0x4f, 0xf5, 0x0, 0x9f, 0xf2, 0x0,
    0x3, 0xff, 0xff, 0x0, 0x0, 0x0, 0x0, 0x3,
    0xff, 0x60, 0x0, 0xc, 0xff, 0xff, 0x0, 0x0,
    0x0, 0x0, 0xd, 0xfc, 0x0, 0x0, 0x4f, 0xf9,
    0xff, 0x0, 0x0, 0x0, 0x0, 0x9f, 0xf2, 0x0,
    0x0, 0xdf, 0x97, 0xff, 0x0, 0x0, 0x0, 0x3,
    0xff, 0x70, 0x0, 0x6, 0xff, 0x27, 0xff, 0x0,
    0x0, 0x0, 0xd, 0xfc, 0x0, 0x0, 0xe, 0xf9,
    0x7, 0xff, 0x0, 0x0, 0x0, 0x8f, 0xf2, 0x0,
    0x0, 0x7f, 0xf4, 0x28, 0xff, 0x20, 0x0, 0x3,
    0xff, 0x70, 0x0, 0x0, 0xbf, 0xff, 0xff, 0xff,
    0xf4, 0x0, 0xd, 0xfc, 0x0, 0x0, 0x0, 0xbf,
    0xff, 0xff, 0xff, 0xf4, 0x0, 0x8f, 0xf2, 0x0,
    0x0, 0x0, 0x0, 0x0, 0x8, 0xff, 0x0, 0x0,
    0x78, 0x50, 0x0, 0x0, 0x0, 0x0, 0x0, 0x4,
    0x87, 0x0,

    /* U+00BD "½" */
    0x0, 0x34, 0x41, 0x0, 0x0, 0x0, 0x0, 0x1,
    0x44, 0x10, 0x0, 0x0, 0xaf, 0xff, 0x50, 0x0,
    0x0, 0x0, 0x0, 0xbf, 0xe0, 0x0, 0x0, 0xcf,
    0xff, 0xf5, 0x0, 0x0, 0x0, 0x0, 0x6f, 0xf4,
    0x0, 0x0, 0xe, 0xc5, 0xff, 0x50, 0x0, 0x0,
    0x0, 0x1f, 0xfa, 0x0, 0x0, 0x0, 0x80, 0x4f,
    0xf5, 0x0, 0x0, 0x0, 0xb, 0xfe, 0x10, 0x0,
    0x0, 0x0, 0x4, 0xff, 0x50, 0x0, 0x0, 0x5,
    0xff, 0x50, 0x0, 0x0, 0x0, 0x0, 0x4f, 0xf5,
    0x0, 0x0, 0x1, 0xef, 0xa0, 0x0, 0x0, 0x0,
    0x0, 0x4, 0xff, 0x50, 0x0, 0x0, 0xaf, 0xe1,
    0x0, 0x0, 0x0, 0x0, 0x0, 0x4f, 0xf5, 0x0,
    0x0, 0x5f, 0xf5, 0x0, 0x0, 0x0, 0x0, 0x0,
    0x4, 0xff, 0x50, 0x0, 0x1e, 0xfa, 0x0, 0x0,
    0x0, 0x0, 0x0, 0x0, 0x4f, 0xf5, 0x0, 0xa,
    0xfe, 0x10, 0x3, 0xbe, 0xec, 0x40, 0x0, 0x4,
    0xff, 0x50, 0x4, 0xff, 0x50, 0x4, 0xff, 0xff,
    0xff, 0x60, 0x0, 0x15, 0x51, 0x1, 0xef, 0xb0,
    0x0, 0xcf, 0xe6, 0x7e, 0xfe, 0x0, 0x0, 0x0,
    0x0, 0x9f, 0xf1, 0x0, 0x6, 0x74, 0x0, 0x8f,
    0xf0, 0x0, 0x0, 0x0, 0x4f, 0xf6, 0x0, 0x0,
    0x0, 0x0, 0x9, 0xfd, 0x0, 0x0, 0x0, 0xe,
    0xfb, 0x0, 0x0, 0x0, 0x0, 0x4, 0xff, 0x50,
    0x0, 0x0, 0x9, 0xff, 0x20, 0x0, 0x0, 0x0,
    0x3, 0xff, 0xa0, 0x0, 0x0, 0x4, 0xff, 0x60,
    0x0, 0x0, 0x0, 0x3, 0xff, 0xc0, 0x0, 0x0,
    0x0, 0xdf, 0xc0, 0x0, 0x0, 0x0, 0x3, 0xef,
    0xd1, 0x0, 0x0, 0x0, 0x9f, 0xf2, 0x0, 0x0,
    0x0, 0x2, 0xef, 0xf6, 0x44, 0x40, 0x0, 0x3f,
    0xf7, 0x0, 0x0, 0x0, 0x0, 0xbf, 0xff, 0xff,
    0xff, 0x30, 0xd, 0xfc, 0x0, 0x0, 0x0, 0x0,
    0xb, 0xff, 0xff, 0xff, 0xf3,

    /* U+00BE "¾" */
    0x0, 0x0, 0x20, 0x0, 0x0, 0x0, 0x0, 0x0,
    0x0, 0x22, 0x10, 0x0, 0x3, 0xcf, 0xff, 0xb2,
    0x0, 0x0, 0x0, 0x0, 0x8, 0xff, 0x20, 0x0,
    0x3f, 0xff, 0xff, 0xfe, 0x0, 0x0, 0x0, 0x0,
    0x3f, 0xf7, 0x0, 0x0, 0x6c, 0xb3, 0x6, 0xff,
    0x50, 0x0, 0x0, 0x0, 0xdf, 0xc0, 0x0, 0x0,
    0x0, 0x0, 0x7, 0xff, 0x20, 0x0, 0x0, 0x8,
    0xff, 0x20, 0x0, 0x0, 0x0, 0xe, 0xff, 0xd6,
    0x0, 0x0, 0x0, 0x3f, 0xf6, 0x0, 0x0, 0x0,
    0x0, 0xe, 0xff, 0xe8, 0x0, 0x0, 0x0, 0xdf,
    0xc0, 0x0, 0x0, 0x0, 0x0, 0x0, 0x7, 0xff,
    0x80, 0x0, 0x9, 0xff, 0x20, 0x0, 0x0, 0x0,
    0x0, 0x0, 0x0, 0xff, 0xc0, 0x0, 0x4f, 0xf6,
    0x0, 0x0, 0x0, 0x0, 0x9c, 0xb3, 0x6, 0xff,
    0xb0, 0x0, 0xef, 0xb0, 0x0, 0x0, 0x0, 0x0,
    0x7f, 0xff, 0xff, 0xff, 0x40, 0xa, 0xff, 0x10,
    0x0, 0x7f, 0xff, 0x10, 0x6, 0xef, 0xff, 0xd4,
    0x0, 0x4f, 0xf5, 0x0, 0x1, 0xef, 0xff, 0x10,
    0x0, 0x2, 0x31, 0x0, 0x1, 0xef, 0xb0, 0x0,
    0x9, 0xff, 0xff, 0x10, 0x0, 0x0, 0x0, 0x0,
    0xa, 0xfe, 0x10, 0x0, 0x2f, 0xf9, 0xff, 0x10,
    0x0, 0x0, 0x0, 0x0, 0x5f, 0xf5, 0x0, 0x0,
    0xaf, 0xc5, 0xff, 0x10, 0x0, 0x0, 0x0, 0x1,
    0xef, 0xa0, 0x0, 0x3, 0xff, 0x35, 0xff, 0x10,
    0x0, 0x0, 0x0, 0xb, 0xfe, 0x10, 0x0, 0xc,
    0xfb, 0x5, 0xff, 0x10, 0x0, 0x0, 0x0, 0x5f,
    0xf4, 0x0, 0x0, 0x5f, 0xf5, 0x26, 0xff, 0x31,
    0x0, 0x0, 0x1, 0xef, 0xa0, 0x0, 0x0, 0x9f,
    0xff, 0xff, 0xff, 0xf6, 0x0, 0x0, 0xb, 0xfe,
    0x0, 0x0, 0x0, 0x9f, 0xff, 0xff, 0xff, 0xf6,
    0x0, 0x0, 0x6f, 0xf4, 0x0, 0x0, 0x0, 0x0,
    0x0, 0x6, 0xff, 0x10, 0x0, 0x0, 0x78, 0x60,
    0x0, 0x0, 0x0, 0x0, 0x0, 0x3, 0x88, 0x0,

    /* U+00BF "¿" */
    0x0, 0x0, 0x3, 0xdf, 0x90, 0x0, 0x0, 0x0,
    0x0, 0xd, 0xff, 0xf5, 0x0, 0x0, 0x0, 0x0,
    0xe, 0xff, 0xf7, 0x0, 0x0, 0x0, 0x0, 0x8,
    0xff, 0xf2, 0x0, 0x0, 0x0, 0x0, 0x0, 0x46,
    0x10, 0x0, 0x0, 0x0, 0x0, 0x0, 0x0, 0x0,
    0x0, 0x0, 0x0, 0x0, 0x1, 0x44, 0x30, 0x0,
    0x0, 0x0, 0x0, 0x6, 0xff, 0xe0, 0x0, 0x0,
    0x0, 0x0, 0x8, 0xff, 0xd0, 0x0, 0x0, 0x0,
    0x0, 0xe, 0xff, 0xa0, 0x0, 0x0, 0x0, 0x1,
    0xcf, 0xff, 0x50, 0x0, 0x0, 0x0, 0x4e, 0xff,
    0xfb, 0x0, 0x0, 0x0, 0x5, 0xff, 0xff, 0xa0,
    0x0, 0x0, 0x0, 0xf, 0xff, 0xf6, 0x0, 0x0,
    0x0, 0x0, 0x6f, 0xff, 0x80, 0x0, 0x0, 0x0,
    0x0, 0x9f, 0xff, 0x10, 0x0, 0x0, 0x0, 0x0,
    0x9f, 0xff, 0x0, 0x0, 0x7, 0xff, 0xf0, 0x7f,
    0xff, 0x50, 0x0, 0xc, 0xff, 0xe0, 0x3f, 0xff,
    0xe5, 0x12, 0xaf, 0xff, 0x90, 0xa, 0xff, 0xff,
    0xff, 0xff, 0xfe, 0x10, 0x0, 0xbf, 0xff, 0xff,
    0xff, 0xe3, 0x0, 0x0, 0x4, 0xae, 0xfe, 0xc7,
    0x0, 0x0,

    /* U+00C0 "À" */
    0x0, 0x0, 0x0, 0x35, 0x53, 0x0, 0x0, 0x0,
    0x0, 0x0, 0x0, 0x0, 0x0, 0x5f, 0xfe, 0x0,
    0x0, 0x0, 0x0, 0x0, 0x0, 0x0, 0x0, 0xb,
    0xff, 0x60, 0x0, 0x0, 0x0, 0x0, 0x0, 0x0,
    0x0, 0x1, 0xff, 0xd0, 0x0, 0x0, 0x0, 0x0,
    0x0, 0x0, 0x0, 0x0, 0x6f, 0xf4, 0x0, 0x0,
    0x0, 0x0, 0x0, 0x0, 0x0, 0x0, 0x0, 0x0,
    0x0, 0x0, 0x0, 0x0, 0x0, 0x0, 0x0, 0x0,
    0x0, 0x0, 0x0, 0x0, 0x0, 0x0, 0x0, 0x0,
    0x0, 0x6, 0xff, 0xff, 0x90, 0x0, 0x0, 0x0,
    0x0, 0x0, 0x0, 0xb, 0xff, 0xff, 0xe0, 0x0,
    0x0, 0x0, 0x0, 0x0, 0x0, 0x1f, 0xff, 0xff,
    0xf4, 0x0, 0x0, 0x0, 0x0, 0x0, 0x0, 0x6f,
    0xff, 0xcf, 0xfa, 0x0, 0x0, 0x0, 0x0, 0x0,
    0x0, 0xbf, 0xfb, 0x8f, 0xff, 0x0, 0x0, 0x0,
    0x0, 0x0, 0x1, 0xff, 0xf7, 0x4f, 0xff, 0x50,
    0x0, 0x0, 0x0, 0x0, 0x6, 0xff, 0xf3, 0xf,
    0xff, 0xa0, 0x0, 0x0, 0x0, 0x0, 0xb, 0xff,
    0xe0, 0xb, 0xff, 0xf0, 0x0, 0x0, 0x0, 0x0,
    0x1f, 0xff, 0xa0, 0x7, 0xff, 0xf5, 0x0, 0x0,
    0x0, 0x0, 0x6f, 0xff, 0x60, 0x2, 0xff, 0xfb,
    0x0, 0x0, 0x0, 0x0, 0xcf, 0xff, 0x10, 0x0,
    0xdf, 0xff, 0x10, 0x0, 0x0, 0x1, 0xff, 0xfc,
    0x0, 0x0, 0x8f, 0xff, 0x60, 0x0, 0x0, 0x7,
    0xff, 0xf7, 0x0, 0x0, 0x3f, 0xff, 0xc0, 0x0,
    0x0, 0xc, 0xff, 0xff, 0xff, 0xff, 0xff, 0xff,
    0xf1, 0x0, 0x0, 0x1f, 0xff, 0xff, 0xff, 0xff,
    0xff, 0xff, 0xf7, 0x0, 0x0, 0x7f, 0xff, 0xff,
    0xff, 0xff, 0xff, 0xff, 0xfc, 0x0, 0x0, 0xcf,
    0xff, 0x20, 0x0, 0x0, 0x0, 0xdf, 0xff, 0x20,
    0x2, 0xff, 0xfd, 0x0, 0x0, 0x0, 0x0, 0x8f,
    0xff, 0x70, 0x7, 0xff, 0xf8, 0x0, 0x0, 0x0,
    0x0, 0x2f, 0xff, 0xd0, 0xc, 0xff, 0xf2, 0x0,
    0x0, 0x0, 0x0, 0xd, 0xff, 0xf2, 0x2f, 0xff,
    0xd0, 0x0, 0x0, 0x0, 0x0, 0x7, 0xff, 0xf8,

    /* U+00C1 "Á" */
    0x0, 0x0, 0x0, 0x0, 0x0, 0x15, 0x55, 0x0,
    0x0, 0x0, 0x0, 0x0, 0x0, 0x0, 0x0, 0xaf,
    0xfa, 0x0, 0x0, 0x0, 0x0, 0x0, 0x0, 0x0,
    0x1, 0xff, 0xe1, 0x0, 0x0, 0x0, 0x0, 0x0,
    0x0, 0x0, 0x8, 0xff, 0x50, 0x0, 0x0, 0x0,
    0x0, 0x0, 0x0, 0x0, 0xe, 0xfb, 0x0, 0x0,
    0x0, 0x0, 0x0, 0x0, 0x0, 0x0, 0x0, 0x0,
    0x0, 0x0, 0x0, 0x0, 0x0, 0x0, 0x0, 0x0,
    0x0, 0x0, 0x0, 0x0, 0x0, 0x0, 0x0, 0x0,
    0x0, 0x6, 0xff, 0xff, 0x90, 0x0, 0x0, 0x0,
    0x0, 0x0, 0x0, 0xb, 0xff, 0xff, 0xe0, 0x0,
    0x0, 0x0, 0x0, 0x0, 0x0, 0x1f, 0xff, 0xff,
    0xf4, 0x0, 0x0, 0x0, 0x0, 0x0, 0x0, 0x6f,
    0xff, 0xcf, 0xfa, 0x0, 0x0, 0x0, 0x0, 0x0,
    0x0, 0xbf, 0xfb, 0x8f, 0xff, 0x0, 0x0, 0x0,
    0x0, 0x0, 0x1, 0xff, 0xf7, 0x4f, 0xff, 0x50,
    0x0, 0x0, 0x0, 0x0, 0x6, 0xff, 0xf3, 0xf,
    0xff, 0xa0, 0x0, 0x0, 0x0, 0x0, 0xb, 0xff,
    0xe0, 0xb, 0xff, 0xf0, 0x0, 0x0, 0x0, 0x0,
    0x1f, 0xff, 0xa0, 0x7, 0xff, 0xf5, 0x0, 0x0,
    0x0, 0x0, 0x6f, 0xff, 0x60, 0x2, 0xff, 0xfb,
    0x0, 0x0, 0x0, 0x0, 0xcf, 0xff, 0x10, 0x0,
    0xdf, 0xff, 0x10, 0x0, 0x0, 0x1, 0xff, 0xfc,
    0x0, 0x0, 0x8f, 0xff, 0x60, 0x0, 0x0, 0x7,
    0xff, 0xf7, 0x0, 0x0, 0x3f, 0xff, 0xc0, 0x0,
    0x0, 0xc, 0xff, 0xff, 0xff, 0xff, 0xff, 0xff,
    0xf1, 0x0, 0x0, 0x1f, 0xff, 0xff, 0xff, 0xff,
    0xff, 0xff, 0xf7, 0x0, 0x0, 0x7f, 0xff, 0xff,
    0xff, 0xff, 0xff, 0xff, 0xfc, 0x0, 0x0, 0xcf,
    0xff, 0x20, 0x0, 0x0, 0x0, 0xdf, 0xff, 0x20,
    0x2, 0xff, 0xfd, 0x0, 0x0, 0x0, 0x0, 0x8f,
    0xff, 0x70, 0x7, 0xff, 0xf8, 0x0, 0x0, 0x0,
    0x0, 0x2f, 0xff, 0xd0, 0xc, 0xff, 0xf2, 0x0,
    0x0, 0x0, 0x0, 0xd, 0xff, 0xf2, 0x2f, 0xff,
    0xd0, 0x0, 0x0, 0x0, 0x0, 0x7, 0xff, 0xf8,

    /* U+00C2 "Â" */
    0x0, 0x0, 0x0, 0x0, 0x38, 0x86, 0x0, 0x0,
    0x0, 0x0, 0x0, 0x0, 0x0, 0x2, 0xff, 0xff,
    0x60, 0x0, 0x0, 0x0, 0x0, 0x0, 0x0, 0x1e,
    0xfe, 0xcf, 0xf4, 0x0, 0x0, 0x0, 0x0, 0x0,
    0x0, 0xcf, 0xf5, 0x1e, 0xfe, 0x20, 0x0, 0x0,
    0x0, 0x0, 0xa, 0xff, 0x90, 0x4, 0xff, 0xd0,
    0x0, 0x0, 0x0, 0x0, 0x0, 0x0, 0x0, 0x0,
    0x0, 0x0, 0x0, 0x0, 0x0, 0x0, 0x0, 0x0,
    0x0, 0x0, 0x0, 0x0, 0x0, 0x0, 0x0, 0x0,
    0x0, 0x6, 0xff, 0xff, 0x90, 0x0, 0x0, 0x0,
    0x0, 0x0, 0x0, 0xb, 0xff, 0xff, 0xe0, 0x0,
    0x0, 0x0, 0x0, 0x0, 0x0, 0x1f, 0xff, 0xff,
    0xf4, 0x0, 0x0, 0x0, 0x0, 0x0, 0x0, 0x6f,
    0xff, 0xcf, 0xfa, 0x0, 0x0, 0x0, 0x0, 0x0,
    0x0, 0xbf, 0xfb, 0x8f, 0xff, 0x0, 0x0, 0x0,
    0x0, 0x0, 0x1, 0xff, 0xf7, 0x4f, 0xff, 0x50,
    0x0, 0x0, 0x0, 0x0, 0x6, 0xff, 0xf3, 0xf,
    0xff, 0xa0, 0x0, 0x0, 0x0, 0x0, 0xb, 0xff,
    0xe0, 0xb, 0xff, 0xf0, 0x0, 0x0, 0x0, 0x0,
    0x1f, 0xff, 0xa0, 0x7, 0xff, 0xf5, 0x0, 0x0,
    0x0, 0x0, 0x6f, 0xff, 0x60, 0x2, 0xff, 0xfb,
    0x0, 0x0, 0x0, 0x0, 0xcf, 0xff, 0x10, 0x0,
    0xdf, 0xff, 0x10, 0x0, 0x0, 0x1, 0xff, 0xfc,
    0x0, 0x0, 0x8f, 0xff, 0x60, 0x0, 0x0, 0x7,
    0xff, 0xf7, 0x0, 0x0, 0x3f, 0xff, 0xc0, 0x0,
    0x0, 0xc, 0xff, 0xff, 0xff, 0xff, 0xff, 0xff,
    0xf1, 0x0, 0x0, 0x1f, 0xff, 0xff, 0xff, 0xff,
    0xff, 0xff, 0xf7, 0x0, 0x0, 0x7f, 0xff, 0xff,
    0xff, 0xff, 0xff, 0xff, 0xfc, 0x0, 0x0, 0xcf,
    0xff, 0x20, 0x0, 0x0, 0x0, 0xdf, 0xff, 0x20,
    0x2, 0xff, 0xfd, 0x0, 0x0, 0x0, 0x0, 0x8f,
    0xff, 0x70, 0x7, 0xff, 0xf8, 0x0, 0x0, 0x0,
    0x0, 0x2f, 0xff, 0xd0, 0xc, 0xff, 0xf2, 0x0,
    0x0, 0x0, 0x0, 0xd, 0xff, 0xf2, 0x2f, 0xff,
    0xd0, 0x0, 0x0, 0x0, 0x0, 0x7, 0xff, 0xf8,

    /* U+00C3 "Ã" */
    0x0, 0x0, 0x0, 0x3d, 0xfc, 0x61, 0x9f, 0x90,
    0x0, 0x0, 0x0, 0x0, 0x0, 0xef, 0xff, 0xff,
    0xff, 0x50, 0x0, 0x0, 0x0, 0x0, 0x3, 0xff,
    0x47, 0xef, 0xfa, 0x0, 0x0, 0x0, 0x0, 0x0,
    0x1, 0x32, 0x0, 0x2, 0x10, 0x0, 0x0, 0x0,
    0x0, 0x0, 0x0, 0x0, 0x0, 0x0, 0x0, 0x0,
    0x0, 0x0, 0x0, 0x0, 0x0, 0x0, 0x0, 0x0,
    0x0, 0x0, 0x0, 0x0, 0x0, 0x0, 0x0, 0x6,
    0xff, 0xff, 0x90, 0x0, 0x0, 0x0, 0x0, 0x0,
    0x0, 0xb, 0xff, 0xff, 0xe0, 0x0, 0x0, 0x0,
    0x0, 0x0, 0x0, 0x1f, 0xff, 0xff, 0xf4, 0x0,
    0x0, 0x0, 0x0, 0x0, 0x0, 0x6f, 0xff, 0xcf,
    0xfa, 0x0, 0x0, 0x0, 0x0, 0x0, 0x0, 0xbf,
    0xfb, 0x8f, 0xff, 0x0, 0x0, 0x0, 0x0, 0x0,
    0x1, 0xff, 0xf7, 0x4f, 0xff, 0x50, 0x0, 0x0,
    0x0, 0x0, 0x6, 0xff, 0xf3, 0xf, 0xff, 0xa0,
    0x0, 0x0, 0x0, 0x0, 0xb, 0xff, 0xe0, 0xb,
    0xff, 0xf0, 0x0, 0x0, 0x0, 0x0, 0x1f, 0xff,
    0xa0, 0x7, 0xff, 0xf5, 0x0, 0x0, 0x0, 0x0,
    0x6f, 0xff, 0x60, 0x2, 0xff, 0xfb, 0x0, 0x0,
    0x0, 0x0, 0xcf, 0xff, 0x10, 0x0, 0xdf, 0xff,
    0x10, 0x0, 0x0, 0x1, 0xff, 0xfc, 0x0, 0x0,
    0x8f, 0xff, 0x60, 0x0, 0x0, 0x7, 0xff, 0xf7,
    0x0, 0x0, 0x3f, 0xff, 0xc0, 0x0, 0x0, 0xc,
    0xff, 0xff, 0xff, 0xff, 0xff, 0xff, 0xf1, 0x0,
    0x0, 0x1f, 0xff, 0xff, 0xff, 0xff, 0xff, 0xff,
    0xf7, 0x0, 0x0, 0x7f, 0xff, 0xff, 0xff, 0xff,
    0xff, 0xff, 0xfc, 0x0, 0x0, 0xcf, 0xff, 0x20,
    0x0, 0x0, 0x0, 0xdf, 0xff, 0x20, 0x2, 0xff,
    0xfd, 0x0, 0x0, 0x0, 0x0, 0x8f, 0xff, 0x70,
    0x7, 0xff, 0xf8, 0x0, 0x0, 0x0, 0x0, 0x2f,
    0xff, 0xd0, 0xc, 0xff, 0xf2, 0x0, 0x0, 0x0,
    0x0, 0xd, 0xff, 0xf2, 0x2f, 0xff, 0xd0, 0x0,
    0x0, 0x0, 0x0, 0x7, 0xff, 0xf8,

    /* U+00C4 "Ä" */
    0x0, 0x0, 0x2, 0xde, 0x60, 0x2, 0xde, 0x50,
    0x0, 0x0, 0x0, 0x0, 0x9, 0xff, 0xf0, 0xa,
    0xff, 0xf0, 0x0, 0x0, 0x0, 0x0, 0x9, 0xff,
    0xf0, 0xa, 0xff, 0xe0, 0x0, 0x0, 0x0, 0x0,
    0x1, 0xac, 0x40, 0x1, 0xbc, 0x40, 0x0, 0x0,
    0x0, 0x0, 0x0, 0x0, 0x0, 0x0, 0x0, 0x0,
    0x0, 0x0, 0x0, 0x0, 0x0, 0x0, 0x0, 0x0,
    0x0, 0x0, 0x0, 0x0, 0x0, 0x0, 0x0, 0x6,
    0xff, 0xff, 0x90, 0x0, 0x0, 0x0, 0x0, 0x0,
    0x0, 0xb, 0xff, 0xff, 0xe0, 0x0, 0x0, 0x0,
    0x0, 0x0, 0x0, 0x1f, 0xff, 0xff, 0xf4, 0x0,
    0x0, 0x0, 0x0, 0x0, 0x0, 0x6f, 0xff, 0xcf,
    0xfa, 0x0, 0x0, 0x0, 0x0, 0x0, 0x0, 0xbf,
    0xfb, 0x8f, 0xff, 0x0, 0x0, 0x0, 0x0, 0x0,
    0x1, 0xff, 0xf7, 0x4f, 0xff, 0x50, 0x0, 0x0,
    0x0, 0x0, 0x6, 0xff, 0xf3, 0xf, 0xff, 0xa0,
    0x0, 0x0, 0x0, 0x0, 0xb, 0xff, 0xe0, 0xb,
    0xff, 0xf0, 0x0, 0x0, 0x0, 0x0, 0x1f, 0xff,
    0xa0, 0x7, 0xff, 0xf5, 0x0, 0x0, 0x0, 0x0,
    0x6f, 0xff, 0x60, 0x2, 0xff, 0xfb, 0x0, 0x0,
    0x0, 0x0, 0xcf, 0xff, 0x10, 0x0, 0xdf, 0xff,
    0x10, 0x0, 0x0, 0x1, 0xff, 0xfc, 0x0, 0x0,
    0x8f, 0xff, 0x60, 0x0, 0x0, 0x7, 0xff, 0xf7,
    0x0, 0x0, 0x3f, 0xff, 0xc0, 0x0, 0x0, 0xc,
    0xff, 0xff, 0xff, 0xff, 0xff, 0xff, 0xf1, 0x0,
    0x0, 0x1f, 0xff, 0xff, 0xff, 0xff, 0xff, 0xff,
    0xf7, 0x0, 0x0, 0x7f, 0xff, 0xff, 0xff, 0xff,
    0xff, 0xff, 0xfc, 0x0, 0x0, 0xcf, 0xff, 0x20,
    0x0, 0x0, 0x0, 0xdf, 0xff, 0x20, 0x2, 0xff,
    0xfd, 0x0, 0x0, 0x0, 0x0, 0x8f, 0xff, 0x70,
    0x7, 0xff, 0xf8, 0x0, 0x0, 0x0, 0x0, 0x2f,
    0xff, 0xd0, 0xc, 0xff, 0xf2, 0x0, 0x0, 0x0,
    0x0, 0xd, 0xff, 0xf2, 0x2f, 0xff, 0xd0, 0x0,
    0x0, 0x0, 0x0, 0x7, 0xff, 0xf8,

    /* U+00C5 "Å" */
    0x0, 0x0, 0x0, 0x0, 0x6b, 0xc9, 0x10, 0x0,
    0x0, 0x0, 0x0, 0x0, 0x0, 0xb, 0xff, 0xff,
    0xe2, 0x0, 0x0, 0x0, 0x0, 0x0, 0x0, 0x5f,
    0xe2, 0x1a, 0xfa, 0x0, 0x0, 0x0, 0x0, 0x0,
    0x0, 0x8f, 0x80, 0x3, 0xfd, 0x0, 0x0, 0x0,
    0x0, 0x0, 0x0, 0x6f, 0xd0, 0x8, 0xfb, 0x0,
    0x0, 0x0, 0x0, 0x0, 0x0, 0xd, 0xff, 0xef,
    0xf4, 0x0, 0x0, 0x0, 0x0, 0x0, 0x0, 0x1,
    0x9e, 0xfb, 0x30, 0x0, 0x0, 0x0, 0x0, 0x0,
    0x0, 0x0, 0x0, 0x0, 0x0, 0x0, 0x0, 0x0,
    0x0, 0x0, 0x0, 0x6, 0xff, 0xff, 0x90, 0x0,
    0x0, 0x0, 0x0, 0x0, 0x0, 0xb, 0xff, 0xff,
    0xe0, 0x0, 0x0, 0x0, 0x0, 0x0, 0x0, 0x1f,
    0xff, 0xff, 0xf4, 0x0, 0x0, 0x0, 0x0, 0x0,
    0x0, 0x6f, 0xff, 0xcf, 0xfa, 0x0, 0x0, 0x0,
    0x0, 0x0, 0x0, 0xbf, 0xfb, 0x8f, 0xff, 0x0,
    0x0, 0x0, 0x0, 0x0, 0x1, 0xff, 0xf7, 0x4f,
    0xff, 0x50, 0x0, 0x0, 0x0, 0x0, 0x6, 0xff,
    0xf3, 0xf, 0xff, 0xa0, 0x0, 0x0, 0x0, 0x0,
    0xb, 0xff, 0xe0, 0xb, 0xff, 0xf0, 0x0, 0x0,
    0x0, 0x0, 0x1f, 0xff, 0xa0, 0x7, 0xff, 0xf5,
    0x0, 0x0, 0x0, 0x0, 0x6f, 0xff, 0x60, 0x2,
    0xff, 0xfb, 0x0, 0x0, 0x0, 0x0, 0xcf, 0xff,
    0x10, 0x0, 0xdf, 0xff, 0x10, 0x0, 0x0, 0x1,
    0xff, 0xfc, 0x0, 0x0, 0x8f, 0xff, 0x60, 0x0,
    0x0, 0x7, 0xff, 0xf7, 0x0, 0x0, 0x3f, 0xff,
    0xc0, 0x0, 0x0, 0xc, 0xff, 0xff, 0xff, 0xff,
    0xff, 0xff, 0xf1, 0x0, 0x0, 0x1f, 0xff, 0xff,
    0xff, 0xff, 0xff, 0xff, 0xf7, 0x0, 0x0, 0x7f,
    0xff, 0xff, 0xff, 0xff, 0xff, 0xff, 0xfc, 0x0,
    0x0, 0xcf, 0xff, 0x20, 0x0, 0x0, 0x0, 0xdf,
    0xff, 0x20, 0x2, 0xff, 0xfd, 0x0, 0x0, 0x0,
    0x0, 0x8f, 0xff, 0x70, 0x7, 0xff, 0xf8, 0x0,
    0x0, 0x0, 0x0, 0x2f, 0xff, 0xd0, 0xc, 0xff,
    0xf2, 0x0, 0x0, 0x0, 0x0, 0xd, 0xff, 0xf2,
    0x2f, 0xff, 0xd0, 0x0, 0x0, 0x0, 0x0, 0x7,
    0xff, 0xf8,

    /* U+00C6 "Æ" */
    0x0, 0x0, 0x0, 0x0, 0x6, 0xff, 0xff, 0xff,
    0xff, 0xff, 0xff, 0xff, 0xff, 0xa0, 0x0, 0x0,
    0x0, 0x0, 0xdf, 0xff, 0xff, 0xff, 0xff, 0xff,
    0xff, 0xff, 0xfa, 0x0, 0x0, 0x0, 0x0, 0x4f,
    0xff, 0xaa, 0xff, 0xff, 0xff, 0xff, 0xff, 0xff,
    0xa0, 0x0, 0x0, 0x0, 0xb, 0xff, 0xf1, 0x6f,
    0xff, 0x42, 0x22, 0x22, 0x22, 0x21, 0x0, 0x0,
    0x0, 0x2, 0xff, 0xfa, 0x6, 0xff, 0xf2, 0x0,
    0x0, 0x0, 0x0, 0x0, 0x0, 0x0, 0x0, 0x9f,
    0xff, 0x30, 0x6f, 0xff, 0x20, 0x0, 0x0, 0x0,
    0x0, 0x0, 0x0, 0x0, 0xf, 0xff, 0xc0, 0x6,
    0xff, 0xf2, 0x0, 0x0, 0x0, 0x0, 0x0, 0x0,
    0x0, 0x7, 0xff, 0xf6, 0x0, 0x6f, 0xff, 0x20,
    0x0, 0x0, 0x0, 0x0, 0x0, 0x0, 0x0, 0xdf,
    0xfe, 0x0, 0x6, 0xff, 0xf3, 0x22, 0x22, 0x22,
    0x22, 0x0, 0x0, 0x0, 0x5f, 0xff, 0x80, 0x0,
    0x6f, 0xff, 0xff, 0xff, 0xff, 0xff, 0xf0, 0x0,
    0x0, 0xc, 0xff, 0xf2, 0x0, 0x6, 0xff, 0xff,
    0xff, 0xff, 0xff, 0xff, 0x0, 0x0, 0x2, 0xff,
    0xfb, 0x0, 0x0, 0x6f, 0xff, 0xff, 0xff, 0xff,
    0xff, 0xf0, 0x0, 0x0, 0x9f, 0xff, 0x40, 0x0,
    0x6, 0xff, 0xf2, 0x0, 0x0, 0x0, 0x0, 0x0,
    0x0, 0x1f, 0xff, 0xff, 0xff, 0xff, 0xff, 0xff,
    0x20, 0x0, 0x0, 0x0, 0x0, 0x0, 0x7, 0xff,
    0xff, 0xff, 0xff, 0xff, 0xff, 0xf2, 0x0, 0x0,
    0x0, 0x0, 0x0, 0x0, 0xef, 0xff, 0xcc, 0xcc,
    0xcc, 0xdf, 0xff, 0x20, 0x0, 0x0, 0x0, 0x0,
    0x0, 0x5f, 0xff, 0x90, 0x0, 0x0, 0x6, 0xff,
    0xf2, 0x0, 0x0, 0x0, 0x0, 0x0, 0xc, 0xff,
    0xf3, 0x0, 0x0, 0x0, 0x6f, 0xff, 0x42, 0x22,
    0x22, 0x22, 0x22, 0x3, 0xff, 0xfc, 0x0, 0x0,
    0x0, 0x6, 0xff, 0xff, 0xff, 0xff, 0xff, 0xff,
    0xc0, 0xaf, 0xff, 0x50, 0x0, 0x0, 0x0, 0x6f,
    0xff, 0xff, 0xff, 0xff, 0xff, 0xfc, 0x1f, 0xff,
    0xe0, 0x0, 0x0, 0x0, 0x6, 0xff, 0xff, 0xff,
    0xff, 0xff, 0xff, 0xc0,

    /* U+00C7 "Ç" */
    0x0, 0x0, 0x1, 0x7b, 0xef, 0xed, 0x93, 0x0,
    0x0, 0x0, 0x0, 0x6, 0xff, 0xff, 0xff, 0xff,
    0xfb, 0x20, 0x0, 0x0, 0xa, 0xff, 0xff, 0xff,
    0xff, 0xff, 0xfe, 0x20, 0x0, 0x8, 0xff, 0xff,
    0xd8, 0x67, 0xaf, 0xff, 0xfd, 0x0, 0x2, 0xff,
    0xff, 0x70, 0x0, 0x0, 0x2d, 0xff, 0xf7, 0x0,
    0xaf, 0xff, 0x80, 0x0, 0x0, 0x0, 0x1f, 0xff,
    0xe0, 0xf, 0xff, 0xd0, 0x0, 0x0, 0x0, 0x0,
    0x9f, 0xff, 0x24, 0xff, 0xf7, 0x0, 0x0, 0x0,
    0x0, 0x0, 0x22, 0x20, 0x7f, 0xff, 0x40, 0x0,
    0x0, 0x0, 0x0, 0x0, 0x0, 0x8, 0xff, 0xf2,
    0x0, 0x0, 0x0, 0x0, 0x0, 0x0, 0x0, 0x9f,
    0xff, 0x10, 0x0, 0x0, 0x0, 0x0, 0x0, 0x0,
    0x8, 0xff, 0xf2, 0x0, 0x0, 0x0, 0x0, 0x0,
    0x0, 0x0, 0x7f, 0xff, 0x40, 0x0, 0x0, 0x0,
    0x0, 0x0, 0x0, 0x4, 0xff, 0xf7, 0x0, 0x0,
    0x0, 0x0, 0x0, 0x22, 0x20, 0xf, 0xff, 0xd0,
    0x0, 0x0, 0x0, 0x0, 0x9f, 0xff, 0x20, 0xaf,
    0xff, 0x70, 0x0, 0x0, 0x0, 0x1f, 0xff, 0xe0,
    0x2, 0xff, 0xff, 0x70, 0x0, 0x0, 0x2d, 0xff,
    0xf7, 0x0, 0x8, 0xff, 0xff, 0xd8, 0x67, 0xaf,
    0xff, 0xfd, 0x0, 0x0, 0xa, 0xff, 0xff, 0xff,
    0xff, 0xff, 0xfe, 0x10, 0x0, 0x0, 0x7, 0xff,
    0xff, 0xff, 0xff, 0xfa, 0x10, 0x0, 0x0, 0x0,
    0x1, 0x7b, 0xff, 0xfd, 0x93, 0x0, 0x0, 0x0,
    0x0, 0x0, 0x0, 0x3, 0xf6, 0x0, 0x0, 0x0,
    0x0, 0x0, 0x0, 0x0, 0x0, 0x5f, 0xeb, 0x30,
    0x0, 0x0, 0x0, 0x0, 0x0, 0x0, 0x3, 0x7a,
    0xfd, 0x0, 0x0, 0x0, 0x0, 0x0, 0x0, 0x0,
    0x0, 0x1f, 0xf0, 0x0, 0x0, 0x0, 0x0, 0x0,
    0x0, 0x9, 0x9c, 0xfd, 0x0, 0x0, 0x0, 0x0,
    0x0, 0x0, 0x0, 0xff, 0xeb, 0x30, 0x0, 0x0,
    0x0,

    /* U+00C8 "È" */
    0x0, 0x15, 0x55, 0x10, 0x0, 0x0, 0x0, 0x0,
    0xc, 0xff, 0x80, 0x0, 0x0, 0x0, 0x0, 0x2,
    0xff, 0xe0, 0x0, 0x0, 0x0, 0x0, 0x0, 0x8f,
    0xf6, 0x0, 0x0, 0x0, 0x0, 0x0, 0xd, 0xfc,
    0x0, 0x0, 0x0, 0x0, 0x0, 0x0, 0x0, 0x0,
    0x0, 0x0, 0x0, 0x0, 0x0, 0x0, 0x0, 0x0,
    0x0, 0xff, 0xff, 0xff, 0xff, 0xff, 0xff, 0xf4,
    0xff, 0xff, 0xff, 0xff, 0xff, 0xff, 0xf4, 0xff,
    0xff, 0xff, 0xff, 0xff, 0xff, 0xf4, 0xff, 0xfc,
    0x22, 0x22, 0x22, 0x22, 0x20, 0xff, 0xfb, 0x0,
    0x0, 0x0, 0x0, 0x0, 0xff, 0xfb, 0x0, 0x0,
    0x0, 0x0, 0x0, 0xff, 0xfb, 0x0, 0x0, 0x0,
    0x0, 0x0, 0xff, 0xfb, 0x0, 0x0, 0x0, 0x0,
    0x0, 0xff, 0xfb, 0x22, 0x22, 0x22, 0x22, 0x10,
    0xff, 0xff, 0xff, 0xff, 0xff, 0xff, 0x90, 0xff,
    0xff, 0xff, 0xff, 0xff, 0xff, 0x90, 0xff, 0xff,
    0xff, 0xff, 0xff, 0xff, 0x90, 0xff, 0xfb, 0x0,
    0x0, 0x0, 0x0, 0x0, 0xff, 0xfb, 0x0, 0x0,
    0x0, 0x0, 0x0, 0xff, 0xfb, 0x0, 0x0, 0x0,
    0x0, 0x0, 0xff, 0xfb, 0x0, 0x0, 0x0, 0x0,
    0x0, 0xff, 0xfb, 0x0, 0x0, 0x0, 0x0, 0x0,
    0xff, 0xfc, 0x22, 0x22, 0x22, 0x22, 0x20, 0xff,
    0xff, 0xff, 0xff, 0xff, 0xff, 0xf5, 0xff, 0xff,
    0xff, 0xff, 0xff, 0xff, 0xf5, 0xff, 0xff, 0xff,
    0xff, 0xff, 0xff, 0xf5,

    /* U+00C9 "É" */
    0x0, 0x0, 0x0, 0x4, 0x55, 0x30, 0x0, 0x0,
    0x0, 0x0, 0x2f, 0xff, 0x30, 0x0, 0x0, 0x0,
    0x0, 0x8f, 0xf8, 0x0, 0x0, 0x0, 0x0, 0x0,
    0xff, 0xd0, 0x0, 0x0, 0x0, 0x0, 0x6, 0xff,
    0x40, 0x0, 0x0, 0x0, 0x0, 0x0, 0x0, 0x0,
    0x0, 0x0, 0x0, 0x0, 0x0, 0x0, 0x0, 0x0,
    0x0, 0xff, 0xff, 0xff, 0xff, 0xff, 0xff, 0xf4,
    0xff, 0xff, 0xff, 0xff, 0xff, 0xff, 0xf4, 0xff,
    0xff, 0xff, 0xff, 0xff, 0xff, 0xf4, 0xff, 0xfc,
    0x22, 0x22, 0x22, 0x22, 0x20, 0xff, 0xfb, 0x0,
    0x0, 0x0, 0x0, 0x0, 0xff, 0xfb, 0x0, 0x0,
    0x0, 0x0, 0x0, 0xff, 0xfb, 0x0, 0x0, 0x0,
    0x0, 0x0, 0xff, 0xfb, 0x0, 0x0, 0x0, 0x0,
    0x0, 0xff, 0xfb, 0x22, 0x22, 0x22, 0x22, 0x10,
    0xff, 0xff, 0xff, 0xff, 0xff, 0xff, 0x90, 0xff,
    0xff, 0xff, 0xff, 0xff, 0xff, 0x90, 0xff, 0xff,
    0xff, 0xff, 0xff, 0xff, 0x90, 0xff, 0xfb, 0x0,
    0x0, 0x0, 0x0, 0x0, 0xff, 0xfb, 0x0, 0x0,
    0x0, 0x0, 0x0, 0xff, 0xfb, 0x0, 0x0, 0x0,
    0x0, 0x0, 0xff, 0xfb, 0x0, 0x0, 0x0, 0x0,
    0x0, 0xff, 0xfb, 0x0, 0x0, 0x0, 0x0, 0x0,
    0xff, 0xfc, 0x22, 0x22, 0x22, 0x22, 0x20, 0xff,
    0xff, 0xff, 0xff, 0xff, 0xff, 0xf5, 0xff, 0xff,
    0xff, 0xff, 0xff, 0xff, 0xf5, 0xff, 0xff, 0xff,
    0xff, 0xff, 0xff, 0xf5,

    /* U+00CA "Ê" */
    0x0, 0x0, 0x7, 0x88, 0x20, 0x0, 0x0, 0x0,
    0x0, 0x9f, 0xff, 0xe1, 0x0, 0x0, 0x0, 0x6,
    0xff, 0xbf, 0xfc, 0x0, 0x0, 0x0, 0x4f, 0xfd,
    0x7, 0xff, 0x90, 0x0, 0x2, 0xff, 0xf2, 0x0,
    0xbf, 0xf6, 0x0, 0x0, 0x0, 0x0, 0x0, 0x0,
    0x0, 0x0, 0x0, 0x0, 0x0, 0x0, 0x0, 0x0,
    0x0, 0xff, 0xff, 0xff, 0xff, 0xff, 0xff, 0xf4,
    0xff, 0xff, 0xff, 0xff, 0xff, 0xff, 0xf4, 0xff,
    0xff, 0xff, 0xff, 0xff, 0xff, 0xf4, 0xff, 0xfc,
    0x22, 0x22, 0x22, 0x22, 0x20, 0xff, 0xfb, 0x0,
    0x0, 0x0, 0x0, 0x0, 0xff, 0xfb, 0x0, 0x0,
    0x0, 0x0, 0x0, 0xff, 0xfb, 0x0, 0x0, 0x0,
    0x0, 0x0, 0xff, 0xfb, 0x0, 0x0, 0x0, 0x0,
    0x0, 0xff, 0xfb, 0x22, 0x22, 0x22, 0x22, 0x10,
    0xff, 0xff, 0xff, 0xff, 0xff, 0xff, 0x90, 0xff,
    0xff, 0xff, 0xff, 0xff, 0xff, 0x90, 0xff, 0xff,
    0xff, 0xff, 0xff, 0xff, 0x90, 0xff, 0xfb, 0x0,
    0x0, 0x0, 0x0, 0x0, 0xff, 0xfb, 0x0, 0x0,
    0x0, 0x0, 0x0, 0xff, 0xfb, 0x0, 0x0, 0x0,
    0x0, 0x0, 0xff, 0xfb, 0x0, 0x0, 0x0, 0x0,
    0x0, 0xff, 0xfb, 0x0, 0x0, 0x0, 0x0, 0x0,
    0xff, 0xfc, 0x22, 0x22, 0x22, 0x22, 0x20, 0xff,
    0xff, 0xff, 0xff, 0xff, 0xff, 0xf5, 0xff, 0xff,
    0xff, 0xff, 0xff, 0xff, 0xf5, 0xff, 0xff, 0xff,
    0xff, 0xff, 0xff, 0xf5,

    /* U+00CB "Ë" */
    0x0, 0x7f, 0xc1, 0x0, 0x8f, 0xc1, 0x0, 0x1,
    0xff, 0xf8, 0x2, 0xff, 0xf8, 0x0, 0x1, 0xff,
    0xf7, 0x1, 0xff, 0xf7, 0x0, 0x0, 0x5c, 0xa0,
    0x0, 0x6c, 0x90, 0x0, 0x0, 0x0, 0x0, 0x0,
    0x0, 0x0, 0x0, 0x0, 0x0, 0x0, 0x0, 0x0,
    0x0, 0x0, 0xff, 0xff, 0xff, 0xff, 0xff, 0xff,
    0xf4, 0xff, 0xff, 0xff, 0xff, 0xff, 0xff, 0xf4,
    0xff, 0xff, 0xff, 0xff, 0xff, 0xff, 0xf4, 0xff,
    0xfc, 0x22, 0x22, 0x22, 0x22, 0x20, 0xff, 0xfb,
    0x0, 0x0, 0x0, 0x0, 0x0, 0xff, 0xfb, 0x0,
    0x0, 0x0, 0x0, 0x0, 0xff, 0xfb, 0x0, 0x0,
    0x0, 0x0, 0x0, 0xff, 0xfb, 0x0, 0x0, 0x0,
    0x0, 0x0, 0xff, 0xfb, 0x22, 0x22, 0x22, 0x22,
    0x10, 0xff, 0xff, 0xff, 0xff, 0xff, 0xff, 0x90,
    0xff, 0xff, 0xff, 0xff, 0xff, 0xff, 0x90, 0xff,
    0xff, 0xff, 0xff, 0xff, 0xff, 0x90, 0xff, 0xfb,
    0x0, 0x0, 0x0, 0x0, 0x0, 0xff, 0xfb, 0x0,
    0x0, 0x0, 0x0, 0x0, 0xff, 0xfb, 0x0, 0x0,
    0x0, 0x0, 0x0, 0xff, 0xfb, 0x0, 0x0, 0x0,
    0x0, 0x0, 0xff, 0xfb, 0x0, 0x0, 0x0, 0x0,
    0x0, 0xff, 0xfc, 0x22, 0x22, 0x22, 0x22, 0x20,
    0xff, 0xff, 0xff, 0xff, 0xff, 0xff, 0xf5, 0xff,
    0xff, 0xff, 0xff, 0xff, 0xff, 0xf5, 0xff, 0xff,
    0xff, 0xff, 0xff, 0xff, 0xf5,

    /* U+00CC "Ì" */
    0x5, 0x55, 0x20, 0x0, 0x9f, 0xfb, 0x0, 0x1,
    0xef, 0xf2, 0x0, 0x5, 0xff, 0x90, 0x0, 0xb,
    0xff, 0x0, 0x0, 0x0, 0x0, 0x0, 0x0, 0x0,
    0x0, 0x0, 0xff, 0xfb, 0x0, 0xf, 0xff, 0xb0,
    0x0, 0xff, 0xfb, 0x0, 0xf, 0xff, 0xb0, 0x0,
    0xff, 0xfb, 0x0, 0xf, 0xff, 0xb0, 0x0, 0xff,
    0xfb, 0x0, 0xf, 0xff, 0xb0, 0x0, 0xff, 0xfb,
    0x0, 0xf, 0xff, 0xb0, 0x0, 0xff, 0xfb, 0x0,
    0xf, 0xff, 0xb0, 0x0, 0xff, 0xfb, 0x0, 0xf,
    0xff, 0xb0, 0x0, 0xff, 0xfb, 0x0, 0xf, 0xff,
    0xb0, 0x0, 0xff, 0xfb, 0x0, 0xf, 0xff, 0xb0,
    0x0, 0xff, 0xfb, 0x0, 0xf, 0xff, 0xb0, 0x0,
    0xff, 0xfb,

    /* U+00CD "Í" */
    0x0, 0x35, 0x54, 0x0, 0xef, 0xf5, 0x5, 0xff,
    0xb0, 0xc, 0xff, 0x10, 0x4f, 0xf6, 0x0, 0x0,
    0x0, 0x0, 0x0, 0x0, 0x0, 0xff, 0xfb, 0x0,
    0xff, 0xfb, 0x0, 0xff, 0xfb, 0x0, 0xff, 0xfb,
    0x0, 0xff, 0xfb, 0x0, 0xff, 0xfb, 0x0, 0xff,
    0xfb, 0x0, 0xff, 0xfb, 0x0, 0xff, 0xfb, 0x0,
    0xff, 0xfb, 0x0, 0xff, 0xfb, 0x0, 0xff, 0xfb,
    0x0, 0xff, 0xfb, 0x0, 0xff, 0xfb, 0x0, 0xff,
    0xfb, 0x0, 0xff, 0xfb, 0x0, 0xff, 0xfb, 0x0,
    0xff, 0xfb, 0x0, 0xff, 0xfb, 0x0, 0xff, 0xfb,
    0x0, 0xff, 0xfb, 0x0,

    /* U+00CE "Î" */
    0x0, 0x0, 0x68, 0x84, 0x0, 0x0, 0x0, 0x6,
    0xff, 0xff, 0x20, 0x0, 0x0, 0x4f, 0xfc, 0xef,
    0xe1, 0x0, 0x2, 0xff, 0xe1, 0x4f, 0xfc, 0x0,
    0x1d, 0xff, 0x40, 0x8, 0xff, 0x90, 0x0, 0x0,
    0x0, 0x0, 0x0, 0x0, 0x0, 0x0, 0x0, 0x0,
    0x0, 0x0, 0x0, 0x0, 0xff, 0xfb, 0x0, 0x0,
    0x0, 0x0, 0xff, 0xfb, 0x0, 0x0, 0x0, 0x0,
    0xff, 0xfb, 0x0, 0x0, 0x0, 0x0, 0xff, 0xfb,
    0x0, 0x0, 0x0, 0x0, 0xff, 0xfb, 0x0, 0x0,
    0x0, 0x0, 0xff, 0xfb, 0x0, 0x0, 0x0, 0x0,
    0xff, 0xfb, 0x0, 0x0, 0x0, 0x0, 0xff, 0xfb,
    0x0, 0x0, 0x0, 0x0, 0xff, 0xfb, 0x0, 0x0,
    0x0, 0x0, 0xff, 0xfb, 0x0, 0x0, 0x0, 0x0,
    0xff, 0xfb, 0x0, 0x0, 0x0, 0x0, 0xff, 0xfb,
    0x0, 0x0, 0x0, 0x0, 0xff, 0xfb, 0x0, 0x0,
    0x0, 0x0, 0xff, 0xfb, 0x0, 0x0, 0x0, 0x0,
    0xff, 0xfb, 0x0, 0x0, 0x0, 0x0, 0xff, 0xfb,
    0x0, 0x0, 0x0, 0x0, 0xff, 0xfb, 0x0, 0x0,
    0x0, 0x0, 0xff, 0xfb, 0x0, 0x0, 0x0, 0x0,
    0xff, 0xfb, 0x0, 0x0, 0x0, 0x0, 0xff, 0xfb,
    0x0, 0x0, 0x0, 0x0, 0xff, 0xfb, 0x0, 0x0,

    /* U+00CF "Ï" */
    0x5e, 0xd2, 0x0, 0x5e, 0xd2, 0xef, 0xfb, 0x0,
    0xff, 0xfa, 0xdf, 0xfa, 0x0, 0xef, 0xfa, 0x3c,
    0xb1, 0x0, 0x4c, 0xb1, 0x0, 0x0, 0x0, 0x0,
    0x0, 0x0, 0x0, 0x0, 0x0, 0x0, 0x0, 0xf,
    0xff, 0xb0, 0x0, 0x0, 0xf, 0xff, 0xb0, 0x0,
    0x0, 0xf, 0xff, 0xb0, 0x0, 0x0, 0xf, 0xff,
    0xb0, 0x0, 0x0, 0xf, 0xff, 0xb0, 0x0, 0x0,
    0xf, 0xff, 0xb0, 0x0, 0x0, 0xf, 0xff, 0xb0,
    0x0, 0x0, 0xf, 0xff, 0xb0, 0x0, 0x0, 0xf,
    0xff, 0xb0, 0x0, 0x0, 0xf, 0xff, 0xb0, 0x0,
    0x0, 0xf, 0xff, 0xb0, 0x0, 0x0, 0xf, 0xff,
    0xb0, 0x0, 0x0, 0xf, 0xff, 0xb0, 0x0, 0x0,
    0xf, 0xff, 0xb0, 0x0, 0x0, 0xf, 0xff, 0xb0,
    0x0, 0x0, 0xf, 0xff, 0xb0, 0x0, 0x0, 0xf,
    0xff, 0xb0, 0x0, 0x0, 0xf, 0xff, 0xb0, 0x0,
    0x0, 0xf, 0xff, 0xb0, 0x0, 0x0, 0xf, 0xff,
    0xb0, 0x0, 0x0, 0xf, 0xff, 0xb0, 0x0,

    /* U+00D0 "Ð" */
    0x0, 0x2f, 0xff, 0xff, 0xff, 0xfe, 0xb6, 0x10,
    0x0, 0x0, 0x0, 0x2f, 0xff, 0xff, 0xff, 0xff,
    0xff, 0xf7, 0x0, 0x0, 0x0, 0x2f, 0xff, 0xff,
    0xff, 0xff, 0xff, 0xff, 0xa0, 0x0, 0x0, 0x2f,
    0xff, 0xa4, 0x44, 0x57, 0xcf, 0xff, 0xf9, 0x0,
    0x0, 0x2f, 0xff, 0x80, 0x0, 0x0, 0x4, 0xff,
    0xff, 0x30, 0x0, 0x2f, 0xff, 0x80, 0x0, 0x0,
    0x0, 0x4f, 0xff, 0xb0, 0x0, 0x2f, 0xff, 0x80,
    0x0, 0x0, 0x0, 0xb, 0xff, 0xf1, 0x0, 0x2f,
    0xff, 0x80, 0x0, 0x0, 0x0, 0x5, 0xff, 0xf5,
    0x0, 0x2f, 0xff, 0x80, 0x0, 0x0, 0x0, 0x2,
    0xff, 0xf7, 0xbf, 0xff, 0xff, 0xff, 0xff, 0xf3,
    0x0, 0x0, 0xff, 0xf9, 0xbf, 0xff, 0xff, 0xff,
    0xff, 0xf3, 0x0, 0x0, 0xff, 0xf9, 0x7a, 0xcf,
    0xff, 0xfa, 0xaa, 0xa2, 0x0, 0x0, 0xff, 0xf9,
    0x0, 0x2f, 0xff, 0x80, 0x0, 0x0, 0x0, 0x2,
    0xff, 0xf7, 0x0, 0x2f, 0xff, 0x80, 0x0, 0x0,
    0x0, 0x5, 0xff, 0xf5, 0x0, 0x2f, 0xff, 0x80,
    0x0, 0x0, 0x0, 0xb, 0xff, 0xf1, 0x0, 0x2f,
    0xff, 0x80, 0x0, 0x0, 0x0, 0x4f, 0xff, 0xb0,
    0x0, 0x2f, 0xff, 0x80, 0x0, 0x0, 0x5, 0xff,
    0xff, 0x30, 0x0, 0x2f, 0xff, 0xa4, 0x44, 0x57,
    0xcf, 0xff, 0xf9, 0x0, 0x0, 0x2f, 0xff, 0xff,
    0xff, 0xff, 0xff, 0xff, 0xa0, 0x0, 0x0, 0x2f,
    0xff, 0xff, 0xff, 0xff, 0xff, 0xf7, 0x0, 0x0,
    0x0, 0x2f, 0xff, 0xff, 0xff, 0xfe, 0xb6, 0x0,
    0x0, 0x0,

    /* U+00D1 "Ñ" */
    0x0, 0x0, 0x9, 0xed, 0x93, 0x2f, 0xf0, 0x0,
    0x0, 0x0, 0x0, 0x7f, 0xff, 0xff, 0xff, 0xd0,
    0x0, 0x0, 0x0, 0x0, 0xcf, 0x94, 0xaf, 0xfe,
    0x30, 0x0, 0x0, 0x0, 0x0, 0x23, 0x0, 0x1,
    0x20, 0x0, 0x0, 0x0, 0x0, 0x0, 0x0, 0x0,
    0x0, 0x0, 0x0, 0x0, 0x0, 0x0, 0x0, 0x0,
    0x0, 0x0, 0x0, 0x0, 0x0, 0x0, 0xff, 0xff,
    0x70, 0x0, 0x0, 0x0, 0x8, 0xff, 0xf3, 0xff,
    0xff, 0xf2, 0x0, 0x0, 0x0, 0x8, 0xff, 0xf3,
    0xff, 0xff, 0xfb, 0x0, 0x0, 0x0, 0x8, 0xff,
    0xf3, 0xff, 0xff, 0xff, 0x40, 0x0, 0x0, 0x8,
    0xff, 0xf3, 0xff, 0xff, 0xff, 0xe0, 0x0, 0x0,
    0x8, 0xff, 0xf3, 0xff, 0xfa, 0xff, 0xf8, 0x0,
    0x0, 0x8, 0xff, 0xf3, 0xff, 0xf9, 0x8f, 0xff,
    0x20, 0x0, 0x8, 0xff, 0xf3, 0xff, 0xfa, 0x1f,
    0xff, 0xb0, 0x0, 0x8, 0xff, 0xf3, 0xff, 0xfb,
    0x7, 0xff, 0xf5, 0x0, 0x8, 0xff, 0xf3, 0xff,
    0xfb, 0x0, 0xef, 0xfe, 0x0, 0x8, 0xff, 0xf3,
    0xff, 0xfc, 0x0, 0x5f, 0xff, 0x90, 0x8, 0xff,
    0xf3, 0xff, 0xfc, 0x0, 0xb, 0xff, 0xf2, 0x7,
    0xff, 0xf3, 0xff, 0xfc, 0x0, 0x2, 0xff, 0xfc,
    0x7, 0xff, 0xf3, 0xff, 0xfc, 0x0, 0x0, 0x8f,
    0xff, 0x47, 0xff, 0xf3, 0xff, 0xfc, 0x0, 0x0,
    0xd, 0xff, 0xc6, 0xff, 0xf3, 0xff, 0xfc, 0x0,
    0x0, 0x4, 0xff, 0xf9, 0xff, 0xf3, 0xff, 0xfc,
    0x0, 0x0, 0x0, 0xaf, 0xff, 0xff, 0xf3, 0xff,
    0xfc, 0x0, 0x0, 0x0, 0x1f, 0xff, 0xff, 0xf3,
    0xff, 0xfc, 0x0, 0x0, 0x0, 0x7, 0xff, 0xff,
    0xf3, 0xff, 0xfc, 0x0, 0x0, 0x0, 0x0, 0xdf,
    0xff, 0xf3, 0xff, 0xfc, 0x0, 0x0, 0x0, 0x0,
    0x3f, 0xff, 0xf3,

    /* U+00D2 "Ò" */
    0x0, 0x0, 0x0, 0xef, 0xf6, 0x0, 0x0, 0x0,
    0x0, 0x0, 0x0, 0x0, 0x0, 0x4f, 0xfd, 0x0,
    0x0, 0x0, 0x0, 0x0, 0x0, 0x0, 0x0, 0xa,
    0xff, 0x40, 0x0, 0x0, 0x0, 0x0, 0x0, 0x0,
    0x0, 0x1, 0xef, 0xb0, 0x0, 0x0, 0x0, 0x0,
    0x0, 0x0, 0x0, 0x0, 0x35, 0x50, 0x0, 0x0,
    0x0, 0x0, 0x0, 0x0, 0x0, 0x0, 0x0, 0x0,
    0x0, 0x0, 0x0, 0x0, 0x0, 0x0, 0x0, 0x0,
    0x0, 0x0, 0x0, 0x0, 0x0, 0x0, 0x0, 0x0,
    0x1, 0x7b, 0xef, 0xfd, 0x94, 0x0, 0x0, 0x0,
    0x0, 0x0, 0x6f, 0xff, 0xff, 0xff, 0xff, 0xc2,
    0x0, 0x0, 0x0, 0x9, 0xff, 0xff, 0xff, 0xff,
    0xff, 0xfe, 0x30, 0x0, 0x0, 0x7f, 0xff, 0xfd,
    0x86, 0x7a, 0xff, 0xff, 0xe1, 0x0, 0x2, 0xff,
    0xff, 0x70, 0x0, 0x0, 0x2d, 0xff, 0xfa, 0x0,
    0xa, 0xff, 0xf7, 0x0, 0x0, 0x0, 0x1, 0xef,
    0xff, 0x20, 0xf, 0xff, 0xd0, 0x0, 0x0, 0x0,
    0x0, 0x5f, 0xff, 0x80, 0x4f, 0xff, 0x70, 0x0,
    0x0, 0x0, 0x0, 0xf, 0xff, 0xc0, 0x7f, 0xff,
    0x40, 0x0, 0x0, 0x0, 0x0, 0xb, 0xff, 0xf0,
    0x8f, 0xff, 0x20, 0x0, 0x0, 0x0, 0x0, 0xa,
    0xff, 0xf0, 0x9f, 0xff, 0x10, 0x0, 0x0, 0x0,
    0x0, 0x9, 0xff, 0xf1, 0x8f, 0xff, 0x20, 0x0,
    0x0, 0x0, 0x0, 0xa, 0xff, 0xf0, 0x7f, 0xff,
    0x40, 0x0, 0x0, 0x0, 0x0, 0xb, 0xff, 0xf0,
    0x4f, 0xff, 0x70, 0x0, 0x0, 0x0, 0x0, 0xf,
    0xff, 0xc0, 0xf, 0xff, 0xd0, 0x0, 0x0, 0x0,
    0x0, 0x5f, 0xff, 0x80, 0xa, 0xff, 0xf7, 0x0,
    0x0, 0x0, 0x1, 0xef, 0xff, 0x20, 0x2, 0xff,
    0xff, 0x70, 0x0, 0x0, 0x2d, 0xff, 0xfb, 0x0,
    0x0, 0x7f, 0xff, 0xfd, 0x86, 0x7a, 0xff, 0xff,
    0xe1, 0x0, 0x0, 0x9, 0xff, 0xff, 0xff, 0xff,
    0xff, 0xfe, 0x30, 0x0, 0x0, 0x0, 0x6f, 0xff,
    0xff, 0xff, 0xff, 0xc2, 0x0, 0x0, 0x0, 0x0,
    0x1, 0x7b, 0xef, 0xfd, 0x94, 0x0, 0x0, 0x0,

    /* U+00D3 "Ó" */
    0x0, 0x0, 0x0, 0x0, 0x0, 0xef, 0xf7, 0x0,
    0x0, 0x0, 0x0, 0x0, 0x0, 0x0, 0x5, 0xff,
    0xc0, 0x0, 0x0, 0x0, 0x0, 0x0, 0x0, 0x0,
    0xc, 0xff, 0x20, 0x0, 0x0, 0x0, 0x0, 0x0,
    0x0, 0x0, 0x3f, 0xf8, 0x0, 0x0, 0x0, 0x0,
    0x0, 0x0, 0x0, 0x0, 0x25, 0x50, 0x0, 0x0,
    0x0, 0x0, 0x0, 0x0, 0x0, 0x0, 0x0, 0x0,
    0x0, 0x0, 0x0, 0x0, 0x0, 0x0, 0x0, 0x0,
    0x0, 0x0, 0x0, 0x0, 0x0, 0x0, 0x0, 0x0,
    0x1, 0x7b, 0xef, 0xfd, 0x94, 0x0, 0x0, 0x0,
    0x0, 0x0, 0x6f, 0xff, 0xff, 0xff, 0xff, 0xc2,
    0x0, 0x0, 0x0, 0x9, 0xff, 0xff, 0xff, 0xff,
    0xff, 0xfe, 0x30, 0x0, 0x0, 0x7f, 0xff, 0xfd,
    0x86, 0x7a, 0xff, 0xff, 0xe1, 0x0, 0x2, 0xff,
    0xff, 0x70, 0x0, 0x0, 0x2d, 0xff, 0xfa, 0x0,
    0xa, 0xff, 0xf7, 0x0, 0x0, 0x0, 0x1, 0xef,
    0xff, 0x20, 0xf, 0xff, 0xd0, 0x0, 0x0, 0x0,
    0x0, 0x5f, 0xff, 0x80, 0x4f, 0xff, 0x70, 0x0,
    0x0, 0x0, 0x0, 0xf, 0xff, 0xc0, 0x7f, 0xff,
    0x40, 0x0, 0x0, 0x0, 0x0, 0xb, 0xff, 0xf0,
    0x8f, 0xff, 0x20, 0x0, 0x0, 0x0, 0x0, 0xa,
    0xff, 0xf0, 0x9f, 0xff, 0x10, 0x0, 0x0, 0x0,
    0x0, 0x9, 0xff, 0xf1, 0x8f, 0xff, 0x20, 0x0,
    0x0, 0x0, 0x0, 0xa, 0xff, 0xf0, 0x7f, 0xff,
    0x40, 0x0, 0x0, 0x0, 0x0, 0xb, 0xff, 0xf0,
    0x4f, 0xff, 0x70, 0x0, 0x0, 0x0, 0x0, 0xf,
    0xff, 0xc0, 0xf, 0xff, 0xd0, 0x0, 0x0, 0x0,
    0x0, 0x5f, 0xff, 0x80, 0xa, 0xff, 0xf7, 0x0,
    0x0, 0x0, 0x1, 0xef, 0xff, 0x20, 0x2, 0xff,
    0xff, 0x70, 0x0, 0x0, 0x2d, 0xff, 0xfb, 0x0,
    0x0, 0x7f, 0xff, 0xfd, 0x86, 0x7a, 0xff, 0xff,
    0xe1, 0x0, 0x0, 0x9, 0xff, 0xff, 0xff, 0xff,
    0xff, 0xfe, 0x30, 0x0, 0x0, 0x0, 0x6f, 0xff,
    0xff, 0xff, 0xff, 0xc2, 0x0, 0x0, 0x0, 0x0,
    0x1, 0x7b, 0xef, 0xfd, 0x94, 0x0, 0x0, 0x0,

    /* U+00D4 "Ô" */
    0x0, 0x0, 0x0, 0x0, 0x78, 0x83, 0x0, 0x0,
    0x0, 0x0, 0x0, 0x0, 0x0, 0x9, 0xff, 0xff,
    0x30, 0x0, 0x0, 0x0, 0x0, 0x0, 0x0, 0x9f,
    0xf8, 0xdf, 0xe2, 0x0, 0x0, 0x0, 0x0, 0x0,
    0x8, 0xff, 0xa0, 0x2f, 0xfe, 0x10, 0x0, 0x0,
    0x0, 0x0, 0x18, 0x87, 0x0, 0x3, 0x88, 0x50,
    0x0, 0x0, 0x0, 0x0, 0x0, 0x0, 0x0, 0x0,
    0x0, 0x0, 0x0, 0x0, 0x0, 0x0, 0x0, 0x0,
    0x0, 0x0, 0x0, 0x0, 0x0, 0x0, 0x0, 0x0,
    0x1, 0x7b, 0xef, 0xfd, 0x94, 0x0, 0x0, 0x0,
    0x0, 0x0, 0x6f, 0xff, 0xff, 0xff, 0xff, 0xc2,
    0x0, 0x0, 0x0, 0x9, 0xff, 0xff, 0xff, 0xff,
    0xff, 0xfe, 0x30, 0x0, 0x0, 0x7f, 0xff, 0xfd,
    0x86, 0x7a, 0xff, 0xff, 0xe1, 0x0, 0x2, 0xff,
    0xff, 0x70, 0x0, 0x0, 0x2d, 0xff, 0xfa, 0x0,
    0xa, 0xff, 0xf7, 0x0, 0x0, 0x0, 0x1, 0xef,
    0xff, 0x20, 0xf, 0xff, 0xd0, 0x0, 0x0, 0x0,
    0x0, 0x5f, 0xff, 0x80, 0x4f, 0xff, 0x70, 0x0,
    0x0, 0x0, 0x0, 0xf, 0xff, 0xc0, 0x7f, 0xff,
    0x40, 0x0, 0x0, 0x0, 0x0, 0xb, 0xff, 0xf0,
    0x8f, 0xff, 0x20, 0x0, 0x0, 0x0, 0x0, 0xa,
    0xff, 0xf0, 0x9f, 0xff, 0x10, 0x0, 0x0, 0x0,
    0x0, 0x9, 0xff, 0xf1, 0x8f, 0xff, 0x20, 0x0,
    0x0, 0x0, 0x0, 0xa, 0xff, 0xf0, 0x7f, 0xff,
    0x40, 0x0, 0x0, 0x0, 0x0, 0xb, 0xff, 0xf0,
    0x4f, 0xff, 0x70, 0x0, 0x0, 0x0, 0x0, 0xf,
    0xff, 0xc0, 0xf, 0xff, 0xd0, 0x0, 0x0, 0x0,
    0x0, 0x5f, 0xff, 0x80, 0xa, 0xff, 0xf7, 0x0,
    0x0, 0x0, 0x1, 0xef, 0xff, 0x20, 0x2, 0xff,
    0xff, 0x70, 0x0, 0x0, 0x2d, 0xff, 0xfb, 0x0,
    0x0, 0x7f, 0xff, 0xfd, 0x86, 0x7a, 0xff, 0xff,
    0xe1, 0x0, 0x0, 0x9, 0xff, 0xff, 0xff, 0xff,
    0xff, 0xfe, 0x30, 0x0, 0x0, 0x0, 0x6f, 0xff,
    0xff, 0xff, 0xff, 0xc2, 0x0, 0x0, 0x0, 0x0,
    0x1, 0x7b, 0xef, 0xfd, 0x94, 0x0, 0x0, 0x0,

    /* U+00D5 "Õ" */
    0x0, 0x0, 0x0, 0x1, 0x10, 0x0, 0x22, 0x0,
    0x0, 0x0, 0x0, 0x0, 0x0, 0xaf, 0xfc, 0x31,
    0xef, 0x20, 0x0, 0x0, 0x0, 0x0, 0x6, 0xff,
    0xff, 0xff, 0xfe, 0x0, 0x0, 0x0, 0x0, 0x0,
    0xa, 0xf9, 0x18, 0xff, 0xf4, 0x0, 0x0, 0x0,
    0x0, 0x0, 0x2, 0x31, 0x0, 0x2, 0x0, 0x0,
    0x0, 0x0, 0x0, 0x0, 0x0, 0x0, 0x0, 0x0,
    0x0, 0x0, 0x0, 0x0, 0x0, 0x0, 0x0, 0x0,
    0x0, 0x0, 0x0, 0x0, 0x0, 0x0, 0x0, 0x0,
    0x1, 0x7b, 0xef, 0xfd, 0x94, 0x0, 0x0, 0x0,
    0x0, 0x0, 0x6f, 0xff, 0xff, 0xff, 0xff, 0xc2,
    0x0, 0x0, 0x0, 0x9, 0xff, 0xff, 0xff, 0xff,
    0xff, 0xfe, 0x30, 0x0, 0x0, 0x7f, 0xff, 0xfd,
    0x86, 0x7a, 0xff, 0xff, 0xe1, 0x0, 0x2, 0xff,
    0xff, 0x70, 0x0, 0x0, 0x2d, 0xff, 0xfa, 0x0,
    0xa, 0xff, 0xf7, 0x0, 0x0, 0x0, 0x1, 0xef,
    0xff, 0x20, 0xf, 0xff, 0xd0, 0x0, 0x0, 0x0,
    0x0, 0x5f, 0xff, 0x80, 0x4f, 0xff, 0x70, 0x0,
    0x0, 0x0, 0x0, 0xf, 0xff, 0xc0, 0x7f, 0xff,
    0x40, 0x0, 0x0, 0x0, 0x0, 0xb, 0xff, 0xf0,
    0x8f, 0xff, 0x20, 0x0, 0x0, 0x0, 0x0, 0xa,
    0xff, 0xf0, 0x9f, 0xff, 0x10, 0x0, 0x0, 0x0,
    0x0, 0x9, 0xff, 0xf1, 0x8f, 0xff, 0x20, 0x0,
    0x0, 0x0, 0x0, 0xa, 0xff, 0xf0, 0x7f, 0xff,
    0x40, 0x0, 0x0, 0x0, 0x0, 0xb, 0xff, 0xf0,
    0x4f, 0xff, 0x70, 0x0, 0x0, 0x0, 0x0, 0xf,
    0xff, 0xc0, 0xf, 0xff, 0xd0, 0x0, 0x0, 0x0,
    0x0, 0x5f, 0xff, 0x80, 0xa, 0xff, 0xf7, 0x0,
    0x0, 0x0, 0x1, 0xef, 0xff, 0x20, 0x2, 0xff,
    0xff, 0x70, 0x0, 0x0, 0x2d, 0xff, 0xfb, 0x0,
    0x0, 0x7f, 0xff, 0xfd, 0x86, 0x7a, 0xff, 0xff,
    0xe1, 0x0, 0x0, 0x9, 0xff, 0xff, 0xff, 0xff,
    0xff, 0xfe, 0x30, 0x0, 0x0, 0x0, 0x6f, 0xff,
    0xff, 0xff, 0xff, 0xc2, 0x0, 0x0, 0x0, 0x0,
    0x1, 0x7b, 0xef, 0xfd, 0x94, 0x0, 0x0, 0x0,

    /* U+00D6 "Ö" */
    0x0, 0x0, 0x4, 0xca, 0x10, 0x5, 0xca, 0x0,
    0x0, 0x0, 0x0, 0x0, 0xf, 0xff, 0x80, 0xf,
    0xff, 0x80, 0x0, 0x0, 0x0, 0x0, 0xf, 0xff,
    0x90, 0x1f, 0xff, 0x90, 0x0, 0x0, 0x0, 0x0,
    0x6, 0xec, 0x10, 0x7, 0xfc, 0x10, 0x0, 0x0,
    0x0, 0x0, 0x0, 0x0, 0x0, 0x0, 0x0, 0x0,
    0x0, 0x0, 0x0, 0x0, 0x0, 0x0, 0x0, 0x0,
    0x0, 0x0, 0x0, 0x0, 0x0, 0x0, 0x0, 0x0,
    0x0, 0x0, 0x0, 0x0, 0x0, 0x0, 0x0, 0x0,
    0x1, 0x7b, 0xef, 0xfd, 0x94, 0x0, 0x0, 0x0,
    0x0, 0x0, 0x6f, 0xff, 0xff, 0xff, 0xff, 0xc2,
    0x0, 0x0, 0x0, 0x9, 0xff, 0xff, 0xff, 0xff,
    0xff, 0xfe, 0x30, 0x0, 0x0, 0x7f, 0xff, 0xfd,
    0x86, 0x7a, 0xff, 0xff, 0xe1, 0x0, 0x2, 0xff,
    0xff, 0x70, 0x0, 0x0, 0x2d, 0xff, 0xfa, 0x0,
    0xa, 0xff, 0xf7, 0x0, 0x0, 0x0, 0x1, 0xef,
    0xff, 0x20, 0xf, 0xff, 0xd0, 0x0, 0x0, 0x0,
    0x0, 0x5f, 0xff, 0x80, 0x4f, 0xff, 0x70, 0x0,
    0x0, 0x0, 0x0, 0xf, 0xff, 0xc0, 0x7f, 0xff,
    0x40, 0x0, 0x0, 0x0, 0x0, 0xb, 0xff, 0xf0,
    0x8f, 0xff, 0x20, 0x0, 0x0, 0x0, 0x0, 0xa,
    0xff, 0xf0, 0x9f, 0xff, 0x10, 0x0, 0x0, 0x0,
    0x0, 0x9, 0xff, 0xf1, 0x8f, 0xff, 0x20, 0x0,
    0x0, 0x0, 0x0, 0xa, 0xff, 0xf0, 0x7f, 0xff,
    0x40, 0x0, 0x0, 0x0, 0x0, 0xb, 0xff, 0xf0,
    0x4f, 0xff, 0x70, 0x0, 0x0, 0x0, 0x0, 0xf,
    0xff, 0xc0, 0xf, 0xff, 0xd0, 0x0, 0x0, 0x0,
    0x0, 0x5f, 0xff, 0x80, 0xa, 0xff, 0xf7, 0x0,
    0x0, 0x0, 0x1, 0xef, 0xff, 0x20, 0x2, 0xff,
    0xff, 0x70, 0x0, 0x0, 0x2d, 0xff, 0xfb, 0x0,
    0x0, 0x7f, 0xff, 0xfd, 0x86, 0x7a, 0xff, 0xff,
    0xe1, 0x0, 0x0, 0x9, 0xff, 0xff, 0xff, 0xff,
    0xff, 0xfe, 0x30, 0x0, 0x0, 0x0, 0x6f, 0xff,
    0xff, 0xff, 0xff, 0xc2, 0x0, 0x0, 0x0, 0x0,
    0x1, 0x7b, 0xef, 0xfd, 0x94, 0x0, 0x0, 0x0,

    /* U+00D7 "×" */
    0x0, 0x40, 0x0, 0x0, 0x0, 0x3, 0x0, 0x9,
    0xf5, 0x0, 0x0, 0x0, 0x4f, 0xb0, 0x8f, 0xff,
    0x50, 0x0, 0x3, 0xff, 0xfa, 0x3f, 0xff, 0xf4,
    0x0, 0x3f, 0xff, 0xf5, 0x4, 0xff, 0xff, 0x42,
    0xef, 0xff, 0x50, 0x0, 0x4f, 0xff, 0xfe, 0xff,
    0xf6, 0x0, 0x0, 0x4, 0xff, 0xff, 0xff, 0x60,
    0x0, 0x0, 0x0, 0x6f, 0xff, 0xf9, 0x0, 0x0,
    0x0, 0x1, 0xdf, 0xff, 0xfe, 0x20, 0x0, 0x0,
    0x1d, 0xff, 0xff, 0xff, 0xe2, 0x0, 0x1, 0xdf,
    0xff, 0x86, 0xff, 0xfe, 0x20, 0xc, 0xff, 0xf9,
    0x0, 0x7f, 0xff, 0xe1, 0x9f, 0xff, 0x90, 0x0,
    0x7, 0xff, 0xfc, 0x1d, 0xfa, 0x0, 0x0, 0x0,
    0x8f, 0xe2, 0x1, 0x80, 0x0, 0x0, 0x0, 0x7,
    0x20,

    /* U+00D8 "Ø" */
    0x0, 0x0, 0x0, 0x0, 0x0, 0x0, 0x0, 0x1,
    0x30, 0x0, 0x0, 0x0, 0x1, 0x7b, 0xef, 0xfd,
    0x94, 0xb, 0xf7, 0x0, 0x0, 0x0, 0x6f, 0xff,
    0xff, 0xff, 0xff, 0xff, 0xf8, 0x0, 0x0, 0x9,
    0xff, 0xff, 0xff, 0xff, 0xff, 0xff, 0xf0, 0x0,
    0x0, 0x7f, 0xff, 0xfd, 0x86, 0x7a, 0xff, 0xff,
    0xf1, 0x0, 0x2, 0xff, 0xff, 0x70, 0x0, 0x0,
    0xaf, 0xff, 0xfa, 0x0, 0xa, 0xff, 0xf7, 0x0,
    0x0, 0x3, 0xff, 0xff, 0xff, 0x20, 0xf, 0xff,
    0xd0, 0x0, 0x0, 0xd, 0xfe, 0x7f, 0xff, 0x80,
    0x4f, 0xff, 0x70, 0x0, 0x0, 0x9f, 0xf5, 0xf,
    0xff, 0xc0, 0x7f, 0xff, 0x40, 0x0, 0x4, 0xff,
    0xa0, 0xb, 0xff, 0xf0, 0x8f, 0xff, 0x20, 0x0,
    0x1e, 0xfe, 0x0, 0xa, 0xff, 0xf0, 0x9f, 0xff,
    0x10, 0x0, 0xaf, 0xf3, 0x0, 0x9, 0xff, 0xf1,
    0x8f, 0xff, 0x20, 0x6, 0xff, 0x80, 0x0, 0xa,
    0xff, 0xf0, 0x7f, 0xff, 0x40, 0x2f, 0xfd, 0x0,
    0x0, 0xb, 0xff, 0xf0, 0x4f, 0xff, 0x70, 0xcf,
    0xf2, 0x0, 0x0, 0xf, 0xff, 0xc0, 0xf, 0xff,
    0xd7, 0xff, 0x70, 0x0, 0x0, 0x5f, 0xff, 0x80,
    0xa, 0xff, 0xff, 0xfb, 0x0, 0x0, 0x1, 0xef,
    0xff, 0x20, 0x2, 0xff, 0xff, 0xf1, 0x0, 0x0,
    0x2d, 0xff, 0xfb, 0x0, 0x0, 0x7f, 0xff, 0xfd,
    0x86, 0x7a, 0xff, 0xff, 0xe1, 0x0, 0x0, 0x4f,
    0xff, 0xff, 0xff, 0xff, 0xff, 0xfe, 0x30, 0x0,
    0x1, 0xef, 0xff, 0xff, 0xff, 0xff, 0xff, 0xc2,
    0x0, 0x0, 0x1, 0xcf, 0x41, 0x7b, 0xef, 0xfd,
    0x94, 0x0, 0x0, 0x0, 0x0, 0x4, 0x0, 0x0,
    0x0, 0x0, 0x0, 0x0, 0x0, 0x0,

    /* U+00D9 "Ù" */
    0x0, 0x0, 0x6f, 0xfe, 0x0, 0x0, 0x0, 0x0,
    0x0, 0x0, 0x0, 0xbf, 0xf6, 0x0, 0x0, 0x0,
    0x0, 0x0, 0x0, 0x2, 0xff, 0xd0, 0x0, 0x0,
    0x0, 0x0, 0x0, 0x0, 0x7, 0xff, 0x40, 0x0,
    0x0, 0x0, 0x0, 0x0, 0x0, 0x5, 0x53, 0x0,
    0x0, 0x0, 0x0, 0x0, 0x0, 0x0, 0x0, 0x0,
    0x0, 0x0, 0x0, 0x0, 0x0, 0x0, 0x0, 0x0,
    0x0, 0x0, 0x0, 0xf, 0xff, 0xb0, 0x0, 0x0,
    0x0, 0x1, 0xff, 0xf9, 0xff, 0xfb, 0x0, 0x0,
    0x0, 0x0, 0x1f, 0xff, 0x9f, 0xff, 0xb0, 0x0,
    0x0, 0x0, 0x1, 0xff, 0xf9, 0xff, 0xfb, 0x0,
    0x0, 0x0, 0x0, 0x1f, 0xff, 0x9f, 0xff, 0xb0,
    0x0, 0x0, 0x0, 0x1, 0xff, 0xf9, 0xff, 0xfb,
    0x0, 0x0, 0x0, 0x0, 0x1f, 0xff, 0x9f, 0xff,
    0xb0, 0x0, 0x0, 0x0, 0x1, 0xff, 0xf9, 0xff,
    0xfb, 0x0, 0x0, 0x0, 0x0, 0x1f, 0xff, 0x9f,
    0xff, 0xb0, 0x0, 0x0, 0x0, 0x1, 0xff, 0xf9,
    0xff, 0xfb, 0x0, 0x0, 0x0, 0x0, 0x1f, 0xff,
    0x9f, 0xff, 0xb0, 0x0, 0x0, 0x0, 0x1, 0xff,
    0xf9, 0xff, 0xfb, 0x0, 0x0, 0x0, 0x0, 0x1f,
    0xff, 0x9f, 0xff, 0xb0, 0x0, 0x0, 0x0, 0x1,
    0xff, 0xf9, 0xff, 0xfb, 0x0, 0x0, 0x0, 0x0,
    0x1f, 0xff, 0x8e, 0xff, 0xe0, 0x0, 0x0, 0x0,
    0x4, 0xff, 0xf7, 0xbf, 0xff, 0x50, 0x0, 0x0,
    0x0, 0xbf, 0xff, 0x45, 0xff, 0xfe, 0x30, 0x0,
    0x0, 0x8f, 0xff, 0xe0, 0xc, 0xff, 0xff, 0xb7,
    0x68, 0xdf, 0xff, 0xf6, 0x0, 0x1e, 0xff, 0xff,
    0xff, 0xff, 0xff, 0xfa, 0x0, 0x0, 0x1b, 0xff,
    0xff, 0xff, 0xff, 0xf7, 0x0, 0x0, 0x0, 0x3,
    0x9d, 0xef, 0xec, 0x71, 0x0, 0x0,

    /* U+00DA "Ú" */
    0x0, 0x0, 0x0, 0x0, 0x5f, 0xfe, 0x10, 0x0,
    0x0, 0x0, 0x0, 0x0, 0xc, 0xff, 0x50, 0x0,
    0x0, 0x0, 0x0, 0x0, 0x3, 0xff, 0xb0, 0x0,
    0x0, 0x0, 0x0, 0x0, 0x0, 0xaf, 0xf1, 0x0,
    0x0, 0x0, 0x0, 0x0, 0x0, 0x5, 0x53, 0x0,
    0x0, 0x0, 0x0, 0x0, 0x0, 0x0, 0x0, 0x0,
    0x0, 0x0, 0x0, 0x0, 0x0, 0x0, 0x0, 0x0,
    0x0, 0x0, 0x0, 0xf, 0xff, 0xb0, 0x0, 0x0,
    0x0, 0x1, 0xff, 0xf9, 0xff, 0xfb, 0x0, 0x0,
    0x0, 0x0, 0x1f, 0xff, 0x9f, 0xff, 0xb0, 0x0,
    0x0, 0x0, 0x1, 0xff, 0xf9, 0xff, 0xfb, 0x0,
    0x0, 0x0, 0x0, 0x1f, 0xff, 0x9f, 0xff, 0xb0,
    0x0, 0x0, 0x0, 0x1, 0xff, 0xf9, 0xff, 0xfb,
    0x0, 0x0, 0x0, 0x0, 0x1f, 0xff, 0x9f, 0xff,
    0xb0, 0x0, 0x0, 0x0, 0x1, 0xff, 0xf9, 0xff,
    0xfb, 0x0, 0x0, 0x0, 0x0, 0x1f, 0xff, 0x9f,
    0xff, 0xb0, 0x0, 0x0, 0x0, 0x1, 0xff, 0xf9,
    0xff, 0xfb, 0x0, 0x0, 0x0, 0x0, 0x1f, 0xff,
    0x9f, 0xff, 0xb0, 0x0, 0x0, 0x0, 0x1, 0xff,
    0xf9, 0xff, 0xfb, 0x0, 0x0, 0x0, 0x0, 0x1f,
    0xff, 0x9f, 0xff, 0xb0, 0x0, 0x0, 0x0, 0x1,
    0xff, 0xf9, 0xff, 0xfb, 0x0, 0x0, 0x0, 0x0,
    0x1f, 0xff, 0x8e, 0xff, 0xe0, 0x0, 0x0, 0x0,
    0x4, 0xff, 0xf7, 0xbf, 0xff, 0x50, 0x0, 0x0,
    0x0, 0xbf, 0xff, 0x45, 0xff, 0xfe, 0x30, 0x0,
    0x0, 0x8f, 0xff, 0xe0, 0xc, 0xff, 0xff, 0xb7,
    0x68, 0xdf, 0xff, 0xf6, 0x0, 0x1e, 0xff, 0xff,
    0xff, 0xff, 0xff, 0xfa, 0x0, 0x0, 0x1b, 0xff,
    0xff, 0xff, 0xff, 0xf7, 0x0, 0x0, 0x0, 0x3,
    0x9d, 0xef, 0xec, 0x71, 0x0, 0x0,

    /* U+00DB "Û" */
    0x0, 0x0, 0x0, 0x28, 0x87, 0x0, 0x0, 0x0,
    0x0, 0x0, 0x0, 0x2e, 0xff, 0xfa, 0x0, 0x0,
    0x0, 0x0, 0x0, 0x2e, 0xfe, 0x8f, 0xf9, 0x0,
    0x0, 0x0, 0x0, 0x1e, 0xff, 0x30, 0x9f, 0xf8,
    0x0, 0x0, 0x0, 0x5, 0x88, 0x40, 0x0, 0x78,
    0x71, 0x0, 0x0, 0x0, 0x0, 0x0, 0x0, 0x0,
    0x0, 0x0, 0x0, 0x0, 0x0, 0x0, 0x0, 0x0,
    0x0, 0x0, 0x0, 0xf, 0xff, 0xb0, 0x0, 0x0,
    0x0, 0x1, 0xff, 0xf9, 0xff, 0xfb, 0x0, 0x0,
    0x0, 0x0, 0x1f, 0xff, 0x9f, 0xff, 0xb0, 0x0,
    0x0, 0x0, 0x1, 0xff, 0xf9, 0xff, 0xfb, 0x0,
    0x0, 0x0, 0x0, 0x1f, 0xff, 0x9f, 0xff, 0xb0,
    0x0, 0x0, 0x0, 0x1, 0xff, 0xf9, 0xff, 0xfb,
    0x0, 0x0, 0x0, 0x0, 0x1f, 0xff, 0x9f, 0xff,
    0xb0, 0x0, 0x0, 0x0, 0x1, 0xff, 0xf9, 0xff,
    0xfb, 0x0, 0x0, 0x0, 0x0, 0x1f, 0xff, 0x9f,
    0xff, 0xb0, 0x0, 0x0, 0x0, 0x1, 0xff, 0xf9,
    0xff, 0xfb, 0x0, 0x0, 0x0, 0x0, 0x1f, 0xff,
    0x9f, 0xff, 0xb0, 0x0, 0x0, 0x0, 0x1, 0xff,
    0xf9, 0xff, 0xfb, 0x0, 0x0, 0x0, 0x0, 0x1f,
    0xff, 0x9f, 0xff, 0xb0, 0x0, 0x0, 0x0, 0x1,
    0xff, 0xf9, 0xff, 0xfb, 0x0, 0x0, 0x0, 0x0,
    0x1f, 0xff, 0x8e, 0xff, 0xe0, 0x0, 0x0, 0x0,
    0x4, 0xff, 0xf7, 0xbf, 0xff, 0x50, 0x0, 0x0,
    0x0, 0xbf, 0xff, 0x45, 0xff, 0xfe, 0x30, 0x0,
    0x0, 0x8f, 0xff, 0xe0, 0xc, 0xff, 0xff, 0xb7,
    0x68, 0xdf, 0xff, 0xf6, 0x0, 0x1e, 0xff, 0xff,
    0xff, 0xff, 0xff, 0xfa, 0x0, 0x0, 0x1b, 0xff,
    0xff, 0xff, 0xff, 0xf7, 0x0, 0x0, 0x0, 0x3,
    0x9d, 0xef, 0xec, 0x71, 0x0, 0x0,

    /* U+00DC "Ü" */
    0x0, 0x0, 0x9c, 0x60, 0x0, 0xac, 0x50, 0x0,
    0x0, 0x0, 0x7f, 0xff, 0x10, 0x7f, 0xff, 0x10,
    0x0, 0x0, 0x7, 0xff, 0xf2, 0x8, 0xff, 0xf1,
    0x0, 0x0, 0x0, 0x1c, 0xf8, 0x0, 0x1c, 0xf7,
    0x0, 0x0, 0x0, 0x0, 0x0, 0x0, 0x0, 0x0,
    0x0, 0x0, 0x0, 0x0, 0x0, 0x0, 0x0, 0x0,
    0x0, 0x0, 0x0, 0x0, 0x0, 0x0, 0x0, 0x0,
    0x0, 0x0, 0x0, 0xf, 0xff, 0xb0, 0x0, 0x0,
    0x0, 0x1, 0xff, 0xf9, 0xff, 0xfb, 0x0, 0x0,
    0x0, 0x0, 0x1f, 0xff, 0x9f, 0xff, 0xb0, 0x0,
    0x0, 0x0, 0x1, 0xff, 0xf9, 0xff, 0xfb, 0x0,
    0x0, 0x0, 0x0, 0x1f, 0xff, 0x9f, 0xff, 0xb0,
    0x0, 0x0, 0x0, 0x1, 0xff, 0xf9, 0xff, 0xfb,
    0x0, 0x0, 0x0, 0x0, 0x1f, 0xff, 0x9f, 0xff,
    0xb0, 0x0, 0x0, 0x0, 0x1, 0xff, 0xf9, 0xff,
    0xfb, 0x0, 0x0, 0x0, 0x0, 0x1f, 0xff, 0x9f,
    0xff, 0xb0, 0x0, 0x0, 0x0, 0x1, 0xff, 0xf9,
    0xff, 0xfb, 0x0, 0x0, 0x0, 0x0, 0x1f, 0xff,
    0x9f, 0xff, 0xb0, 0x0, 0x0, 0x0, 0x1, 0xff,
    0xf9, 0xff, 0xfb, 0x0, 0x0, 0x0, 0x0, 0x1f,
    0xff, 0x9f, 0xff, 0xb0, 0x0, 0x0, 0x0, 0x1,
    0xff, 0xf9, 0xff, 0xfb, 0x0, 0x0, 0x0, 0x0,
    0x1f, 0xff, 0x8e, 0xff, 0xe0, 0x0, 0x0, 0x0,
    0x4, 0xff, 0xf7, 0xbf, 0xff, 0x50, 0x0, 0x0,
    0x0, 0xbf, 0xff, 0x45, 0xff, 0xfe, 0x30, 0x0,
    0x0, 0x8f, 0xff, 0xe0, 0xc, 0xff, 0xff, 0xb7,
    0x68, 0xdf, 0xff, 0xf6, 0x0, 0x1e, 0xff, 0xff,
    0xff, 0xff, 0xff, 0xfa, 0x0, 0x0, 0x1b, 0xff,
    0xff, 0xff, 0xff, 0xf7, 0x0, 0x0, 0x0, 0x3,
    0x9d, 0xef, 0xec, 0x71, 0x0, 0x0,

    /* U+00DD "Ý" */
    0x0, 0x0, 0x0, 0x0, 0x0, 0x25, 0x54, 0x0,
    0x0, 0x0, 0x0, 0x0, 0x0, 0x0, 0x0, 0xdf,
    0xf7, 0x0, 0x0, 0x0, 0x0, 0x0, 0x0, 0x0,
    0x4, 0xff, 0xc0, 0x0, 0x0, 0x0, 0x0, 0x0,
    0x0, 0x0, 0xb, 0xff, 0x30, 0x0, 0x0, 0x0,
    0x0, 0x0, 0x0, 0x0, 0x2f, 0xf8, 0x0, 0x0,
    0x0, 0x0, 0x0, 0x0, 0x0, 0x0, 0x0, 0x0,
    0x0, 0x0, 0x0, 0x0, 0x0, 0x0, 0x0, 0x0,
    0x0, 0x0, 0x0, 0x0, 0x0, 0x0, 0x1f, 0xff,
    0xf3, 0x0, 0x0, 0x0, 0x0, 0x3f, 0xff, 0xe1,
    0x7, 0xff, 0xfc, 0x0, 0x0, 0x0, 0x0, 0xcf,
    0xff, 0x60, 0x0, 0xdf, 0xff, 0x50, 0x0, 0x0,
    0x4, 0xff, 0xfd, 0x0, 0x0, 0x4f, 0xff, 0xd0,
    0x0, 0x0, 0xd, 0xff, 0xf4, 0x0, 0x0, 0xb,
    0xff, 0xf6, 0x0, 0x0, 0x6f, 0xff, 0xb0, 0x0,
    0x0, 0x2, 0xff, 0xfe, 0x0, 0x0, 0xef, 0xff,
    0x20, 0x0, 0x0, 0x0, 0x8f, 0xff, 0x80, 0x7,
    0xff, 0xf8, 0x0, 0x0, 0x0, 0x0, 0xe, 0xff,
    0xf1, 0xe, 0xff, 0xe0, 0x0, 0x0, 0x0, 0x0,
    0x5, 0xff, 0xf8, 0x7f, 0xff, 0x60, 0x0, 0x0,
    0x0, 0x0, 0x0, 0xcf, 0xfe, 0xdf, 0xfc, 0x0,
    0x0, 0x0, 0x0, 0x0, 0x0, 0x3f, 0xff, 0xff,
    0xf3, 0x0, 0x0, 0x0, 0x0, 0x0, 0x0, 0x9,
    0xff, 0xff, 0xa0, 0x0, 0x0, 0x0, 0x0, 0x0,
    0x0, 0x1, 0xff, 0xff, 0x10, 0x0, 0x0, 0x0,
    0x0, 0x0, 0x0, 0x0, 0xcf, 0xfd, 0x0, 0x0,
    0x0, 0x0, 0x0, 0x0, 0x0, 0x0, 0xcf, 0xfd,
    0x0, 0x0, 0x0, 0x0, 0x0, 0x0, 0x0, 0x0,
    0xcf, 0xfd, 0x0, 0x0, 0x0, 0x0, 0x0, 0x0,
    0x0, 0x0, 0xcf, 0xfd, 0x0, 0x0, 0x0, 0x0,
    0x0, 0x0, 0x0, 0x0, 0xcf, 0xfd, 0x0, 0x0,
    0x0, 0x0, 0x0, 0x0, 0x0, 0x0, 0xcf, 0xfd,
    0x0, 0x0, 0x0, 0x0, 0x0, 0x0, 0x0, 0x0,
    0xcf, 0xfd, 0x0, 0x0, 0x0, 0x0, 0x0, 0x0,
    0x0, 0x0, 0xcf, 0xfd, 0x0, 0x0, 0x0, 0x0,

    /* U+00DE "Þ" */
    0xf, 0xff, 0xa0, 0x0, 0x0, 0x0, 0x0, 0x0,
    0xf, 0xff, 0xa0, 0x0, 0x0, 0x0, 0x0, 0x0,
    0xf, 0xff, 0xa0, 0x0, 0x0, 0x0, 0x0, 0x0,
    0xf, 0xff, 0xa0, 0x0, 0x0, 0x0, 0x0, 0x0,
    0xf, 0xff, 0xff, 0xff, 0xfd, 0xa4, 0x0, 0x0,
    0xf, 0xff, 0xff, 0xff, 0xff, 0xff, 0xb1, 0x0,
    0xf, 0xff, 0xff, 0xff, 0xff, 0xff, 0xfc, 0x0,
    0xf, 0xff, 0xa0, 0x0, 0x14, 0xcf, 0xff, 0x80,
    0xf, 0xff, 0xa0, 0x0, 0x0, 0xd, 0xff, 0xe0,
    0xf, 0xff, 0xa0, 0x0, 0x0, 0x7, 0xff, 0xf1,
    0xf, 0xff, 0xa0, 0x0, 0x0, 0x4, 0xff, 0xf3,
    0xf, 0xff, 0xa0, 0x0, 0x0, 0x6, 0xff, 0xf1,
    0xf, 0xff, 0xa0, 0x0, 0x0, 0xd, 0xff, 0xe0,
    0xf, 0xff, 0xa0, 0x0, 0x3, 0xbf, 0xff, 0x80,
    0xf, 0xff, 0xff, 0xff, 0xff, 0xff, 0xfd, 0x0,
    0xf, 0xff, 0xff, 0xff, 0xff, 0xff, 0xb1, 0x0,
    0xf, 0xff, 0xff, 0xff, 0xfd, 0xa4, 0x0, 0x0,
    0xf, 0xff, 0xa0, 0x0, 0x0, 0x0, 0x0, 0x0,
    0xf, 0xff, 0xa0, 0x0, 0x0, 0x0, 0x0, 0x0,
    0xf, 0xff, 0xa0, 0x0, 0x0, 0x0, 0x0, 0x0,
    0xf, 0xff, 0xa0, 0x0, 0x0, 0x0, 0x0, 0x0,

    /* U+00DF "ß" */
    0x0, 0x6, 0xbe, 0xfe, 0xc8, 0x20, 0x0, 0x0,
    0x2d, 0xff, 0xff, 0xff, 0xff, 0x70, 0x0, 0x1e,
    0xff, 0xff, 0xff, 0xff, 0xff, 0x70, 0x8, 0xff,
    0xfe, 0x63, 0x4a, 0xff, 0xff, 0x10, 0xcf, 0xff,
    0x20, 0x0, 0xa, 0xff, 0xf4, 0xe, 0xff, 0xb0,
    0x0, 0x0, 0x4f, 0xff, 0x60, 0xff, 0xfa, 0x0,
    0x0, 0x3, 0xff, 0xf5, 0xf, 0xff, 0xa0, 0x0,
    0x0, 0x8f, 0xff, 0x10, 0xff, 0xfa, 0x0, 0x1,
    0x7f, 0xff, 0x60, 0xf, 0xff, 0xa0, 0xf, 0xff,
    0xfd, 0x50, 0x0, 0xff, 0xfa, 0x0, 0xff, 0xff,
    0xea, 0x30, 0xf, 0xff, 0xa0, 0xf, 0xff, 0xff,
    0xff, 0x50, 0xff, 0xfa, 0x0, 0x0, 0x17, 0xff,
    0xff, 0x1f, 0xff, 0xa0, 0x0, 0x0, 0x4, 0xff,
    0xf8, 0xff, 0xfa, 0x0, 0x0, 0x0, 0xe, 0xff,
    0xbf, 0xff, 0xa0, 0x0, 0x0, 0x0, 0xef, 0xfb,
    0xff, 0xfa, 0x0, 0x0, 0x0, 0x4f, 0xff, 0xaf,
    0xff, 0xa0, 0x1, 0x12, 0x7f, 0xff, 0xf5, 0xff,
    0xfa, 0x1, 0xff, 0xff, 0xff, 0xfc, 0xf, 0xff,
    0xa0, 0x1f, 0xff, 0xff, 0xfc, 0x10, 0xff, 0xfa,
    0x1, 0xff, 0xfe, 0xb6, 0x0, 0x0,

    /* U+00E0 "à" */
    0x0, 0x5, 0x55, 0x20, 0x0, 0x0, 0x0, 0x0,
    0x9, 0xff, 0xb0, 0x0, 0x0, 0x0, 0x0, 0x0,
    0xef, 0xf2, 0x0, 0x0, 0x0, 0x0, 0x0, 0x5f,
    0xf9, 0x0, 0x0, 0x0, 0x0, 0x0, 0xa, 0xff,
    0x10, 0x0, 0x0, 0x0, 0x0, 0x0, 0x0, 0x0,
    0x0, 0x0, 0x0, 0x0, 0x0, 0x0, 0x0, 0x0,
    0x0, 0x0, 0x4, 0xad, 0xff, 0xd9, 0x30, 0x0,
    0x0, 0xbf, 0xff, 0xff, 0xff, 0xf8, 0x0, 0xb,
    0xff, 0xff, 0xde, 0xff, 0xff, 0x60, 0x4f, 0xff,
    0xb1, 0x0, 0x3e, 0xff, 0xd0, 0x14, 0x7a, 0x0,
    0x0, 0x7, 0xff, 0xf1, 0x0, 0x0, 0x0, 0x0,
    0x7, 0xff, 0xf2, 0x0, 0x0, 0x14, 0x68, 0xbf,
    0xff, 0xf3, 0x0, 0x7d, 0xff, 0xff, 0xff, 0xff,
    0xf3, 0x1d, 0xff, 0xff, 0xfd, 0xaa, 0xff, 0xf3,
    0x9f, 0xff, 0xa3, 0x0, 0x5, 0xff, 0xf3, 0xdf,
    0xfb, 0x0, 0x0, 0x6, 0xff, 0xf3, 0xef, 0xf8,
    0x0, 0x0, 0xb, 0xff, 0xf3, 0xcf, 0xfe, 0x20,
    0x0, 0x9f, 0xff, 0xf3, 0x7f, 0xff, 0xfc, 0xcf,
    0xfd, 0xff, 0xf3, 0xb, 0xff, 0xff, 0xff, 0xd4,
    0xff, 0xf3, 0x0, 0x6c, 0xff, 0xd7, 0x3, 0xff,
    0xf3,

    /* U+00E1 "á" */
    0x0, 0x0, 0x0, 0x3, 0x55, 0x40, 0x0, 0x0,
    0x0, 0x0, 0xe, 0xff, 0x60, 0x0, 0x0, 0x0,
    0x0, 0x5f, 0xfb, 0x0, 0x0, 0x0, 0x0, 0x0,
    0xcf, 0xf2, 0x0, 0x0, 0x0, 0x0, 0x3, 0xff,
    0x70, 0x0, 0x0, 0x0, 0x0, 0x0, 0x0, 0x0,
    0x0, 0x0, 0x0, 0x0, 0x0, 0x0, 0x0, 0x0,
    0x0, 0x0, 0x4, 0xad, 0xff, 0xd9, 0x30, 0x0,
    0x0, 0xbf, 0xff, 0xff, 0xff, 0xf8, 0x0, 0xb,
    0xff, 0xff, 0xde, 0xff, 0xff, 0x60, 0x4f, 0xff,
    0xb1, 0x0, 0x3e, 0xff, 0xd0, 0x14, 0x7a, 0x0,
    0x0, 0x7, 0xff, 0xf1, 0x0, 0x0, 0x0, 0x0,
    0x7, 0xff, 0xf2, 0x0, 0x0, 0x14, 0x68, 0xbf,
    0xff, 0xf3, 0x0, 0x7d, 0xff, 0xff, 0xff, 0xff,
    0xf3, 0x1d, 0xff, 0xff, 0xfd, 0xaa, 0xff, 0xf3,
    0x9f, 0xff, 0xa3, 0x0, 0x5, 0xff, 0xf3, 0xdf,
    0xfb, 0x0, 0x0, 0x6, 0xff, 0xf3, 0xef, 0xf8,
    0x0, 0x0, 0xb, 0xff, 0xf3, 0xcf, 0xfe, 0x20,
    0x0, 0x9f, 0xff, 0xf3, 0x7f, 0xff, 0xfc, 0xcf,
    0xfd, 0xff, 0xf3, 0xb, 0xff, 0xff, 0xff, 0xd4,
    0xff, 0xf3, 0x0, 0x6c, 0xff, 0xd7, 0x3, 0xff,
    0xf3,

    /* U+00E2 "â" */
    0x0, 0x0, 0x6, 0x88, 0x40, 0x0, 0x0, 0x0,
    0x0, 0x7f, 0xff, 0xf4, 0x0, 0x0, 0x0, 0x6,
    0xff, 0xac, 0xff, 0x30, 0x0, 0x0, 0x6f, 0xfc,
    0x1, 0xef, 0xf3, 0x0, 0x0, 0x78, 0x71, 0x0,
    0x28, 0x86, 0x0, 0x0, 0x0, 0x0, 0x0, 0x0,
    0x0, 0x0, 0x0, 0x0, 0x0, 0x0, 0x0, 0x0,
    0x0, 0x0, 0x4, 0xad, 0xff, 0xd9, 0x30, 0x0,
    0x0, 0xbf, 0xff, 0xff, 0xff, 0xf8, 0x0, 0xb,
    0xff, 0xff, 0xde, 0xff, 0xff, 0x60, 0x4f, 0xff,
    0xb1, 0x0, 0x3e, 0xff, 0xd0, 0x14, 0x7a, 0x0,
    0x0, 0x7, 0xff, 0xf1, 0x0, 0x0, 0x0, 0x0,
    0x7, 0xff, 0xf2, 0x0, 0x0, 0x14, 0x68, 0xbf,
    0xff, 0xf3, 0x0, 0x7d, 0xff, 0xff, 0xff, 0xff,
    0xf3, 0x1d, 0xff, 0xff, 0xfd, 0xaa, 0xff, 0xf3,
    0x9f, 0xff, 0xa3, 0x0, 0x5, 0xff, 0xf3, 0xdf,
    0xfb, 0x0, 0x0, 0x6, 0xff, 0xf3, 0xef, 0xf8,
    0x0, 0x0, 0xb, 0xff, 0xf3, 0xcf, 0xfe, 0x20,
    0x0, 0x9f, 0xff, 0xf3, 0x7f, 0xff, 0xfc, 0xcf,
    0xfd, 0xff, 0xf3, 0xb, 0xff, 0xff, 0xff, 0xd4,
    0xff, 0xf3, 0x0, 0x6c, 0xff, 0xd7, 0x3, 0xff,
    0xf3,

    /* U+00E3 "ã" */
    0x0, 0x9, 0xef, 0xff, 0xff, 0xf4, 0x0, 0x0,
    0x6f, 0xff, 0xff, 0xff, 0xa0, 0x0, 0x0, 0x13,
    0x22, 0x22, 0x21, 0x0, 0x0, 0x0, 0x0, 0x0,
    0x0, 0x0, 0x0, 0x0, 0x0, 0x0, 0x0, 0x0,
    0x0, 0x0, 0x0, 0x0, 0x4, 0xad, 0xff, 0xd9,
    0x30, 0x0, 0x0, 0xbf, 0xff, 0xff, 0xff, 0xf8,
    0x0, 0xb, 0xff, 0xff, 0xde, 0xff, 0xff, 0x60,
    0x4f, 0xff, 0xb1, 0x0, 0x3e, 0xff, 0xd0, 0x14,
    0x7a, 0x0, 0x0, 0x7, 0xff, 0xf1, 0x0, 0x0,
    0x0, 0x0, 0x7, 0xff, 0xf2, 0x0, 0x0, 0x14,
    0x68, 0xbf, 0xff, 0xf3, 0x0, 0x7d, 0xff, 0xff,
    0xff, 0xff, 0xf3, 0x1d, 0xff, 0xff, 0xfd, 0xaa,
    0xff, 0xf3, 0x9f, 0xff, 0xa3, 0x0, 0x5, 0xff,
    0xf3, 0xdf, 0xfb, 0x0, 0x0, 0x6, 0xff, 0xf3,
    0xef, 0xf8, 0x0, 0x0, 0xb, 0xff, 0xf3, 0xcf,
    0xfe, 0x20, 0x0, 0x9f, 0xff, 0xf3, 0x7f, 0xff,
    0xfc, 0xcf, 0xfd, 0xff, 0xf3, 0xb, 0xff, 0xff,
    0xff, 0xd4, 0xff, 0xf3, 0x0, 0x6c, 0xff, 0xd7,
    0x3, 0xff, 0xf3,

    /* U+00E4 "ä" */
    0x0, 0x4e, 0xd3, 0x0, 0x5e, 0xd2, 0x0, 0x0,
    0xef, 0xfc, 0x0, 0xef, 0xfb, 0x0, 0x0, 0xdf,
    0xfb, 0x0, 0xef, 0xfa, 0x0, 0x0, 0x3c, 0xb2,
    0x0, 0x3c, 0xb1, 0x0, 0x0, 0x0, 0x0, 0x0,
    0x0, 0x0, 0x0, 0x0, 0x0, 0x0, 0x0, 0x0,
    0x0, 0x0, 0x0, 0x4, 0xad, 0xff, 0xd9, 0x30,
    0x0, 0x0, 0xbf, 0xff, 0xff, 0xff, 0xf8, 0x0,
    0xb, 0xff, 0xff, 0xde, 0xff, 0xff, 0x60, 0x4f,
    0xff, 0xb1, 0x0, 0x3e, 0xff, 0xd0, 0x14, 0x7a,
    0x0, 0x0, 0x7, 0xff, 0xf1, 0x0, 0x0, 0x0,
    0x0, 0x7, 0xff, 0xf2, 0x0, 0x0, 0x14, 0x68,
    0xbf, 0xff, 0xf3, 0x0, 0x7d, 0xff, 0xff, 0xff,
    0xff, 0xf3, 0x1d, 0xff, 0xff, 0xfd, 0xaa, 0xff,
    0xf3, 0x9f, 0xff, 0xa3, 0x0, 0x5, 0xff, 0xf3,
    0xdf, 0xfb, 0x0, 0x0, 0x6, 0xff, 0xf3, 0xef,
    0xf8, 0x0, 0x0, 0xb, 0xff, 0xf3, 0xcf, 0xfe,
    0x20, 0x0, 0x9f, 0xff, 0xf3, 0x7f, 0xff, 0xfc,
    0xcf, 0xfd, 0xff, 0xf3, 0xb, 0xff, 0xff, 0xff,
    0xd4, 0xff, 0xf3, 0x0, 0x6c, 0xff, 0xd7, 0x3,
    0xff, 0xf3,

    /* U+00E5 "å" */
    0x0, 0x0, 0x2b, 0xfe, 0xa1, 0x0, 0x0, 0x0,
    0x2, 0xff, 0xff, 0xfd, 0x0, 0x0, 0x0, 0x9,
    0xfa, 0x0, 0xcf, 0x70, 0x0, 0x0, 0xb, 0xf4,
    0x0, 0x7f, 0x90, 0x0, 0x0, 0x9, 0xfb, 0x12,
    0xdf, 0x60, 0x0, 0x0, 0x1, 0xef, 0xff, 0xfc,
    0x0, 0x0, 0x0, 0x0, 0x19, 0xdc, 0x80, 0x0,
    0x0, 0x0, 0x0, 0x0, 0x0, 0x0, 0x0, 0x0,
    0x0, 0x4, 0xad, 0xff, 0xd9, 0x30, 0x0, 0x0,
    0xbf, 0xff, 0xff, 0xff, 0xf8, 0x0, 0xb, 0xff,
    0xff, 0xde, 0xff, 0xff, 0x60, 0x4f, 0xff, 0xb1,
    0x0, 0x3e, 0xff, 0xd0, 0x14, 0x7a, 0x0, 0x0,
    0x7, 0xff, 0xf1, 0x0, 0x0, 0x0, 0x0, 0x7,
    0xff, 0xf2, 0x0, 0x0, 0x14, 0x68, 0xbf, 0xff,
    0xf3, 0x0, 0x7d, 0xff, 0xff, 0xff, 0xff, 0xf3,
    0x1d, 0xff, 0xff, 0xfd, 0xaa, 0xff, 0xf3, 0x9f,
    0xff, 0xa3, 0x0, 0x5, 0xff, 0xf3, 0xdf, 0xfb,
    0x0, 0x0, 0x6, 0xff, 0xf3, 0xef, 0xf8, 0x0,
    0x0, 0xb, 0xff, 0xf3, 0xcf, 0xfe, 0x20, 0x0,
    0x9f, 0xff, 0xf3, 0x7f, 0xff, 0xfc, 0xcf, 0xfd,
    0xff, 0xf3, 0xb, 0xff, 0xff, 0xff, 0xd4, 0xff,
    0xf3, 0x0, 0x6c, 0xff, 0xd7, 0x3, 0xff, 0xf3,

    /* U+00E6 "æ" */
    0x0, 0x4, 0xad, 0xff, 0xd8, 0x10, 0x5, 0xbe,
    0xfd, 0xa4, 0x0, 0x0, 0x0, 0xbf, 0xff, 0xff,
    0xff, 0xe3, 0xcf, 0xff, 0xff, 0xff, 0xb1, 0x0,
    0xb, 0xff, 0xff, 0xde, 0xff, 0xff, 0xff, 0xfe,
    0xdf, 0xff, 0xfc, 0x0, 0x4f, 0xff, 0xb1, 0x0,
    0x3e, 0xff, 0xff, 0x50, 0x0, 0x7f, 0xff, 0x70,
    0x14, 0x7a, 0x0, 0x0, 0x7, 0xff, 0xf7, 0x0,
    0x0, 0xa, 0xff, 0xe0, 0x0, 0x0, 0x0, 0x0,
    0x5, 0xff, 0xf0, 0x0, 0x0, 0x4, 0xff, 0xf2,
    0x0, 0x0, 0x36, 0x78, 0x8a, 0xff, 0xe8, 0x88,
    0x88, 0x89, 0xff, 0xf4, 0x0, 0x9f, 0xff, 0xff,
    0xff, 0xff, 0xff, 0xff, 0xff, 0xff, 0xff, 0xf5,
    0x1d, 0xff, 0xff, 0xff, 0xff, 0xff, 0xff, 0xff,
    0xff, 0xff, 0xff, 0xf6, 0x8f, 0xff, 0x93, 0x0,
    0x5, 0xff, 0xd0, 0x0, 0x0, 0x0, 0x0, 0x0,
    0xdf, 0xfa, 0x0, 0x0, 0x7, 0xff, 0xf0, 0x0,
    0x0, 0x0, 0x0, 0x0, 0xef, 0xf8, 0x0, 0x0,
    0xc, 0xff, 0xf8, 0x0, 0x0, 0x5, 0xca, 0x81,
    0xdf, 0xfe, 0x40, 0x2, 0xbf, 0xff, 0xff, 0x70,
    0x0, 0x5f, 0xff, 0xd0, 0x7f, 0xff, 0xff, 0xff,
    0xff, 0xcd, 0xff, 0xff, 0xef, 0xff, 0xff, 0x40,
    0xb, 0xff, 0xff, 0xff, 0xfc, 0x11, 0xcf, 0xff,
    0xff, 0xff, 0xf5, 0x0, 0x0, 0x6c, 0xff, 0xea,
    0x50, 0x0, 0x5, 0xbe, 0xff, 0xc8, 0x10, 0x0,

    /* U+00E7 "ç" */
    0x0, 0x0, 0x5b, 0xef, 0xec, 0x60, 0x0, 0x0,
    0x2, 0xdf, 0xff, 0xff, 0xff, 0xd2, 0x0, 0x1,
    0xef, 0xff, 0xff, 0xff, 0xff, 0xe1, 0x0, 0xaf,
    0xff, 0xa2, 0x2, 0xaf, 0xff, 0x90, 0x2f, 0xff,
    0xc0, 0x0, 0x0, 0xbf, 0xfe, 0x7, 0xff, 0xf4,
    0x0, 0x0, 0x3, 0x73, 0x0, 0xaf, 0xff, 0x0,
    0x0, 0x0, 0x0, 0x0, 0xb, 0xff, 0xe0, 0x0,
    0x0, 0x0, 0x0, 0x0, 0xbf, 0xfe, 0x0, 0x0,
    0x0, 0x0, 0x0, 0xa, 0xff, 0xf0, 0x0, 0x0,
    0x0, 0x0, 0x0, 0x7f, 0xff, 0x40, 0x0, 0x0,
    0x39, 0x52, 0x2, 0xff, 0xfb, 0x0, 0x0, 0xb,
    0xff, 0xf0, 0xa, 0xff, 0xfa, 0x20, 0x2a, 0xff,
    0xf9, 0x0, 0x1e, 0xff, 0xff, 0xff, 0xff, 0xfe,
    0x10, 0x0, 0x2d, 0xff, 0xff, 0xff, 0xfd, 0x20,
    0x0, 0x0, 0x5, 0xbf, 0xff, 0xc6, 0x0, 0x0,
    0x0, 0x0, 0x0, 0x6f, 0x40, 0x0, 0x0, 0x0,
    0x0, 0x0, 0x8, 0xff, 0xc2, 0x0, 0x0, 0x0,
    0x0, 0x0, 0x46, 0xbf, 0xb0, 0x0, 0x0, 0x0,
    0x0, 0x0, 0x4, 0xfd, 0x0, 0x0, 0x0, 0x0,
    0x1, 0x99, 0xdf, 0xa0, 0x0, 0x0, 0x0, 0x0,
    0x2f, 0xfe, 0xa1, 0x0, 0x0,

    /* U+00E8 "è" */
    0x0, 0x3, 0x55, 0x40, 0x0, 0x0, 0x0, 0x0,
    0x0, 0x2f, 0xff, 0x20, 0x0, 0x0, 0x0, 0x0,
    0x0, 0x8f, 0xf9, 0x0, 0x0, 0x0, 0x0, 0x0,
    0x0, 0xdf, 0xf0, 0x0, 0x0, 0x0, 0x0, 0x0,
    0x4, 0xff, 0x70, 0x0, 0x0, 0x0, 0x0, 0x0,
    0x0, 0x0, 0x0, 0x0, 0x0, 0x0, 0x0, 0x0,
    0x0, 0x0, 0x0, 0x0, 0x0, 0x0, 0x6, 0xce,
    0xfd, 0xa4, 0x0, 0x0, 0x0, 0x2d, 0xff, 0xff,
    0xff, 0xfb, 0x10, 0x0, 0x1e, 0xff, 0xff, 0xef,
    0xff, 0xfb, 0x0, 0xa, 0xff, 0xf6, 0x0, 0x19,
    0xff, 0xf7, 0x2, 0xff, 0xf7, 0x0, 0x0, 0xb,
    0xff, 0xe0, 0x7f, 0xff, 0x0, 0x0, 0x0, 0x4f,
    0xff, 0x2a, 0xff, 0xe8, 0x88, 0x88, 0x88, 0xff,
    0xf4, 0xbf, 0xff, 0xff, 0xff, 0xff, 0xff, 0xff,
    0x5b, 0xff, 0xff, 0xff, 0xff, 0xff, 0xff, 0xf6,
    0xaf, 0xfd, 0x0, 0x0, 0x0, 0x0, 0x0, 0x7,
    0xff, 0xf0, 0x0, 0x0, 0x0, 0x0, 0x0, 0x2f,
    0xff, 0x80, 0x0, 0x0, 0x4b, 0x85, 0x0, 0xbf,
    0xff, 0x71, 0x0, 0x5e, 0xff, 0xd0, 0x1, 0xef,
    0xff, 0xfe, 0xff, 0xff, 0xf4, 0x0, 0x2, 0xdf,
    0xff, 0xff, 0xff, 0xf5, 0x0, 0x0, 0x0, 0x5b,
    0xdf, 0xfc, 0x81, 0x0, 0x0,

    /* U+00E9 "é" */
    0x0, 0x0, 0x0, 0x0, 0x55, 0x51, 0x0, 0x0,
    0x0, 0x0, 0x0, 0x7f, 0xfc, 0x0, 0x0, 0x0,
    0x0, 0x0, 0xe, 0xff, 0x20, 0x0, 0x0, 0x0,
    0x0, 0x5, 0xff, 0x80, 0x0, 0x0, 0x0, 0x0,
    0x0, 0xcf, 0xd0, 0x0, 0x0, 0x0, 0x0, 0x0,
    0x0, 0x0, 0x0, 0x0, 0x0, 0x0, 0x0, 0x0,
    0x0, 0x0, 0x0, 0x0, 0x0, 0x0, 0x6, 0xce,
    0xfd, 0xa4, 0x0, 0x0, 0x0, 0x2d, 0xff, 0xff,
    0xff, 0xfb, 0x10, 0x0, 0x1e, 0xff, 0xff, 0xef,
    0xff, 0xfb, 0x0, 0xa, 0xff, 0xf6, 0x0, 0x19,
    0xff, 0xf7, 0x2, 0xff, 0xf7, 0x0, 0x0, 0xb,
    0xff, 0xe0, 0x7f, 0xff, 0x0, 0x0, 0x0, 0x4f,
    0xff, 0x2a, 0xff, 0xe8, 0x88, 0x88, 0x88, 0xff,
    0xf4, 0xbf, 0xff, 0xff, 0xff, 0xff, 0xff, 0xff,
    0x5b, 0xff, 0xff, 0xff, 0xff, 0xff, 0xff, 0xf6,
    0xaf, 0xfd, 0x0, 0x0, 0x0, 0x0, 0x0, 0x7,
    0xff, 0xf0, 0x0, 0x0, 0x0, 0x0, 0x0, 0x2f,
    0xff, 0x80, 0x0, 0x0, 0x4b, 0x85, 0x0, 0xbf,
    0xff, 0x71, 0x0, 0x5e, 0xff, 0xd0, 0x1, 0xef,
    0xff, 0xfe, 0xff, 0xff, 0xf4, 0x0, 0x2, 0xdf,
    0xff, 0xff, 0xff, 0xf5, 0x0, 0x0, 0x0, 0x5b,
    0xdf, 0xfc, 0x81, 0x0, 0x0,

    /* U+00EA "ê" */
    0x0, 0x0, 0x2, 0x88, 0x70, 0x0, 0x0, 0x0,
    0x0, 0x2, 0xef, 0xff, 0xb0, 0x0, 0x0, 0x0,
    0x1, 0xef, 0xe8, 0xff, 0xa0, 0x0, 0x0, 0x1,
    0xdf, 0xf4, 0x8, 0xff, 0x80, 0x0, 0x0, 0x58,
    0x84, 0x0, 0x7, 0x88, 0x20, 0x0, 0x0, 0x0,
    0x0, 0x0, 0x0, 0x0, 0x0, 0x0, 0x0, 0x0,
    0x0, 0x0, 0x0, 0x0, 0x0, 0x0, 0x6, 0xce,
    0xfd, 0xa4, 0x0, 0x0, 0x0, 0x2d, 0xff, 0xff,
    0xff, 0xfb, 0x10, 0x0, 0x1e, 0xff, 0xff, 0xef,
    0xff, 0xfb, 0x0, 0xa, 0xff, 0xf6, 0x0, 0x19,
    0xff, 0xf7, 0x2, 0xff, 0xf7, 0x0, 0x0, 0xb,
    0xff, 0xe0, 0x7f, 0xff, 0x0, 0x0, 0x0, 0x4f,
    0xff, 0x2a, 0xff, 0xe8, 0x88, 0x88, 0x88, 0xff,
    0xf4, 0xbf, 0xff, 0xff, 0xff, 0xff, 0xff, 0xff,
    0x5b, 0xff, 0xff, 0xff, 0xff, 0xff, 0xff, 0xf6,
    0xaf, 0xfd, 0x0, 0x0, 0x0, 0x0, 0x0, 0x7,
    0xff, 0xf0, 0x0, 0x0, 0x0, 0x0, 0x0, 0x2f,
    0xff, 0x80, 0x0, 0x0, 0x4b, 0x85, 0x0, 0xbf,
    0xff, 0x71, 0x0, 0x5e, 0xff, 0xd0, 0x1, 0xef,
    0xff, 0xfe, 0xff, 0xff, 0xf4, 0x0, 0x2, 0xdf,
    0xff, 0xff, 0xff, 0xf5, 0x0, 0x0, 0x0, 0x5b,
    0xdf, 0xfc, 0x81, 0x0, 0x0,

    /* U+00EB "ë" */
    0x0, 0x1b, 0xf8, 0x0, 0x1c, 0xf7, 0x0, 0x0,
    0x7, 0xff, 0xf2, 0x8, 0xff, 0xf2, 0x0, 0x0,
    0x6f, 0xff, 0x20, 0x7f, 0xff, 0x10, 0x0, 0x0,
    0x9c, 0x60, 0x0, 0x9c, 0x50, 0x0, 0x0, 0x0,
    0x0, 0x0, 0x0, 0x0, 0x0, 0x0, 0x0, 0x0,
    0x0, 0x0, 0x0, 0x0, 0x0, 0x0, 0x0, 0x6c,
    0xef, 0xda, 0x40, 0x0, 0x0, 0x2, 0xdf, 0xff,
    0xff, 0xff, 0xb1, 0x0, 0x1, 0xef, 0xff, 0xfe,
    0xff, 0xff, 0xb0, 0x0, 0xaf, 0xff, 0x60, 0x1,
    0x9f, 0xff, 0x70, 0x2f, 0xff, 0x70, 0x0, 0x0,
    0xbf, 0xfe, 0x7, 0xff, 0xf0, 0x0, 0x0, 0x4,
    0xff, 0xf2, 0xaf, 0xfe, 0x88, 0x88, 0x88, 0x8f,
    0xff, 0x4b, 0xff, 0xff, 0xff, 0xff, 0xff, 0xff,
    0xf5, 0xbf, 0xff, 0xff, 0xff, 0xff, 0xff, 0xff,
    0x6a, 0xff, 0xd0, 0x0, 0x0, 0x0, 0x0, 0x0,
    0x7f, 0xff, 0x0, 0x0, 0x0, 0x0, 0x0, 0x2,
    0xff, 0xf8, 0x0, 0x0, 0x4, 0xb8, 0x50, 0xb,
    0xff, 0xf7, 0x10, 0x5, 0xef, 0xfd, 0x0, 0x1e,
    0xff, 0xff, 0xef, 0xff, 0xff, 0x40, 0x0, 0x2d,
    0xff, 0xff, 0xff, 0xff, 0x50, 0x0, 0x0, 0x5,
    0xbd, 0xff, 0xc8, 0x10, 0x0,

    /* U+00EC "ì" */
    0x1f, 0xff, 0x50, 0x0, 0x6f, 0xfc, 0x0, 0x0,
    0xcf, 0xf3, 0x0, 0x2, 0xff, 0xa0, 0x0, 0x3,
    0x54, 0x0, 0x0, 0x0, 0x0, 0x0, 0x1f, 0xff,
    0x70, 0x1, 0xff, 0xf7, 0x0, 0x1f, 0xff, 0x70,
    0x1, 0xff, 0xf7, 0x0, 0x1f, 0xff, 0x70, 0x1,
    0xff, 0xf7, 0x0, 0x1f, 0xff, 0x70, 0x1, 0xff,
    0xf7, 0x0, 0x1f, 0xff, 0x70, 0x1, 0xff, 0xf7,
    0x0, 0x1f, 0xff, 0x70, 0x1, 0xff, 0xf7, 0x0,
    0x1f, 0xff, 0x70, 0x1, 0xff, 0xf7, 0x0, 0x1f,
    0xff, 0x70, 0x1, 0xff, 0xf7,

    /* U+00ED "í" */
    0x0, 0xf, 0xff, 0x50, 0x7, 0xff, 0xb0, 0x0,
    0xdf, 0xf1, 0x0, 0x5f, 0xf6, 0x0, 0x3, 0x55,
    0x0, 0x0, 0x0, 0x0, 0x0, 0x1f, 0xff, 0x70,
    0x1, 0xff, 0xf7, 0x0, 0x1f, 0xff, 0x70, 0x1,
    0xff, 0xf7, 0x0, 0x1f, 0xff, 0x70, 0x1, 0xff,
    0xf7, 0x0, 0x1f, 0xff, 0x70, 0x1, 0xff, 0xf7,
    0x0, 0x1f, 0xff, 0x70, 0x1, 0xff, 0xf7, 0x0,
    0x1f, 0xff, 0x70, 0x1, 0xff, 0xf7, 0x0, 0x1f,
    0xff, 0x70, 0x1, 0xff, 0xf7, 0x0, 0x1f, 0xff,
    0x70, 0x1, 0xff, 0xf7, 0x0,

    /* U+00EE "î" */
    0x0, 0x4, 0xff, 0xf8, 0x0, 0x0, 0x3, 0xff,
    0xef, 0xf7, 0x0, 0x3, 0xff, 0xe1, 0xaf, 0xf6,
    0x2, 0xef, 0xf2, 0x0, 0xcf, 0xf5, 0x0, 0x0,
    0x0, 0x0, 0x0, 0x0, 0x0, 0x0, 0x0, 0x0,
    0x0, 0x0, 0x1, 0xff, 0xf7, 0x0, 0x0, 0x0,
    0x1f, 0xff, 0x70, 0x0, 0x0, 0x1, 0xff, 0xf7,
    0x0, 0x0, 0x0, 0x1f, 0xff, 0x70, 0x0, 0x0,
    0x1, 0xff, 0xf7, 0x0, 0x0, 0x0, 0x1f, 0xff,
    0x70, 0x0, 0x0, 0x1, 0xff, 0xf7, 0x0, 0x0,
    0x0, 0x1f, 0xff, 0x70, 0x0, 0x0, 0x1, 0xff,
    0xf7, 0x0, 0x0, 0x0, 0x1f, 0xff, 0x70, 0x0,
    0x0, 0x1, 0xff, 0xf7, 0x0, 0x0, 0x0, 0x1f,
    0xff, 0x70, 0x0, 0x0, 0x1, 0xff, 0xf7, 0x0,
    0x0, 0x0, 0x1f, 0xff, 0x70, 0x0, 0x0, 0x1,
    0xff, 0xf7, 0x0, 0x0, 0x0, 0x1f, 0xff, 0x70,
    0x0,

    /* U+00EF "ï" */
    0x8, 0xfc, 0x10, 0x8, 0xfb, 0x2, 0xff, 0xf7,
    0x2, 0xff, 0xf7, 0x1f, 0xff, 0x70, 0x2f, 0xff,
    0x60, 0x6c, 0x90, 0x0, 0x6c, 0x90, 0x0, 0x0,
    0x0, 0x0, 0x0, 0x0, 0x0, 0x0, 0x0, 0x0,
    0x0, 0x0, 0x1, 0xff, 0xf7, 0x0, 0x0, 0x0,
    0x1f, 0xff, 0x70, 0x0, 0x0, 0x1, 0xff, 0xf7,
    0x0, 0x0, 0x0, 0x1f, 0xff, 0x70, 0x0, 0x0,
    0x1, 0xff, 0xf7, 0x0, 0x0, 0x0, 0x1f, 0xff,
    0x70, 0x0, 0x0, 0x1, 0xff, 0xf7, 0x0, 0x0,
    0x0, 0x1f, 0xff, 0x70, 0x0, 0x0, 0x1, 0xff,
    0xf7, 0x0, 0x0, 0x0, 0x1f, 0xff, 0x70, 0x0,
    0x0, 0x1, 0xff, 0xf7, 0x0, 0x0, 0x0, 0x1f,
    0xff, 0x70, 0x0, 0x0, 0x1, 0xff, 0xf7, 0x0,
    0x0, 0x0, 0x1f, 0xff, 0x70, 0x0, 0x0, 0x1,
    0xff, 0xf7, 0x0, 0x0, 0x0, 0x1f, 0xff, 0x70,
    0x0,

    /* U+00F0 "ð" */
    0x0, 0x4, 0x20, 0x0, 0x0, 0x0, 0x0, 0x0,
    0x0, 0xcf, 0xb3, 0x0, 0x6, 0xb0, 0x0, 0x0,
    0xd, 0xff, 0xf9, 0x6d, 0xff, 0x0, 0x0, 0x0,
    0x7, 0xff, 0xff, 0xf9, 0x10, 0x0, 0x0, 0x0,
    0x5d, 0xff, 0xfe, 0x20, 0x0, 0x0, 0x1, 0xcf,
    0xfb, 0xbf, 0xfd, 0x10, 0x0, 0x0, 0xf, 0xb3,
    0x0, 0xaf, 0xfb, 0x0, 0x0, 0x0, 0x20, 0x0,
    0x0, 0xdf, 0xf5, 0x0, 0x0, 0x2, 0xad, 0xfd,
    0x83, 0xff, 0xe0, 0x0, 0x6, 0xff, 0xff, 0xff,
    0xda, 0xff, 0x60, 0x4, 0xff, 0xfe, 0x98, 0xbf,
    0xff, 0xfc, 0x0, 0xef, 0xfd, 0x10, 0x0, 0x4f,
    0xff, 0xf0, 0x4f, 0xff, 0x40, 0x0, 0x0, 0x9f,
    0xff, 0x39, 0xff, 0xe0, 0x0, 0x0, 0x3, 0xff,
    0xf5, 0xbf, 0xfc, 0x0, 0x0, 0x0, 0xf, 0xff,
    0x6c, 0xff, 0xa0, 0x0, 0x0, 0x0, 0xff, 0xf5,
    0xaf, 0xfc, 0x0, 0x0, 0x0, 0x1f, 0xff, 0x38,
    0xff, 0xf0, 0x0, 0x0, 0x5, 0xff, 0xf1, 0x3f,
    0xff, 0x80, 0x0, 0x0, 0xcf, 0xfb, 0x0, 0xcf,
    0xff, 0x71, 0x2, 0xaf, 0xff, 0x40, 0x2, 0xff,
    0xff, 0xff, 0xff, 0xff, 0xa0, 0x0, 0x3, 0xef,
    0xff, 0xff, 0xff, 0x90, 0x0, 0x0, 0x1, 0x7c,
    0xef, 0xea, 0x40, 0x0, 0x0,

    /* U+00F1 "ñ" */
    0x0, 0x1, 0xaf, 0xea, 0x56, 0xff, 0x0, 0x0,
    0x0, 0x9f, 0xff, 0xff, 0xff, 0xb0, 0x0, 0x0,
    0xd, 0xf7, 0x49, 0xdf, 0xb1, 0x0, 0x0, 0x0,
    0x0, 0x0, 0x0, 0x0, 0x0, 0x0, 0x0, 0x0,
    0x0, 0x0, 0x0, 0x0, 0x0, 0x1, 0xff, 0xf4,
    0x5, 0xce, 0xfc, 0x60, 0x0, 0x1f, 0xff, 0x49,
    0xff, 0xff, 0xff, 0xb0, 0x1, 0xff, 0xf9, 0xff,
    0xff, 0xff, 0xff, 0x70, 0x1f, 0xff, 0xfc, 0x30,
    0x18, 0xff, 0xfe, 0x1, 0xff, 0xfe, 0x10, 0x0,
    0xc, 0xff, 0xf1, 0x1f, 0xff, 0x90, 0x0, 0x0,
    0x6f, 0xff, 0x31, 0xff, 0xf7, 0x0, 0x0, 0x5,
    0xff, 0xf4, 0x1f, 0xff, 0x70, 0x0, 0x0, 0x5f,
    0xff, 0x41, 0xff, 0xf7, 0x0, 0x0, 0x5, 0xff,
    0xf4, 0x1f, 0xff, 0x70, 0x0, 0x0, 0x5f, 0xff,
    0x41, 0xff, 0xf7, 0x0, 0x0, 0x5, 0xff, 0xf4,
    0x1f, 0xff, 0x70, 0x0, 0x0, 0x5f, 0xff, 0x41,
    0xff, 0xf7, 0x0, 0x0, 0x5, 0xff, 0xf4, 0x1f,
    0xff, 0x70, 0x0, 0x0, 0x5f, 0xff, 0x41, 0xff,
    0xf7, 0x0, 0x0, 0x5, 0xff, 0xf4, 0x1f, 0xff,
    0x70, 0x0, 0x0, 0x5f, 0xff, 0x40,

    /* U+00F2 "ò" */
    0x0, 0x2, 0x55, 0x50, 0x0, 0x0, 0x0, 0x0,
    0x0, 0x1e, 0xff, 0x40, 0x0, 0x0, 0x0, 0x0,
    0x0, 0x5f, 0xfb, 0x0, 0x0, 0x0, 0x0, 0x0,
    0x0, 0xbf, 0xf2, 0x0, 0x0, 0x0, 0x0, 0x0,
    0x1, 0xff, 0x90, 0x0, 0x0, 0x0, 0x0, 0x0,
    0x0, 0x0, 0x0, 0x0, 0x0, 0x0, 0x0, 0x0,
    0x0, 0x0, 0x0, 0x0, 0x0, 0x0, 0x5, 0xbe,
    0xfe, 0xb5, 0x0, 0x0, 0x0, 0x2d, 0xff, 0xff,
    0xff, 0xfd, 0x20, 0x0, 0x1e, 0xff, 0xff, 0xff,
    0xff, 0xfe, 0x10, 0xa, 0xff, 0xfa, 0x20, 0x2a,
    0xff, 0xfb, 0x2, 0xff, 0xfb, 0x0, 0x0, 0xb,
    0xff, 0xf2, 0x7f, 0xff, 0x30, 0x0, 0x0, 0x3f,
    0xff, 0x8a, 0xff, 0xf0, 0x0, 0x0, 0x0, 0xef,
    0xfa, 0xbf, 0xfe, 0x0, 0x0, 0x0, 0xd, 0xff,
    0xcb, 0xff, 0xe0, 0x0, 0x0, 0x0, 0xdf, 0xfc,
    0xaf, 0xff, 0x0, 0x0, 0x0, 0xe, 0xff, 0xa7,
    0xff, 0xf4, 0x0, 0x0, 0x3, 0xff, 0xf8, 0x2f,
    0xff, 0xb0, 0x0, 0x0, 0xbf, 0xff, 0x20, 0xaf,
    0xff, 0xa2, 0x2, 0xaf, 0xff, 0xb0, 0x1, 0xef,
    0xff, 0xff, 0xff, 0xff, 0xe1, 0x0, 0x2, 0xdf,
    0xff, 0xff, 0xff, 0xd2, 0x0, 0x0, 0x0, 0x5b,
    0xef, 0xeb, 0x60, 0x0, 0x0,

    /* U+00F3 "ó" */
    0x0, 0x0, 0x0, 0x0, 0x55, 0x52, 0x0, 0x0,
    0x0, 0x0, 0x0, 0x4f, 0xfe, 0x10, 0x0, 0x0,
    0x0, 0x0, 0xb, 0xff, 0x50, 0x0, 0x0, 0x0,
    0x0, 0x2, 0xff, 0xb0, 0x0, 0x0, 0x0, 0x0,
    0x0, 0x9f, 0xf1, 0x0, 0x0, 0x0, 0x0, 0x0,
    0x0, 0x0, 0x0, 0x0, 0x0, 0x0, 0x0, 0x0,
    0x0, 0x0, 0x0, 0x0, 0x0, 0x0, 0x5, 0xbe,
    0xfe, 0xb5, 0x0, 0x0, 0x0, 0x2d, 0xff, 0xff,
    0xff, 0xfd, 0x20, 0x0, 0x1e, 0xff, 0xff, 0xff,
    0xff, 0xfe, 0x10, 0xa, 0xff, 0xfa, 0x20, 0x2a,
    0xff, 0xfb, 0x2, 0xff, 0xfb, 0x0, 0x0, 0xb,
    0xff, 0xf2, 0x7f, 0xff, 0x30, 0x0, 0x0, 0x3f,
    0xff, 0x8a, 0xff, 0xf0, 0x0, 0x0, 0x0, 0xef,
    0xfa, 0xbf, 0xfe, 0x0, 0x0, 0x0, 0xd, 0xff,
    0xcb, 0xff, 0xe0, 0x0, 0x0, 0x0, 0xdf, 0xfc,
    0xaf, 0xff, 0x0, 0x0, 0x0, 0xe, 0xff, 0xa7,
    0xff, 0xf4, 0x0, 0x0, 0x3, 0xff, 0xf8, 0x2f,
    0xff, 0xb0, 0x0, 0x0, 0xbf, 0xff, 0x20, 0xaf,
    0xff, 0xa2, 0x2, 0xaf, 0xff, 0xb0, 0x1, 0xef,
    0xff, 0xff, 0xff, 0xff, 0xe1, 0x0, 0x2, 0xdf,
    0xff, 0xff, 0xff, 0xd2, 0x0, 0x0, 0x0, 0x5b,
    0xef, 0xeb, 0x60, 0x0, 0x0,

    /* U+00F4 "ô" */
    0x0, 0x0, 0x1, 0x78, 0x71, 0x0, 0x0, 0x0,
    0x0, 0x1, 0xcf, 0xff, 0xd0, 0x0, 0x0, 0x0,
    0x0, 0xcf, 0xf7, 0xff, 0xc0, 0x0, 0x0, 0x0,
    0xbf, 0xf6, 0x6, 0xff, 0xb0, 0x0, 0x0, 0x38,
    0x86, 0x0, 0x6, 0x88, 0x30, 0x0, 0x0, 0x0,
    0x0, 0x0, 0x0, 0x0, 0x0, 0x0, 0x0, 0x0,
    0x0, 0x0, 0x0, 0x0, 0x0, 0x0, 0x5, 0xbe,
    0xfe, 0xb5, 0x0, 0x0, 0x0, 0x2d, 0xff, 0xff,
    0xff, 0xfd, 0x20, 0x0, 0x1e, 0xff, 0xff, 0xff,
    0xff, 0xfe, 0x10, 0xa, 0xff, 0xfa, 0x20, 0x2a,
    0xff, 0xfb, 0x2, 0xff, 0xfb, 0x0, 0x0, 0xb,
    0xff, 0xf2, 0x7f, 0xff, 0x30, 0x0, 0x0, 0x3f,
    0xff, 0x8a, 0xff, 0xf0, 0x0, 0x0, 0x0, 0xef,
    0xfa, 0xbf, 0xfe, 0x0, 0x0, 0x0, 0xd, 0xff,
    0xcb, 0xff, 0xe0, 0x0, 0x0, 0x0, 0xdf, 0xfc,
    0xaf, 0xff, 0x0, 0x0, 0x0, 0xe, 0xff, 0xa7,
    0xff, 0xf4, 0x0, 0x0, 0x3, 0xff, 0xf8, 0x2f,
    0xff, 0xb0, 0x0, 0x0, 0xbf, 0xff, 0x20, 0xaf,
    0xff, 0xa2, 0x2, 0xaf, 0xff, 0xb0, 0x1, 0xef,
    0xff, 0xff, 0xff, 0xff, 0xe1, 0x0, 0x2, 0xdf,
    0xff, 0xff, 0xff, 0xd2, 0x0, 0x0, 0x0, 0x5b,
    0xef, 0xeb, 0x60, 0x0, 0x0,

    /* U+00F5 "õ" */
    0x0, 0x2, 0xcf, 0xff, 0xff, 0xfe, 0x0, 0x0,
    0x0, 0xcf, 0xff, 0xff, 0xfe, 0x50, 0x0, 0x0,
    0x2, 0x32, 0x22, 0x32, 0x0, 0x0, 0x0, 0x0,
    0x0, 0x0, 0x0, 0x0, 0x0, 0x0, 0x0, 0x0,
    0x0, 0x0, 0x0, 0x0, 0x0, 0x0, 0x0, 0x5,
    0xbe, 0xfe, 0xb5, 0x0, 0x0, 0x0, 0x2d, 0xff,
    0xff, 0xff, 0xfd, 0x20, 0x0, 0x1e, 0xff, 0xff,
    0xff, 0xff, 0xfe, 0x10, 0xa, 0xff, 0xfa, 0x20,
    0x2a, 0xff, 0xfb, 0x2, 0xff, 0xfb, 0x0, 0x0,
    0xb, 0xff, 0xf2, 0x7f, 0xff, 0x30, 0x0, 0x0,
    0x3f, 0xff, 0x8a, 0xff, 0xf0, 0x0, 0x0, 0x0,
    0xef, 0xfa, 0xbf, 0xfe, 0x0, 0x0, 0x0, 0xd,
    0xff, 0xcb, 0xff, 0xe0, 0x0, 0x0, 0x0, 0xdf,
    0xfc, 0xaf, 0xff, 0x0, 0x0, 0x0, 0xe, 0xff,
    0xa7, 0xff, 0xf4, 0x0, 0x0, 0x3, 0xff, 0xf8,
    0x2f, 0xff, 0xb0, 0x0, 0x0, 0xbf, 0xff, 0x20,
    0xaf, 0xff, 0xa2, 0x2, 0xaf, 0xff, 0xb0, 0x1,
    0xef, 0xff, 0xff, 0xff, 0xff, 0xe1, 0x0, 0x2,
    0xdf, 0xff, 0xff, 0xff, 0xd2, 0x0, 0x0, 0x0,
    0x5b, 0xef, 0xeb, 0x60, 0x0, 0x0,

    /* U+00F6 "ö" */
    0x0, 0xa, 0xfa, 0x0, 0xa, 0xfa, 0x0, 0x0,
    0x4, 0xff, 0xf5, 0x5, 0xff, 0xf5, 0x0, 0x0,
    0x3f, 0xff, 0x40, 0x4f, 0xff, 0x40, 0x0, 0x0,
    0x7c, 0x80, 0x0, 0x8d, 0x80, 0x0, 0x0, 0x0,
    0x0, 0x0, 0x0, 0x0, 0x0, 0x0, 0x0, 0x0,
    0x0, 0x0, 0x0, 0x0, 0x0, 0x0, 0x0, 0x5b,
    0xef, 0xeb, 0x50, 0x0, 0x0, 0x2, 0xdf, 0xff,
    0xff, 0xff, 0xd2, 0x0, 0x1, 0xef, 0xff, 0xff,
    0xff, 0xff, 0xe1, 0x0, 0xaf, 0xff, 0xa2, 0x2,
    0xaf, 0xff, 0xb0, 0x2f, 0xff, 0xb0, 0x0, 0x0,
    0xbf, 0xff, 0x27, 0xff, 0xf3, 0x0, 0x0, 0x3,
    0xff, 0xf8, 0xaf, 0xff, 0x0, 0x0, 0x0, 0xe,
    0xff, 0xab, 0xff, 0xe0, 0x0, 0x0, 0x0, 0xdf,
    0xfc, 0xbf, 0xfe, 0x0, 0x0, 0x0, 0xd, 0xff,
    0xca, 0xff, 0xf0, 0x0, 0x0, 0x0, 0xef, 0xfa,
    0x7f, 0xff, 0x40, 0x0, 0x0, 0x3f, 0xff, 0x82,
    0xff, 0xfb, 0x0, 0x0, 0xb, 0xff, 0xf2, 0xa,
    0xff, 0xfa, 0x20, 0x2a, 0xff, 0xfb, 0x0, 0x1e,
    0xff, 0xff, 0xff, 0xff, 0xfe, 0x10, 0x0, 0x2d,
    0xff, 0xff, 0xff, 0xfd, 0x20, 0x0, 0x0, 0x5,
    0xbe, 0xfe, 0xb6, 0x0, 0x0,

    /* U+00F7 "÷" */
    0x0, 0x0, 0x4, 0xee, 0x50, 0x0, 0x0, 0x0,
    0x0, 0xf, 0xff, 0xf1, 0x0, 0x0, 0x0, 0x0,
    0x1f, 0xff, 0xf2, 0x0, 0x0, 0x0, 0x0, 0xb,
    0xff, 0xc0, 0x0, 0x0, 0x0, 0x0, 0x0, 0x55,
    0x0, 0x0, 0x0, 0x0, 0x0, 0x0, 0x0, 0x0,
    0x0, 0x0, 0xbf, 0xff, 0xff, 0xff, 0xff, 0xff,
    0xfc, 0xbf, 0xff, 0xff, 0xff, 0xff, 0xff, 0xfc,
    0xbf, 0xff, 0xff, 0xff, 0xff, 0xff, 0xfc, 0x1,
    0x11, 0x11, 0x11, 0x11, 0x11, 0x10, 0x0, 0x0,
    0x0, 0x0, 0x0, 0x0, 0x0, 0x0, 0x0, 0x4,
    0xee, 0x50, 0x0, 0x0, 0x0, 0x0, 0xf, 0xff,
    0xf1, 0x0, 0x0, 0x0, 0x0, 0x1f, 0xff, 0xf2,
    0x0, 0x0, 0x0, 0x0, 0xb, 0xff, 0xc0, 0x0,
    0x0, 0x0, 0x0, 0x0, 0x56, 0x0, 0x0, 0x0,

    /* U+00F8 "ø" */
    0x0, 0x0, 0x0, 0x0, 0x0, 0x0, 0x3, 0x0,
    0x0, 0x5, 0xbe, 0xfe, 0xb5, 0x5, 0xf8, 0x0,
    0x2d, 0xff, 0xff, 0xff, 0xff, 0xff, 0x50, 0x1e,
    0xff, 0xff, 0xff, 0xff, 0xff, 0x90, 0xa, 0xff,
    0xfa, 0x20, 0x2b, 0xff, 0xfb, 0x2, 0xff, 0xfb,
    0x0, 0x0, 0xbf, 0xff, 0xf2, 0x7f, 0xff, 0x30,
    0x0, 0x9f, 0xff, 0xff, 0x8a, 0xff, 0xf0, 0x0,
    0x6f, 0xf3, 0xef, 0xfa, 0xbf, 0xfe, 0x0, 0x4f,
    0xf4, 0xd, 0xff, 0xcb, 0xff, 0xe0, 0x2f, 0xf7,
    0x0, 0xdf, 0xfc, 0xaf, 0xff, 0x1d, 0xf9, 0x0,
    0xe, 0xff, 0xa7, 0xff, 0xff, 0xfb, 0x0, 0x3,
    0xff, 0xf8, 0x2f, 0xff, 0xfd, 0x10, 0x0, 0xbf,
    0xff, 0x20, 0xaf, 0xff, 0xd2, 0x2, 0xaf, 0xff,
    0xb0, 0x6, 0xff, 0xff, 0xff, 0xff, 0xff, 0xe1,
    0x3, 0xff, 0xff, 0xff, 0xff, 0xff, 0xd2, 0x0,
    0x9f, 0x80, 0x5b, 0xef, 0xeb, 0x60, 0x0, 0x0,
    0x60, 0x0, 0x0, 0x0, 0x0, 0x0, 0x0,

    /* U+00F9 "ù" */
    0x0, 0x1, 0x55, 0x50, 0x0, 0x0, 0x0, 0x0,
    0x0, 0xe, 0xff, 0x60, 0x0, 0x0, 0x0, 0x0,
    0x0, 0x4f, 0xfc, 0x0, 0x0, 0x0, 0x0, 0x0,
    0x0, 0xaf, 0xf4, 0x0, 0x0, 0x0, 0x0, 0x0,
    0x1, 0xef, 0xb0, 0x0, 0x0, 0x0, 0x0, 0x0,
    0x0, 0x0, 0x0, 0x0, 0x0, 0x0, 0x0, 0x0,
    0x0, 0x0, 0x0, 0x0, 0x1, 0xff, 0xf7, 0x0,
    0x0, 0x5, 0xff, 0xf4, 0x1f, 0xff, 0x70, 0x0,
    0x0, 0x5f, 0xff, 0x41, 0xff, 0xf7, 0x0, 0x0,
    0x5, 0xff, 0xf4, 0x1f, 0xff, 0x70, 0x0, 0x0,
    0x5f, 0xff, 0x41, 0xff, 0xf7, 0x0, 0x0, 0x5,
    0xff, 0xf4, 0x1f, 0xff, 0x70, 0x0, 0x0, 0x5f,
    0xff, 0x41, 0xff, 0xf7, 0x0, 0x0, 0x5, 0xff,
    0xf4, 0x1f, 0xff, 0x70, 0x0, 0x0, 0x5f, 0xff,
    0x41, 0xff, 0xf7, 0x0, 0x0, 0x5, 0xff, 0xf4,
    0x1f, 0xff, 0x70, 0x0, 0x0, 0x5f, 0xff, 0x41,
    0xff, 0xf9, 0x0, 0x0, 0x8, 0xff, 0xf4, 0xf,
    0xff, 0xe0, 0x0, 0x1, 0xef, 0xff, 0x40, 0xbf,
    0xff, 0xd4, 0x25, 0xdf, 0xff, 0xf4, 0x5, 0xff,
    0xff, 0xff, 0xff, 0x8f, 0xff, 0x40, 0x9, 0xff,
    0xff, 0xff, 0xa2, 0xff, 0xf4, 0x0, 0x5, 0xcf,
    0xfc, 0x60, 0x2f, 0xff, 0x40,

    /* U+00FA "ú" */
    0x0, 0x0, 0x0, 0x0, 0x45, 0x52, 0x0, 0x0,
    0x0, 0x0, 0x0, 0x3f, 0xfe, 0x10, 0x0, 0x0,
    0x0, 0x0, 0xa, 0xff, 0x60, 0x0, 0x0, 0x0,
    0x0, 0x2, 0xff, 0xb0, 0x0, 0x0, 0x0, 0x0,
    0x0, 0x9f, 0xf2, 0x0, 0x0, 0x0, 0x0, 0x0,
    0x0, 0x0, 0x0, 0x0, 0x0, 0x0, 0x0, 0x0,
    0x0, 0x0, 0x0, 0x0, 0x1, 0xff, 0xf7, 0x0,
    0x0, 0x5, 0xff, 0xf4, 0x1f, 0xff, 0x70, 0x0,
    0x0, 0x5f, 0xff, 0x41, 0xff, 0xf7, 0x0, 0x0,
    0x5, 0xff, 0xf4, 0x1f, 0xff, 0x70, 0x0, 0x0,
    0x5f, 0xff, 0x41, 0xff, 0xf7, 0x0, 0x0, 0x5,
    0xff, 0xf4, 0x1f, 0xff, 0x70, 0x0, 0x0, 0x5f,
    0xff, 0x41, 0xff, 0xf7, 0x0, 0x0, 0x5, 0xff,
    0xf4, 0x1f, 0xff, 0x70, 0x0, 0x0, 0x5f, 0xff,
    0x41, 0xff, 0xf7, 0x0, 0x0, 0x5, 0xff, 0xf4,
    0x1f, 0xff, 0x70, 0x0, 0x0, 0x5f, 0xff, 0x41,
    0xff, 0xf9, 0x0, 0x0, 0x8, 0xff, 0xf4, 0xf,
    0xff, 0xe0, 0x0, 0x1, 0xef, 0xff, 0x40, 0xbf,
    0xff, 0xd4, 0x25, 0xdf, 0xff, 0xf4, 0x5, 0xff,
    0xff, 0xff, 0xff, 0x8f, 0xff, 0x40, 0x9, 0xff,
    0xff, 0xff, 0xa2, 0xff, 0xf4, 0x0, 0x5, 0xcf,
    0xfc, 0x60, 0x2f, 0xff, 0x40,

    /* U+00FB "û" */
    0x0, 0x0, 0x0, 0x78, 0x81, 0x0, 0x0, 0x0,
    0x0, 0x0, 0xbf, 0xff, 0xc0, 0x0, 0x0, 0x0,
    0x0, 0x8f, 0xfb, 0xff, 0xa0, 0x0, 0x0, 0x0,
    0x6f, 0xfb, 0x9, 0xff, 0x70, 0x0, 0x0, 0x4f,
    0xfe, 0x10, 0xd, 0xff, 0x50, 0x0, 0x0, 0x0,
    0x0, 0x0, 0x0, 0x0, 0x0, 0x0, 0x0, 0x0,
    0x0, 0x0, 0x0, 0x0, 0x1, 0xff, 0xf7, 0x0,
    0x0, 0x5, 0xff, 0xf4, 0x1f, 0xff, 0x70, 0x0,
    0x0, 0x5f, 0xff, 0x41, 0xff, 0xf7, 0x0, 0x0,
    0x5, 0xff, 0xf4, 0x1f, 0xff, 0x70, 0x0, 0x0,
    0x5f, 0xff, 0x41, 0xff, 0xf7, 0x0, 0x0, 0x5,
    0xff, 0xf4, 0x1f, 0xff, 0x70, 0x0, 0x0, 0x5f,
    0xff, 0x41, 0xff, 0xf7, 0x0, 0x0, 0x5, 0xff,
    0xf4, 0x1f, 0xff, 0x70, 0x0, 0x0, 0x5f, 0xff,
    0x41, 0xff, 0xf7, 0x0, 0x0, 0x5, 0xff, 0xf4,
    0x1f, 0xff, 0x70, 0x0, 0x0, 0x5f, 0xff, 0x41,
    0xff, 0xf9, 0x0, 0x0, 0x8, 0xff, 0xf4, 0xf,
    0xff, 0xe0, 0x0, 0x1, 0xef, 0xff, 0x40, 0xbf,
    0xff, 0xd4, 0x25, 0xdf, 0xff, 0xf4, 0x5, 0xff,
    0xff, 0xff, 0xff, 0x8f, 0xff, 0x40, 0x9, 0xff,
    0xff, 0xff, 0xa2, 0xff, 0xf4, 0x0, 0x5, 0xcf,
    0xfc, 0x60, 0x2f, 0xff, 0x40,

    /* U+00FC "ü" */
    0x0, 0x9, 0xfb, 0x0, 0x9, 0xfa, 0x0, 0x0,
    0x3, 0xff, 0xf6, 0x4, 0xff, 0xf5, 0x0, 0x0,
    0x2f, 0xff, 0x50, 0x3f, 0xff, 0x50, 0x0, 0x0,
    0x7c, 0x90, 0x0, 0x7c, 0x80, 0x0, 0x0, 0x0,
    0x0, 0x0, 0x0, 0x0, 0x0, 0x0, 0x0, 0x0,
    0x0, 0x0, 0x0, 0x0, 0x0, 0x1f, 0xff, 0x70,
    0x0, 0x0, 0x5f, 0xff, 0x41, 0xff, 0xf7, 0x0,
    0x0, 0x5, 0xff, 0xf4, 0x1f, 0xff, 0x70, 0x0,
    0x0, 0x5f, 0xff, 0x41, 0xff, 0xf7, 0x0, 0x0,
    0x5, 0xff, 0xf4, 0x1f, 0xff, 0x70, 0x0, 0x0,
    0x5f, 0xff, 0x41, 0xff, 0xf7, 0x0, 0x0, 0x5,
    0xff, 0xf4, 0x1f, 0xff, 0x70, 0x0, 0x0, 0x5f,
    0xff, 0x41, 0xff, 0xf7, 0x0, 0x0, 0x5, 0xff,
    0xf4, 0x1f, 0xff, 0x70, 0x0, 0x0, 0x5f, 0xff,
    0x41, 0xff, 0xf7, 0x0, 0x0, 0x5, 0xff, 0xf4,
    0x1f, 0xff, 0x90, 0x0, 0x0, 0x8f, 0xff, 0x40,
    0xff, 0xfe, 0x0, 0x0, 0x1e, 0xff, 0xf4, 0xb,
    0xff, 0xfd, 0x42, 0x5d, 0xff, 0xff, 0x40, 0x5f,
    0xff, 0xff, 0xff, 0xf8, 0xff, 0xf4, 0x0, 0x9f,
    0xff, 0xff, 0xfa, 0x2f, 0xff, 0x40, 0x0, 0x5c,
    0xff, 0xc6, 0x2, 0xff, 0xf4,

    /* U+00FD "ý" */
    0x0, 0x0, 0x0, 0x0, 0x6f, 0xfe, 0x0, 0x0,
    0x0, 0x0, 0x0, 0x0, 0xdf, 0xf4, 0x0, 0x0,
    0x0, 0x0, 0x0, 0x4, 0xff, 0xa0, 0x0, 0x0,
    0x0, 0x0, 0x0, 0xb, 0xfe, 0x10, 0x0, 0x0,
    0x0, 0x0, 0x0, 0x5, 0x53, 0x0, 0x0, 0x0,
    0x0, 0x0, 0x0, 0x0, 0x0, 0x0, 0x0, 0x0,
    0x4f, 0xff, 0x70, 0x0, 0x0, 0x0, 0xff, 0xfc,
    0xe, 0xff, 0xc0, 0x0, 0x0, 0x5, 0xff, 0xf6,
    0x9, 0xff, 0xf2, 0x0, 0x0, 0xa, 0xff, 0xf0,
    0x3, 0xff, 0xf7, 0x0, 0x0, 0xf, 0xff, 0xa0,
    0x0, 0xdf, 0xfc, 0x0, 0x0, 0x5f, 0xff, 0x40,
    0x0, 0x7f, 0xff, 0x10, 0x0, 0xaf, 0xfe, 0x0,
    0x0, 0x2f, 0xff, 0x60, 0x0, 0xff, 0xf9, 0x0,
    0x0, 0xc, 0xff, 0xb0, 0x5, 0xff, 0xf3, 0x0,
    0x0, 0x6, 0xff, 0xf1, 0xa, 0xff, 0xd0, 0x0,
    0x0, 0x1, 0xff, 0xf5, 0xe, 0xff, 0x70, 0x0,
    0x0, 0x0, 0xaf, 0xf9, 0x3f, 0xff, 0x10, 0x0,
    0x0, 0x0, 0x5f, 0xfd, 0x8f, 0xfb, 0x0, 0x0,
    0x0, 0x0, 0xe, 0xff, 0xdf, 0xf6, 0x0, 0x0,
    0x0, 0x0, 0x9, 0xff, 0xff, 0xf0, 0x0, 0x0,
    0x0, 0x0, 0x3, 0xff, 0xff, 0xa0, 0x0, 0x0,
    0x0, 0x0, 0x0, 0xdf, 0xff, 0x40, 0x0, 0x0,
    0x0, 0x0, 0x0, 0xdf, 0xfe, 0x0, 0x0, 0x0,
    0x0, 0x0, 0x1, 0xff, 0xf8, 0x0, 0x0, 0x0,
    0x0, 0x11, 0x1b, 0xff, 0xf2, 0x0, 0x0, 0x0,
    0x0, 0xaf, 0xff, 0xff, 0x90, 0x0, 0x0, 0x0,
    0x0, 0xef, 0xff, 0xfc, 0x0, 0x0, 0x0, 0x0,
    0x1, 0xdf, 0xfd, 0x80, 0x0, 0x0, 0x0, 0x0,

    /* U+00FE "þ" */
    0x1f, 0xff, 0x70, 0x0, 0x0, 0x0, 0x0, 0x0,
    0x1f, 0xff, 0x70, 0x0, 0x0, 0x0, 0x0, 0x0,
    0x1f, 0xff, 0x70, 0x0, 0x0, 0x0, 0x0, 0x0,
    0x1f, 0xff, 0x70, 0x0, 0x0, 0x0, 0x0, 0x0,
    0x1f, 0xff, 0x70, 0x0, 0x0, 0x0, 0x0, 0x0,
    0x1f, 0xff, 0x70, 0x5c, 0xfe, 0xc6, 0x0, 0x0,
    0x1f, 0xff, 0x78, 0xff, 0xff, 0xff, 0xb1, 0x0,
    0x1f, 0xff, 0xaf, 0xff, 0xff, 0xff, 0xfb, 0x0,
    0x1f, 0xff, 0xfe, 0x51, 0x15, 0xef, 0xff, 0x50,
    0x1f, 0xff, 0xf4, 0x0, 0x0, 0x4f, 0xff, 0xb0,
    0x1f, 0xff, 0xc0, 0x0, 0x0, 0xd, 0xff, 0xf0,
    0x1f, 0xff, 0x80, 0x0, 0x0, 0x8, 0xff, 0xf2,
    0x1f, 0xff, 0x60, 0x0, 0x0, 0x6, 0xff, 0xf3,
    0x1f, 0xff, 0x60, 0x0, 0x0, 0x7, 0xff, 0xf3,
    0x1f, 0xff, 0x80, 0x0, 0x0, 0x8, 0xff, 0xf2,
    0x1f, 0xff, 0xd0, 0x0, 0x0, 0xd, 0xff, 0xf0,
    0x1f, 0xff, 0xf4, 0x0, 0x0, 0x4f, 0xff, 0xb0,
    0x1f, 0xff, 0xfe, 0x61, 0x16, 0xff, 0xff, 0x50,
    0x1f, 0xff, 0xbf, 0xff, 0xff, 0xff, 0xfb, 0x0,
    0x1f, 0xff, 0x78, 0xff, 0xff, 0xff, 0xc0, 0x0,
    0x1f, 0xff, 0x70, 0x5c, 0xfe, 0xc6, 0x0, 0x0,
    0x1f, 0xff, 0x70, 0x0, 0x0, 0x0, 0x0, 0x0,
    0x1f, 0xff, 0x70, 0x0, 0x0, 0x0, 0x0, 0x0,
    0x1f, 0xff, 0x70, 0x0, 0x0, 0x0, 0x0, 0x0,
    0x1f, 0xff, 0x70, 0x0, 0x0, 0x0, 0x0, 0x0,
    0x1f, 0xff, 0x70, 0x0, 0x0, 0x0, 0x0, 0x0,
    0x1f, 0xff, 0x70, 0x0, 0x0, 0x0, 0x0, 0x0,

    /* U+00FF "ÿ" */
    0x0, 0x1, 0xcf, 0x70, 0x1, 0xcf, 0x70, 0x0,
    0x0, 0x8, 0xff, 0xf1, 0x9, 0xff, 0xf1, 0x0,
    0x0, 0x7, 0xff, 0xf1, 0x8, 0xff, 0xf0, 0x0,
    0x0, 0x0, 0xac, 0x50, 0x1, 0xac, 0x50, 0x0,
    0x0, 0x0, 0x0, 0x0, 0x0, 0x0, 0x0, 0x0,
    0x0, 0x0, 0x0, 0x0, 0x0, 0x0, 0x0, 0x0,
    0x4f, 0xff, 0x70, 0x0, 0x0, 0x0, 0xff, 0xfc,
    0xe, 0xff, 0xc0, 0x0, 0x0, 0x5, 0xff, 0xf6,
    0x9, 0xff, 0xf2, 0x0, 0x0, 0xa, 0xff, 0xf0,
    0x3, 0xff, 0xf7, 0x0, 0x0, 0xf, 0xff, 0xa0,
    0x0, 0xdf, 0xfc, 0x0, 0x0, 0x5f, 0xff, 0x40,
    0x0, 0x7f, 0xff, 0x10, 0x0, 0xaf, 0xfe, 0x0,
    0x0, 0x2f, 0xff, 0x60, 0x0, 0xff, 0xf9, 0x0,
    0x0, 0xc, 0xff, 0xb0, 0x5, 0xff, 0xf3, 0x0,
    0x0, 0x6, 0xff, 0xf1, 0xa, 0xff, 0xd0, 0x0,
    0x0, 0x1, 0xff, 0xf5, 0xe, 0xff, 0x70, 0x0,
    0x0, 0x0, 0xaf, 0xf9, 0x3f, 0xff, 0x10, 0x0,
    0x0, 0x0, 0x5f, 0xfd, 0x8f, 0xfb, 0x0, 0x0,
    0x0, 0x0, 0xe, 0xff, 0xdf, 0xf6, 0x0, 0x0,
    0x0, 0x0, 0x9, 0xff, 0xff, 0xf0, 0x0, 0x0,
    0x0, 0x0, 0x3, 0xff, 0xff, 0xa0, 0x0, 0x0,
    0x0, 0x0, 0x0, 0xdf, 0xff, 0x40, 0x0, 0x0,
    0x0, 0x0, 0x0, 0xdf, 0xfe, 0x0, 0x0, 0x0,
    0x0, 0x0, 0x1, 0xff, 0xf8, 0x0, 0x0, 0x0,
    0x0, 0x11, 0x1b, 0xff, 0xf2, 0x0, 0x0, 0x0,
    0x0, 0xaf, 0xff, 0xff, 0x90, 0x0, 0x0, 0x0,
    0x0, 0xef, 0xff, 0xfc, 0x0, 0x0, 0x0, 0x0,
    0x1, 0xdf, 0xfd, 0x80, 0x0, 0x0, 0x0, 0x0,

    /* U+0100 "Ā" */
    0x0, 0x0, 0x0, 0x57, 0x77, 0x77, 0x77, 0x0,
    0x0, 0x0, 0x0, 0x0, 0x0, 0xbf, 0xff, 0xff,
    0xff, 0x10, 0x0, 0x0, 0x0, 0x0, 0x0, 0xbf,
    0xff, 0xff, 0xff, 0x10, 0x0, 0x0, 0x0, 0x0,
    0x0, 0x0, 0x0, 0x0, 0x0, 0x0, 0x0, 0x0,
    0x0, 0x0, 0x0, 0x0, 0x0, 0x0, 0x0, 0x0,
    0x0, 0x0, 0x0, 0x0, 0x0, 0x0, 0x0, 0x0,
    0x0, 0x0, 0x0, 0x0, 0x0, 0x0, 0x0, 0x6,
    0xff, 0xff, 0x90, 0x0, 0x0, 0x0, 0x0, 0x0,
    0x0, 0xb, 0xff, 0xff, 0xe0, 0x0, 0x0, 0x0,
    0x0, 0x0, 0x0, 0x1f, 0xff, 0xff, 0xf4, 0x0,
    0x0, 0x0, 0x0, 0x0, 0x0, 0x6f, 0xff, 0xcf,
    0xfa, 0x0, 0x0, 0x0, 0x0, 0x0, 0x0, 0xbf,
    0xfb, 0x8f, 0xff, 0x0, 0x0, 0x0, 0x0, 0x0,
    0x1, 0xff, 0xf7, 0x4f, 0xff, 0x50, 0x0, 0x0,
    0x0, 0x0, 0x6, 0xff, 0xf3, 0xf, 0xff, 0xa0,
    0x0, 0x0, 0x0, 0x0, 0xb, 0xff, 0xe0, 0xb,
    0xff, 0xf0, 0x0, 0x0, 0x0, 0x0, 0x1f, 0xff,
    0xa0, 0x7, 0xff, 0xf5, 0x0, 0x0, 0x0, 0x0,
    0x6f, 0xff, 0x60, 0x2, 0xff, 0xfb, 0x0, 0x0,
    0x0, 0x0, 0xcf, 0xff, 0x10, 0x0, 0xdf, 0xff,
    0x10, 0x0, 0x0, 0x1, 0xff, 0xfc, 0x0, 0x0,
    0x8f, 0xff, 0x60, 0x0, 0x0, 0x7, 0xff, 0xf7,
    0x0, 0x0, 0x3f, 0xff, 0xc0, 0x0, 0x0, 0xc,
    0xff, 0xff, 0xff, 0xff, 0xff, 0xff, 0xf1, 0x0,
    0x0, 0x1f, 0xff, 0xff, 0xff, 0xff, 0xff, 0xff,
    0xf7, 0x0, 0x0, 0x7f, 0xff, 0xff, 0xff, 0xff,
    0xff, 0xff, 0xfc, 0x0, 0x0, 0xcf, 0xff, 0x20,
    0x0, 0x0, 0x0, 0xdf, 0xff, 0x20, 0x2, 0xff,
    0xfd, 0x0, 0x0, 0x0, 0x0, 0x8f, 0xff, 0x70,
    0x7, 0xff, 0xf8, 0x0, 0x0, 0x0, 0x0, 0x2f,
    0xff, 0xd0, 0xc, 0xff, 0xf2, 0x0, 0x0, 0x0,
    0x0, 0xd, 0xff, 0xf2, 0x2f, 0xff, 0xd0, 0x0,
    0x0, 0x0, 0x0, 0x7, 0xff, 0xf8,

    /* U+0101 "ā" */
    0x0, 0xf, 0xff, 0xff, 0xff, 0xd0, 0x0, 0x0,
    0xf, 0xff, 0xff, 0xff, 0xd0, 0x0, 0x0, 0x7,
    0x77, 0x77, 0x77, 0x60, 0x0, 0x0, 0x0, 0x0,
    0x0, 0x0, 0x0, 0x0, 0x0, 0x0, 0x0, 0x0,
    0x0, 0x0, 0x0, 0x0, 0x4, 0xad, 0xff, 0xd9,
    0x30, 0x0, 0x0, 0xbf, 0xff, 0xff, 0xff, 0xf8,
    0x0, 0xb, 0xff, 0xff, 0xde, 0xff, 0xff, 0x60,
    0x4f, 0xff, 0xb1, 0x0, 0x3e, 0xff, 0xd0, 0x14,
    0x7a, 0x0, 0x0, 0x7, 0xff, 0xf1, 0x0, 0x0,
    0x0, 0x0, 0x7, 0xff, 0xf2, 0x0, 0x0, 0x14,
    0x68, 0xbf, 0xff, 0xf3, 0x0, 0x7d, 0xff, 0xff,
    0xff, 0xff, 0xf3, 0x1d, 0xff, 0xff, 0xfd, 0xaa,
    0xff, 0xf3, 0x9f, 0xff, 0xa3, 0x0, 0x5, 0xff,
    0xf3, 0xdf, 0xfb, 0x0, 0x0, 0x6, 0xff, 0xf3,
    0xef, 0xf8, 0x0, 0x0, 0xb, 0xff, 0xf3, 0xcf,
    0xfe, 0x20, 0x0, 0x9f, 0xff, 0xf3, 0x7f, 0xff,
    0xfc, 0xcf, 0xfd, 0xff, 0xf3, 0xb, 0xff, 0xff,
    0xff, 0xd4, 0xff, 0xf3, 0x0, 0x6c, 0xff, 0xd7,
    0x3, 0xff, 0xf3,

    /* U+0102 "Ă" */
    0x0, 0x0, 0x2, 0x87, 0x0, 0x0, 0x48, 0x40,
    0x0, 0x0, 0x0, 0x0, 0x2, 0xff, 0x20, 0x0,
    0xdf, 0x70, 0x0, 0x0, 0x0, 0x0, 0x0, 0xcf,
    0xd5, 0x3a, 0xff, 0x20, 0x0, 0x0, 0x0, 0x0,
    0x0, 0x2e, 0xff, 0xff, 0xf7, 0x0, 0x0, 0x0,
    0x0, 0x0, 0x0, 0x2, 0xae, 0xfc, 0x40, 0x0,
    0x0, 0x0, 0x0, 0x0, 0x0, 0x0, 0x0, 0x0,
    0x0, 0x0, 0x0, 0x0, 0x0, 0x0, 0x0, 0x0,
    0x0, 0x0, 0x0, 0x0, 0x0, 0x0, 0x0, 0x0,
    0x0, 0x6, 0xff, 0xff, 0x90, 0x0, 0x0, 0x0,
    0x0, 0x0, 0x0, 0xb, 0xff, 0xff, 0xe0, 0x0,
    0x0, 0x0, 0x0, 0x0, 0x0, 0x1f, 0xff, 0xff,
    0xf4, 0x0, 0x0, 0x0, 0x0, 0x0, 0x0, 0x6f,
    0xff, 0xcf, 0xfa, 0x0, 0x0, 0x0, 0x0, 0x0,
    0x0, 0xbf, 0xfb, 0x8f, 0xff, 0x0, 0x0, 0x0,
    0x0, 0x0, 0x1, 0xff, 0xf7, 0x4f, 0xff, 0x50,
    0x0, 0x0, 0x0, 0x0, 0x6, 0xff, 0xf3, 0xf,
    0xff, 0xa0, 0x0, 0x0, 0x0, 0x0, 0xb, 0xff,
    0xe0, 0xb, 0xff, 0xf0, 0x0, 0x0, 0x0, 0x0,
    0x1f, 0xff, 0xa0, 0x7, 0xff, 0xf5, 0x0, 0x0,
    0x0, 0x0, 0x6f, 0xff, 0x60, 0x2, 0xff, 0xfb,
    0x0, 0x0, 0x0, 0x0, 0xcf, 0xff, 0x10, 0x0,
    0xdf, 0xff, 0x10, 0x0, 0x0, 0x1, 0xff, 0xfc,
    0x0, 0x0, 0x8f, 0xff, 0x60, 0x0, 0x0, 0x7,
    0xff, 0xf7, 0x0, 0x0, 0x3f, 0xff, 0xc0, 0x0,
    0x0, 0xc, 0xff, 0xff, 0xff, 0xff, 0xff, 0xff,
    0xf1, 0x0, 0x0, 0x1f, 0xff, 0xff, 0xff, 0xff,
    0xff, 0xff, 0xf7, 0x0, 0x0, 0x7f, 0xff, 0xff,
    0xff, 0xff, 0xff, 0xff, 0xfc, 0x0, 0x0, 0xcf,
    0xff, 0x20, 0x0, 0x0, 0x0, 0xdf, 0xff, 0x20,
    0x2, 0xff, 0xfd, 0x0, 0x0, 0x0, 0x0, 0x8f,
    0xff, 0x70, 0x7, 0xff, 0xf8, 0x0, 0x0, 0x0,
    0x0, 0x2f, 0xff, 0xd0, 0xc, 0xff, 0xf2, 0x0,
    0x0, 0x0, 0x0, 0xd, 0xff, 0xf2, 0x2f, 0xff,
    0xd0, 0x0, 0x0, 0x0, 0x0, 0x7, 0xff, 0xf8,

    /* U+0103 "ă" */
    0x0, 0x1, 0x0, 0x0, 0x1, 0x10, 0x0, 0x0,
    0x7f, 0xc0, 0x0, 0xf, 0xf4, 0x0, 0x0, 0x2f,
    0xf9, 0x34, 0xbf, 0xf0, 0x0, 0x0, 0x8, 0xff,
    0xff, 0xff, 0x50, 0x0, 0x0, 0x0, 0x5c, 0xfe,
    0xb3, 0x0, 0x0, 0x0, 0x0, 0x0, 0x0, 0x0,
    0x0, 0x0, 0x0, 0x0, 0x0, 0x0, 0x0, 0x0,
    0x0, 0x0, 0x4, 0xad, 0xff, 0xd9, 0x30, 0x0,
    0x0, 0xbf, 0xff, 0xff, 0xff, 0xf8, 0x0, 0xb,
    0xff, 0xff, 0xde, 0xff, 0xff, 0x60, 0x4f, 0xff,
    0xb1, 0x0, 0x3e, 0xff, 0xd0, 0x14, 0x7a, 0x0,
    0x0, 0x7, 0xff, 0xf1, 0x0, 0x0, 0x0, 0x0,
    0x7, 0xff, 0xf2, 0x0, 0x0, 0x14, 0x68, 0xbf,
    0xff, 0xf3, 0x0, 0x7d, 0xff, 0xff, 0xff, 0xff,
    0xf3, 0x1d, 0xff, 0xff, 0xfd, 0xaa, 0xff, 0xf3,
    0x9f, 0xff, 0xa3, 0x0, 0x5, 0xff, 0xf3, 0xdf,
    0xfb, 0x0, 0x0, 0x6, 0xff, 0xf3, 0xef, 0xf8,
    0x0, 0x0, 0xb, 0xff, 0xf3, 0xcf, 0xfe, 0x20,
    0x0, 0x9f, 0xff, 0xf3, 0x7f, 0xff, 0xfc, 0xcf,
    0xfd, 0xff, 0xf3, 0xb, 0xff, 0xff, 0xff, 0xd4,
    0xff, 0xf3, 0x0, 0x6c, 0xff, 0xd7, 0x3, 0xff,
    0xf3,

    /* U+0104 "Ą" */
    0x0, 0x0, 0x0, 0x6, 0xff, 0xff, 0x90, 0x0,
    0x0, 0x0, 0x0, 0x0, 0x0, 0x0, 0xbf, 0xff,
    0xfe, 0x0, 0x0, 0x0, 0x0, 0x0, 0x0, 0x0,
    0x1f, 0xff, 0xff, 0xf4, 0x0, 0x0, 0x0, 0x0,
    0x0, 0x0, 0x6, 0xff, 0xfc, 0xff, 0xa0, 0x0,
    0x0, 0x0, 0x0, 0x0, 0x0, 0xbf, 0xfb, 0x8f,
    0xff, 0x0, 0x0, 0x0, 0x0, 0x0, 0x0, 0x1f,
    0xff, 0x74, 0xff, 0xf5, 0x0, 0x0, 0x0, 0x0,
    0x0, 0x6, 0xff, 0xf3, 0xf, 0xff, 0xa0, 0x0,
    0x0, 0x0, 0x0, 0x0, 0xbf, 0xfe, 0x0, 0xbf,
    0xff, 0x0, 0x0, 0x0, 0x0, 0x0, 0x1f, 0xff,
    0xa0, 0x7, 0xff, 0xf5, 0x0, 0x0, 0x0, 0x0,
    0x6, 0xff, 0xf6, 0x0, 0x2f, 0xff, 0xb0, 0x0,
    0x0, 0x0, 0x0, 0xcf, 0xff, 0x10, 0x0, 0xdf,
    0xff, 0x10, 0x0, 0x0, 0x0, 0x1f, 0xff, 0xc0,
    0x0, 0x8, 0xff, 0xf6, 0x0, 0x0, 0x0, 0x7,
    0xff, 0xf7, 0x0, 0x0, 0x3f, 0xff, 0xc0, 0x0,
    0x0, 0x0, 0xcf, 0xff, 0xff, 0xff, 0xff, 0xff,
    0xff, 0x10, 0x0, 0x0, 0x1f, 0xff, 0xff, 0xff,
    0xff, 0xff, 0xff, 0xf7, 0x0, 0x0, 0x7, 0xff,
    0xff, 0xff, 0xff, 0xff, 0xff, 0xff, 0xc0, 0x0,
    0x0, 0xcf, 0xff, 0x20, 0x0, 0x0, 0x0, 0xdf,
    0xff, 0x20, 0x0, 0x2f, 0xff, 0xd0, 0x0, 0x0,
    0x0, 0x8, 0xff, 0xf7, 0x0, 0x7, 0xff, 0xf8,
    0x0, 0x0, 0x0, 0x0, 0x2f, 0xff, 0xd0, 0x0,
    0xcf, 0xff, 0x20, 0x0, 0x0, 0x0, 0x0, 0xdf,
    0xff, 0x20, 0x2f, 0xff, 0xd0, 0x0, 0x0, 0x0,
    0x0, 0x7, 0xff, 0xf9, 0x0, 0x0, 0x0, 0x0,
    0x0, 0x0, 0x0, 0x0, 0xaf, 0xfb, 0x10, 0x0,
    0x0, 0x0, 0x0, 0x0, 0x0, 0x0, 0x7f, 0xfc,
    0x0, 0x0, 0x0, 0x0, 0x0, 0x0, 0x0, 0x0,
    0xd, 0xff, 0x70, 0x0, 0x0, 0x0, 0x0, 0x0,
    0x0, 0x0, 0x0, 0xef, 0xfd, 0x78, 0x0, 0x0,
    0x0, 0x0, 0x0, 0x0, 0x0, 0x9, 0xff, 0xff,
    0xf2, 0x0, 0x0, 0x0, 0x0, 0x0, 0x0, 0x0,
    0x7, 0xdf, 0xeb, 0x20,

    /* U+0105 "ą" */
    0x0, 0x4, 0xad, 0xff, 0xd9, 0x30, 0x0, 0x0,
    0xbf, 0xff, 0xff, 0xff, 0xf8, 0x0, 0xb, 0xff,
    0xff, 0xde, 0xff, 0xff, 0x60, 0x4f, 0xff, 0xb1,
    0x0, 0x3e, 0xff, 0xd0, 0x14, 0x7a, 0x0, 0x0,
    0x7, 0xff, 0xf1, 0x0, 0x0, 0x0, 0x0, 0x7,
    0xff, 0xf2, 0x0, 0x0, 0x14, 0x68, 0xbf, 0xff,
    0xf3, 0x0, 0x7d, 0xff, 0xff, 0xff, 0xff, 0xf3,
    0x1d, 0xff, 0xff, 0xfd, 0xaa, 0xff, 0xf3, 0x9f,
    0xff, 0xa3, 0x0, 0x5, 0xff, 0xf3, 0xdf, 0xfb,
    0x0, 0x0, 0x6, 0xff, 0xf3, 0xef, 0xf8, 0x0,
    0x0, 0xb, 0xff, 0xf3, 0xcf, 0xfe, 0x20, 0x0,
    0x9f, 0xff, 0xf3, 0x7f, 0xff, 0xfc, 0xcf, 0xfd,
    0xff, 0xf3, 0xb, 0xff, 0xff, 0xff, 0xd4, 0xff,
    0xf3, 0x0, 0x6c, 0xff, 0xd7, 0x4, 0xff, 0xf3,
    0x0, 0x0, 0x0, 0x0, 0x1d, 0xff, 0x50, 0x0,
    0x0, 0x0, 0x0, 0xcf, 0xf4, 0x0, 0x0, 0x0,
    0x0, 0x2, 0xff, 0xf0, 0x0, 0x0, 0x0, 0x0,
    0x3, 0xff, 0xf9, 0x83, 0x0, 0x0, 0x0, 0x0,
    0xdf, 0xff, 0xfa, 0x0, 0x0, 0x0, 0x0, 0x1a,
    0xef, 0xd7,

    /* U+0106 "Ć" */
    0x0, 0x0, 0x0, 0x0, 0x0, 0xef, 0xf6, 0x0,
    0x0, 0x0, 0x0, 0x0, 0x0, 0x0, 0x6f, 0xfc,
    0x0, 0x0, 0x0, 0x0, 0x0, 0x0, 0x0, 0xd,
    0xff, 0x20, 0x0, 0x0, 0x0, 0x0, 0x0, 0x0,
    0x4, 0xff, 0x70, 0x0, 0x0, 0x0, 0x0, 0x0,
    0x0, 0x0, 0x25, 0x50, 0x0, 0x0, 0x0, 0x0,
    0x0, 0x0, 0x0, 0x0, 0x0, 0x0, 0x0, 0x0,
    0x0, 0x0, 0x0, 0x0, 0x0, 0x0, 0x0, 0x0,
    0x0, 0x0, 0x0, 0x0, 0x0, 0x17, 0xbe, 0xfe,
    0xd9, 0x30, 0x0, 0x0, 0x0, 0x0, 0x6f, 0xff,
    0xff, 0xff, 0xff, 0xb2, 0x0, 0x0, 0x0, 0xaf,
    0xff, 0xff, 0xff, 0xff, 0xff, 0xe2, 0x0, 0x0,
    0x8f, 0xff, 0xfd, 0x86, 0x7a, 0xff, 0xff, 0xd0,
    0x0, 0x2f, 0xff, 0xf7, 0x0, 0x0, 0x2, 0xdf,
    0xff, 0x70, 0xa, 0xff, 0xf8, 0x0, 0x0, 0x0,
    0x1, 0xff, 0xfe, 0x0, 0xff, 0xfd, 0x0, 0x0,
    0x0, 0x0, 0x9, 0xff, 0xf2, 0x4f, 0xff, 0x70,
    0x0, 0x0, 0x0, 0x0, 0x2, 0x22, 0x7, 0xff,
    0xf4, 0x0, 0x0, 0x0, 0x0, 0x0, 0x0, 0x0,
    0x8f, 0xff, 0x20, 0x0, 0x0, 0x0, 0x0, 0x0,
    0x0, 0x9, 0xff, 0xf1, 0x0, 0x0, 0x0, 0x0,
    0x0, 0x0, 0x0, 0x8f, 0xff, 0x20, 0x0, 0x0,
    0x0, 0x0, 0x0, 0x0, 0x7, 0xff, 0xf4, 0x0,
    0x0, 0x0, 0x0, 0x0, 0x0, 0x0, 0x4f, 0xff,
    0x70, 0x0, 0x0, 0x0, 0x0, 0x2, 0x22, 0x0,
    0xff, 0xfd, 0x0, 0x0, 0x0, 0x0, 0x9, 0xff,
    0xf2, 0xa, 0xff, 0xf7, 0x0, 0x0, 0x0, 0x1,
    0xff, 0xfe, 0x0, 0x2f, 0xff, 0xf7, 0x0, 0x0,
    0x2, 0xdf, 0xff, 0x70, 0x0, 0x8f, 0xff, 0xfd,
    0x86, 0x7a, 0xff, 0xff, 0xd0, 0x0, 0x0, 0xaf,
    0xff, 0xff, 0xff, 0xff, 0xff, 0xe1, 0x0, 0x0,
    0x0, 0x7f, 0xff, 0xff, 0xff, 0xff, 0xa1, 0x0,
    0x0, 0x0, 0x0, 0x17, 0xbe, 0xfe, 0xd9, 0x30,
    0x0, 0x0,

    /* U+0107 "ć" */
    0x0, 0x0, 0x0, 0x0, 0x55, 0x52, 0x0, 0x0,
    0x0, 0x0, 0x0, 0x4f, 0xfe, 0x10, 0x0, 0x0,
    0x0, 0x0, 0xb, 0xff, 0x50, 0x0, 0x0, 0x0,
    0x0, 0x2, 0xff, 0xb0, 0x0, 0x0, 0x0, 0x0,
    0x0, 0x9f, 0xf1, 0x0, 0x0, 0x0, 0x0, 0x0,
    0x0, 0x0, 0x0, 0x0, 0x0, 0x0, 0x0, 0x0,
    0x0, 0x0, 0x0, 0x0, 0x0, 0x0, 0x5, 0xbe,
    0xfe, 0xc6, 0x0, 0x0, 0x0, 0x2d, 0xff, 0xff,
    0xff, 0xfd, 0x20, 0x0, 0x1e, 0xff, 0xff, 0xff,
    0xff, 0xfe, 0x10, 0xa, 0xff, 0xfa, 0x20, 0x2a,
    0xff, 0xf9, 0x2, 0xff, 0xfc, 0x0, 0x0, 0xb,
    0xff, 0xe0, 0x7f, 0xff, 0x40, 0x0, 0x0, 0x37,
    0x30, 0xa, 0xff, 0xf0, 0x0, 0x0, 0x0, 0x0,
    0x0, 0xbf, 0xfe, 0x0, 0x0, 0x0, 0x0, 0x0,
    0xb, 0xff, 0xe0, 0x0, 0x0, 0x0, 0x0, 0x0,
    0xaf, 0xff, 0x0, 0x0, 0x0, 0x0, 0x0, 0x7,
    0xff, 0xf4, 0x0, 0x0, 0x3, 0x95, 0x20, 0x2f,
    0xff, 0xb0, 0x0, 0x0, 0xbf, 0xff, 0x0, 0xaf,
    0xff, 0xa2, 0x2, 0xaf, 0xff, 0x90, 0x1, 0xef,
    0xff, 0xff, 0xff, 0xff, 0xe1, 0x0, 0x2, 0xdf,
    0xff, 0xff, 0xff, 0xd2, 0x0, 0x0, 0x0, 0x5b,
    0xef, 0xec, 0x60, 0x0, 0x0,

    /* U+0108 "Ĉ" */
    0x0, 0x0, 0x0, 0x0, 0x78, 0x83, 0x0, 0x0,
    0x0, 0x0, 0x0, 0x0, 0x0, 0xaf, 0xff, 0xe2,
    0x0, 0x0, 0x0, 0x0, 0x0, 0x0, 0x9f, 0xf8,
    0xef, 0xe2, 0x0, 0x0, 0x0, 0x0, 0x0, 0x9f,
    0xf9, 0x3, 0xff, 0xd1, 0x0, 0x0, 0x0, 0x0,
    0x28, 0x87, 0x0, 0x4, 0x88, 0x50, 0x0, 0x0,
    0x0, 0x0, 0x0, 0x0, 0x0, 0x0, 0x0, 0x0,
    0x0, 0x0, 0x0, 0x0, 0x0, 0x0, 0x0, 0x0,
    0x0, 0x0, 0x0, 0x0, 0x0, 0x17, 0xbe, 0xfe,
    0xd9, 0x30, 0x0, 0x0, 0x0, 0x0, 0x6f, 0xff,
    0xff, 0xff, 0xff, 0xb2, 0x0, 0x0, 0x0, 0xaf,
    0xff, 0xff, 0xff, 0xff, 0xff, 0xe2, 0x0, 0x0,
    0x8f, 0xff, 0xfd, 0x86, 0x7a, 0xff, 0xff, 0xd0,
    0x0, 0x2f, 0xff, 0xf7, 0x0, 0x0, 0x2, 0xdf,
    0xff, 0x70, 0xa, 0xff, 0xf8, 0x0, 0x0, 0x0,
    0x1, 0xff, 0xfe, 0x0, 0xff, 0xfd, 0x0, 0x0,
    0x0, 0x0, 0x9, 0xff, 0xf2, 0x4f, 0xff, 0x70,
    0x0, 0x0, 0x0, 0x0, 0x2, 0x22, 0x7, 0xff,
    0xf4, 0x0, 0x0, 0x0, 0x0, 0x0, 0x0, 0x0,
    0x8f, 0xff, 0x20, 0x0, 0x0, 0x0, 0x0, 0x0,
    0x0, 0x9, 0xff, 0xf1, 0x0, 0x0, 0x0, 0x0,
    0x0, 0x0, 0x0, 0x8f, 0xff, 0x20, 0x0, 0x0,
    0x0, 0x0, 0x0, 0x0, 0x7, 0xff, 0xf4, 0x0,
    0x0, 0x0, 0x0, 0x0, 0x0, 0x0, 0x4f, 0xff,
    0x70, 0x0, 0x0, 0x0, 0x0, 0x2, 0x22, 0x0,
    0xff, 0xfd, 0x0, 0x0, 0x0, 0x0, 0x9, 0xff,
    0xf2, 0xa, 0xff, 0xf7, 0x0, 0x0, 0x0, 0x1,
    0xff, 0xfe, 0x0, 0x2f, 0xff, 0xf7, 0x0, 0x0,
    0x2, 0xdf, 0xff, 0x70, 0x0, 0x8f, 0xff, 0xfd,
    0x86, 0x7a, 0xff, 0xff, 0xd0, 0x0, 0x0, 0xaf,
    0xff, 0xff, 0xff, 0xff, 0xff, 0xe1, 0x0, 0x0,
    0x0, 0x7f, 0xff, 0xff, 0xff, 0xff, 0xa1, 0x0,
    0x0, 0x0, 0x0, 0x17, 0xbe, 0xfe, 0xd9, 0x30,
    0x0, 0x0,

    /* U+0109 "ĉ" */
    0x0, 0x0, 0x1, 0x78, 0x71, 0x0, 0x0, 0x0,
    0x0, 0x1, 0xcf, 0xff, 0xd0, 0x0, 0x0, 0x0,
    0x0, 0xcf, 0xf7, 0xff, 0xc0, 0x0, 0x0, 0x0,
    0xbf, 0xf6, 0x6, 0xff, 0xb0, 0x0, 0x0, 0x38,
    0x86, 0x0, 0x6, 0x88, 0x30, 0x0, 0x0, 0x0,
    0x0, 0x0, 0x0, 0x0, 0x0, 0x0, 0x0, 0x0,
    0x0, 0x0, 0x0, 0x0, 0x0, 0x0, 0x5, 0xbe,
    0xfe, 0xc6, 0x0, 0x0, 0x0, 0x2d, 0xff, 0xff,
    0xff, 0xfd, 0x20, 0x0, 0x1e, 0xff, 0xff, 0xff,
    0xff, 0xfe, 0x10, 0xa, 0xff, 0xfa, 0x20, 0x2a,
    0xff, 0xf9, 0x2, 0xff, 0xfc, 0x0, 0x0, 0xb,
    0xff, 0xe0, 0x7f, 0xff, 0x40, 0x0, 0x0, 0x37,
    0x30, 0xa, 0xff, 0xf0, 0x0, 0x0, 0x0, 0x0,
    0x0, 0xbf, 0xfe, 0x0, 0x0, 0x0, 0x0, 0x0,
    0xb, 0xff, 0xe0, 0x0, 0x0, 0x0, 0x0, 0x0,
    0xaf, 0xff, 0x0, 0x0, 0x0, 0x0, 0x0, 0x7,
    0xff, 0xf4, 0x0, 0x0, 0x3, 0x95, 0x20, 0x2f,
    0xff, 0xb0, 0x0, 0x0, 0xbf, 0xff, 0x0, 0xaf,
    0xff, 0xa2, 0x2, 0xaf, 0xff, 0x90, 0x1, 0xef,
    0xff, 0xff, 0xff, 0xff, 0xe1, 0x0, 0x2, 0xdf,
    0xff, 0xff, 0xff, 0xd2, 0x0, 0x0, 0x0, 0x5b,
    0xef, 0xec, 0x60, 0x0, 0x0,

    /* U+010A "Ċ" */
    0x0, 0x0, 0x0, 0x0, 0x8f, 0xc2, 0x0, 0x0,
    0x0, 0x0, 0x0, 0x0, 0x0, 0x3f, 0xff, 0xa0,
    0x0, 0x0, 0x0, 0x0, 0x0, 0x0, 0x3, 0xff,
    0xfb, 0x0, 0x0, 0x0, 0x0, 0x0, 0x0, 0x0,
    0x9, 0xfd, 0x20, 0x0, 0x0, 0x0, 0x0, 0x0,
    0x0, 0x0, 0x0, 0x0, 0x0, 0x0, 0x0, 0x0,
    0x0, 0x0, 0x0, 0x0, 0x0, 0x0, 0x0, 0x0,
    0x0, 0x0, 0x0, 0x0, 0x0, 0x0, 0x0, 0x0,
    0x0, 0x0, 0x0, 0x0, 0x0, 0x17, 0xbe, 0xfe,
    0xd9, 0x30, 0x0, 0x0, 0x0, 0x0, 0x6f, 0xff,
    0xff, 0xff, 0xff, 0xb2, 0x0, 0x0, 0x0, 0xaf,
    0xff, 0xff, 0xff, 0xff, 0xff, 0xe2, 0x0, 0x0,
    0x8f, 0xff, 0xfd, 0x86, 0x7a, 0xff, 0xff, 0xd0,
    0x0, 0x2f, 0xff, 0xf7, 0x0, 0x0, 0x2, 0xdf,
    0xff, 0x70, 0xa, 0xff, 0xf8, 0x0, 0x0, 0x0,
    0x1, 0xff, 0xfe, 0x0, 0xff, 0xfd, 0x0, 0x0,
    0x0, 0x0, 0x9, 0xff, 0xf2, 0x4f, 0xff, 0x70,
    0x0, 0x0, 0x0, 0x0, 0x2, 0x22, 0x7, 0xff,
    0xf4, 0x0, 0x0, 0x0, 0x0, 0x0, 0x0, 0x0,
    0x8f, 0xff, 0x20, 0x0, 0x0, 0x0, 0x0, 0x0,
    0x0, 0x9, 0xff, 0xf1, 0x0, 0x0, 0x0, 0x0,
    0x0, 0x0, 0x0, 0x8f, 0xff, 0x20, 0x0, 0x0,
    0x0, 0x0, 0x0, 0x0, 0x7, 0xff, 0xf4, 0x0,
    0x0, 0x0, 0x0, 0x0, 0x0, 0x0, 0x4f, 0xff,
    0x70, 0x0, 0x0, 0x0, 0x0, 0x2, 0x22, 0x0,
    0xff, 0xfd, 0x0, 0x0, 0x0, 0x0, 0x9, 0xff,
    0xf2, 0xa, 0xff, 0xf7, 0x0, 0x0, 0x0, 0x1,
    0xff, 0xfe, 0x0, 0x2f, 0xff, 0xf7, 0x0, 0x0,
    0x2, 0xdf, 0xff, 0x70, 0x0, 0x8f, 0xff, 0xfd,
    0x86, 0x7a, 0xff, 0xff, 0xd0, 0x0, 0x0, 0xaf,
    0xff, 0xff, 0xff, 0xff, 0xff, 0xe1, 0x0, 0x0,
    0x0, 0x7f, 0xff, 0xff, 0xff, 0xff, 0xa1, 0x0,
    0x0, 0x0, 0x0, 0x17, 0xbe, 0xfe, 0xd9, 0x30,
    0x0, 0x0,

    /* U+010B "ċ" */
    0x0, 0x0, 0x0, 0x0, 0x0, 0x0, 0x0, 0x0,
    0x0, 0x0, 0xb, 0xfb, 0x0, 0x0, 0x0, 0x0,
    0x0, 0x7, 0xff, 0xf7, 0x0, 0x0, 0x0, 0x0,
    0x0, 0x7f, 0xff, 0x70, 0x0, 0x0, 0x0, 0x0,
    0x0, 0xbf, 0xb0, 0x0, 0x0, 0x0, 0x0, 0x0,
    0x0, 0x0, 0x0, 0x0, 0x0, 0x0, 0x0, 0x0,
    0x0, 0x0, 0x0, 0x0, 0x0, 0x0, 0x5, 0xbe,
    0xfe, 0xc6, 0x0, 0x0, 0x0, 0x2d, 0xff, 0xff,
    0xff, 0xfd, 0x20, 0x0, 0x1e, 0xff, 0xff, 0xff,
    0xff, 0xfe, 0x10, 0xa, 0xff, 0xfa, 0x20, 0x2a,
    0xff, 0xf9, 0x2, 0xff, 0xfc, 0x0, 0x0, 0xb,
    0xff, 0xe0, 0x7f, 0xff, 0x40, 0x0, 0x0, 0x37,
    0x30, 0xa, 0xff, 0xf0, 0x0, 0x0, 0x0, 0x0,
    0x0, 0xbf, 0xfe, 0x0, 0x0, 0x0, 0x0, 0x0,
    0xb, 0xff, 0xe0, 0x0, 0x0, 0x0, 0x0, 0x0,
    0xaf, 0xff, 0x0, 0x0, 0x0, 0x0, 0x0, 0x7,
    0xff, 0xf4, 0x0, 0x0, 0x3, 0x95, 0x20, 0x2f,
    0xff, 0xb0, 0x0, 0x0, 0xbf, 0xff, 0x0, 0xaf,
    0xff, 0xa2, 0x2, 0xaf, 0xff, 0x90, 0x1, 0xef,
    0xff, 0xff, 0xff, 0xff, 0xe1, 0x0, 0x2, 0xdf,
    0xff, 0xff, 0xff, 0xd2, 0x0, 0x0, 0x0, 0x5b,
    0xef, 0xec, 0x60, 0x0, 0x0,

    /* U+010C "Č" */
    0x0, 0x0, 0x1e, 0xff, 0x20, 0xa, 0xff, 0x90,
    0x0, 0x0, 0x0, 0x0, 0x4f, 0xfc, 0x5, 0xff,
    0xc0, 0x0, 0x0, 0x0, 0x0, 0x0, 0x7f, 0xf9,
    0xef, 0xe1, 0x0, 0x0, 0x0, 0x0, 0x0, 0x0,
    0xbf, 0xff, 0xf3, 0x0, 0x0, 0x0, 0x0, 0x0,
    0x0, 0x1, 0xbc, 0xc6, 0x0, 0x0, 0x0, 0x0,
    0x0, 0x0, 0x0, 0x0, 0x0, 0x0, 0x0, 0x0,
    0x0, 0x0, 0x0, 0x0, 0x0, 0x0, 0x0, 0x0,
    0x0, 0x0, 0x0, 0x0, 0x0, 0x17, 0xbe, 0xfe,
    0xd9, 0x50, 0x0, 0x0, 0x0, 0x0, 0x6f, 0xff,
    0xff, 0xff, 0xff, 0xd4, 0x0, 0x0, 0x0, 0xaf,
    0xff, 0xff, 0xff, 0xff, 0xff, 0xf5, 0x0, 0x0,
    0x8f, 0xff, 0xfd, 0x86, 0x79, 0xef, 0xff, 0xf2,
    0x0, 0x2f, 0xff, 0xf7, 0x0, 0x0, 0x0, 0xaf,
    0xff, 0xb0, 0xa, 0xff, 0xf8, 0x0, 0x0, 0x0,
    0x0, 0xcf, 0xff, 0x10, 0xff, 0xfd, 0x0, 0x0,
    0x0, 0x0, 0x2, 0x55, 0x51, 0x4f, 0xff, 0x70,
    0x0, 0x0, 0x0, 0x0, 0x0, 0x0, 0x7, 0xff,
    0xf4, 0x0, 0x0, 0x0, 0x0, 0x0, 0x0, 0x0,
    0x8f, 0xff, 0x20, 0x0, 0x0, 0x0, 0x0, 0x0,
    0x0, 0x9, 0xff, 0xf1, 0x0, 0x0, 0x0, 0x0,
    0x0, 0x0, 0x0, 0x8f, 0xff, 0x20, 0x0, 0x0,
    0x0, 0x0, 0x0, 0x0, 0x7, 0xff, 0xf4, 0x0,
    0x0, 0x0, 0x0, 0x0, 0x0, 0x0, 0x4f, 0xff,
    0x70, 0x0, 0x0, 0x0, 0x0, 0x26, 0x66, 0x10,
    0xff, 0xfd, 0x0, 0x0, 0x0, 0x0, 0xa, 0xff,
    0xf1, 0xa, 0xff, 0xf7, 0x0, 0x0, 0x0, 0x2,
    0xff, 0xfd, 0x0, 0x2f, 0xff, 0xf7, 0x0, 0x0,
    0x2, 0xef, 0xff, 0x50, 0x0, 0x8f, 0xff, 0xfd,
    0x86, 0x6a, 0xff, 0xff, 0xb0, 0x0, 0x0, 0xaf,
    0xff, 0xff, 0xff, 0xff, 0xff, 0xd1, 0x0, 0x0,
    0x0, 0x7f, 0xff, 0xff, 0xff, 0xff, 0xa0, 0x0,
    0x0, 0x0, 0x0, 0x17, 0xbe, 0xfe, 0xc8, 0x20,
    0x0, 0x0,

    /* U+010D "č" */
    0x0, 0x38, 0x86, 0x0, 0x6, 0x88, 0x40, 0x0,
    0x0, 0xaf, 0xf6, 0x5, 0xff, 0xc0, 0x0, 0x0,
    0x0, 0xbf, 0xf7, 0xff, 0xc0, 0x0, 0x0, 0x0,
    0x0, 0xcf, 0xff, 0xd1, 0x0, 0x0, 0x0, 0x0,
    0x1, 0x78, 0x71, 0x0, 0x0, 0x0, 0x0, 0x0,
    0x0, 0x0, 0x0, 0x0, 0x0, 0x0, 0x0, 0x0,
    0x0, 0x0, 0x0, 0x0, 0x0, 0x0, 0x5, 0xbe,
    0xfe, 0xc6, 0x0, 0x0, 0x0, 0x2d, 0xff, 0xff,
    0xff, 0xfd, 0x20, 0x0, 0x1e, 0xff, 0xff, 0xff,
    0xff, 0xfe, 0x10, 0xa, 0xff, 0xfa, 0x20, 0x2a,
    0xff, 0xf9, 0x2, 0xff, 0xfc, 0x0, 0x0, 0xb,
    0xff, 0xe0, 0x7f, 0xff, 0x40, 0x0, 0x0, 0x37,
    0x30, 0xa, 0xff, 0xf0, 0x0, 0x0, 0x0, 0x0,
    0x0, 0xbf, 0xfe, 0x0, 0x0, 0x0, 0x0, 0x0,
    0xb, 0xff, 0xe0, 0x0, 0x0, 0x0, 0x0, 0x0,
    0xaf, 0xff, 0x0, 0x0, 0x0, 0x0, 0x0, 0x7,
    0xff, 0xf4, 0x0, 0x0, 0x3, 0x95, 0x20, 0x2f,
    0xff, 0xb0, 0x0, 0x0, 0xbf, 0xff, 0x0, 0xaf,
    0xff, 0xa2, 0x2, 0xaf, 0xff, 0x90, 0x1, 0xef,
    0xff, 0xff, 0xff, 0xff, 0xe1, 0x0, 0x2, 0xdf,
    0xff, 0xff, 0xff, 0xd2, 0x0, 0x0, 0x0, 0x5b,
    0xef, 0xec, 0x60, 0x0, 0x0,

    /* U+010E "Ď" */
    0x4, 0x88, 0x40, 0x0, 0x78, 0x82, 0x0, 0x0,
    0x0, 0x1e, 0xff, 0x20, 0x7f, 0xfb, 0x0, 0x0,
    0x0, 0x0, 0x3f, 0xfd, 0x4f, 0xfd, 0x0, 0x0,
    0x0, 0x0, 0x0, 0x5f, 0xff, 0xfe, 0x20, 0x0,
    0x0, 0x0, 0x0, 0x0, 0x8f, 0xff, 0x30, 0x0,
    0x0, 0x0, 0x0, 0x0, 0x0, 0x0, 0x0, 0x0,
    0x0, 0x0, 0x0, 0x0, 0x0, 0x0, 0x0, 0x0,
    0x0, 0x0, 0x0, 0xf, 0xff, 0xff, 0xff, 0xfe,
    0xb7, 0x20, 0x0, 0x0, 0xff, 0xff, 0xff, 0xff,
    0xff, 0xff, 0x90, 0x0, 0xf, 0xff, 0xff, 0xff,
    0xff, 0xff, 0xff, 0xc1, 0x0, 0xff, 0xfc, 0x44,
    0x45, 0x6b, 0xff, 0xff, 0xb0, 0xf, 0xff, 0xb0,
    0x0, 0x0, 0x3, 0xdf, 0xff, 0x60, 0xff, 0xfb,
    0x0, 0x0, 0x0, 0x2, 0xff, 0xfd, 0xf, 0xff,
    0xb0, 0x0, 0x0, 0x0, 0x8, 0xff, 0xf3, 0xff,
    0xfb, 0x0, 0x0, 0x0, 0x0, 0x2f, 0xff, 0x7f,
    0xff, 0xb0, 0x0, 0x0, 0x0, 0x0, 0xff, 0xfa,
    0xff, 0xfb, 0x0, 0x0, 0x0, 0x0, 0xd, 0xff,
    0xcf, 0xff, 0xb0, 0x0, 0x0, 0x0, 0x0, 0xdf,
    0xfc, 0xff, 0xfb, 0x0, 0x0, 0x0, 0x0, 0xd,
    0xff, 0xbf, 0xff, 0xb0, 0x0, 0x0, 0x0, 0x0,
    0xff, 0xfa, 0xff, 0xfb, 0x0, 0x0, 0x0, 0x0,
    0x2f, 0xff, 0x7f, 0xff, 0xb0, 0x0, 0x0, 0x0,
    0x8, 0xff, 0xf3, 0xff, 0xfb, 0x0, 0x0, 0x0,
    0x2, 0xff, 0xfd, 0xf, 0xff, 0xb0, 0x0, 0x0,
    0x3, 0xef, 0xff, 0x60, 0xff, 0xfc, 0x44, 0x45,
    0x7b, 0xff, 0xff, 0xb0, 0xf, 0xff, 0xff, 0xff,
    0xff, 0xff, 0xff, 0xc1, 0x0, 0xff, 0xff, 0xff,
    0xff, 0xff, 0xff, 0x80, 0x0, 0xf, 0xff, 0xff,
    0xff, 0xfe, 0xb7, 0x10, 0x0, 0x0,

    /* U+010F "ď" */
    0x0, 0x0, 0x0, 0x0, 0x0, 0x0, 0x0, 0x0,
    0x46, 0x61, 0x0, 0x0, 0x0, 0x0, 0x0, 0x0,
    0x0, 0x0, 0xaf, 0xf2, 0x0, 0x0, 0x0, 0x0,
    0x0, 0xf, 0xff, 0x90, 0xaf, 0xf0, 0x0, 0x0,
    0x0, 0x0, 0x0, 0xf, 0xff, 0x90, 0xaf, 0xe0,
    0x0, 0x0, 0x0, 0x0, 0x0, 0xf, 0xff, 0x90,
    0xaf, 0xb0, 0x0, 0x0, 0x0, 0x0, 0x0, 0xf,
    0xff, 0x90, 0xaf, 0x90, 0x0, 0x0, 0x0, 0x0,
    0x0, 0xf, 0xff, 0x90, 0x0, 0x0, 0x0, 0x2,
    0x9d, 0xfe, 0x91, 0xf, 0xff, 0x90, 0x0, 0x0,
    0x0, 0x5f, 0xff, 0xff, 0xfe, 0x1f, 0xff, 0x90,
    0x0, 0x0, 0x4, 0xff, 0xff, 0xff, 0xff, 0xbf,
    0xff, 0x90, 0x0, 0x0, 0xd, 0xff, 0xfa, 0x20,
    0x2b, 0xff, 0xff, 0x90, 0x0, 0x0, 0x3f, 0xff,
    0xc0, 0x0, 0x0, 0xcf, 0xff, 0x90, 0x0, 0x0,
    0x8f, 0xff, 0x40, 0x0, 0x0, 0x5f, 0xff, 0x90,
    0x0, 0x0, 0xaf, 0xff, 0x0, 0x0, 0x0, 0x1f,
    0xff, 0x90, 0x0, 0x0, 0xbf, 0xfe, 0x0, 0x0,
    0x0, 0xf, 0xff, 0x90, 0x0, 0x0, 0xbf, 0xfe,
    0x0, 0x0, 0x0, 0xf, 0xff, 0x90, 0x0, 0x0,
    0xaf, 0xff, 0x0, 0x0, 0x0, 0x1f, 0xff, 0x90,
    0x0, 0x0, 0x8f, 0xff, 0x50, 0x0, 0x0, 0x5f,
    0xff, 0x90, 0x0, 0x0, 0x3f, 0xff, 0xc0, 0x0,
    0x0, 0xcf, 0xff, 0x90, 0x0, 0x0, 0xd, 0xff,
    0xfa, 0x20, 0x2b, 0xff, 0xff, 0x90, 0x0, 0x0,
    0x4, 0xff, 0xff, 0xff, 0xff, 0xbe, 0xff, 0x90,
    0x0, 0x0, 0x0, 0x5f, 0xff, 0xff, 0xfe, 0x1e,
    0xff, 0x90, 0x0, 0x0, 0x0, 0x2, 0x9d, 0xfe,
    0x91, 0xe, 0xff, 0x90, 0x0, 0x0,

    /* U+0110 "Đ" */
    0x0, 0x2f, 0xff, 0xff, 0xff, 0xfe, 0xb6, 0x10,
    0x0, 0x0, 0x0, 0x2f, 0xff, 0xff, 0xff, 0xff,
    0xff, 0xf7, 0x0, 0x0, 0x0, 0x2f, 0xff, 0xff,
    0xff, 0xff, 0xff, 0xff, 0xa0, 0x0, 0x0, 0x2f,
    0xff, 0xa4, 0x44, 0x57, 0xcf, 0xff, 0xf9, 0x0,
    0x0, 0x2f, 0xff, 0x80, 0x0, 0x0, 0x4, 0xff,
    0xff, 0x30, 0x0, 0x2f, 0xff, 0x80, 0x0, 0x0,
    0x0, 0x4f, 0xff, 0xb0, 0x0, 0x2f, 0xff, 0x80,
    0x0, 0x0, 0x0, 0xb, 0xff, 0xf1, 0x0, 0x2f,
    0xff, 0x80, 0x0, 0x0, 0x0, 0x5, 0xff, 0xf5,
    0x0, 0x2f, 0xff, 0x80, 0x0, 0x0, 0x0, 0x2,
    0xff, 0xf7, 0xbf, 0xff, 0xff, 0xff, 0xff, 0xf3,
    0x0, 0x0, 0xff, 0xf9, 0xbf, 0xff, 0xff, 0xff,
    0xff, 0xf3, 0x0, 0x0, 0xff, 0xf9, 0x7a, 0xcf,
    0xff, 0xfa, 0xaa, 0xa2, 0x0, 0x0, 0xff, 0xf9,
    0x0, 0x2f, 0xff, 0x80, 0x0, 0x0, 0x0, 0x2,
    0xff, 0xf7, 0x0, 0x2f, 0xff, 0x80, 0x0, 0x0,
    0x0, 0x5, 0xff, 0xf5, 0x0, 0x2f, 0xff, 0x80,
    0x0, 0x0, 0x0, 0xb, 0xff, 0xf1, 0x0, 0x2f,
    0xff, 0x80, 0x0, 0x0, 0x0, 0x4f, 0xff, 0xb0,
    0x0, 0x2f, 0xff, 0x80, 0x0, 0x0, 0x5, 0xff,
    0xff, 0x30, 0x0, 0x2f, 0xff, 0xa4, 0x44, 0x57,
    0xcf, 0xff, 0xf9, 0x0, 0x0, 0x2f, 0xff, 0xff,
    0xff, 0xff, 0xff, 0xff, 0xa0, 0x0, 0x0, 0x2f,
    0xff, 0xff, 0xff, 0xff, 0xff, 0xf7, 0x0, 0x0,
    0x0, 0x2f, 0xff, 0xff, 0xff, 0xfe, 0xb6, 0x0,
    0x0, 0x0,

    /* U+0111 "đ" */
    0x0, 0x0, 0x0, 0x0, 0x0, 0xf, 0xff, 0x90,
    0x0, 0x0, 0x0, 0x1, 0xff, 0xff, 0xff, 0xff,
    0xf7, 0x0, 0x0, 0x0, 0x1f, 0xff, 0xff, 0xff,
    0xff, 0x70, 0x0, 0x0, 0x0, 0x55, 0x55, 0xff,
    0xff, 0x52, 0x0, 0x0, 0x0, 0x0, 0x0, 0xf,
    0xff, 0x90, 0x0, 0x0, 0x29, 0xdf, 0xe9, 0x10,
    0xff, 0xf9, 0x0, 0x0, 0x5f, 0xff, 0xff, 0xfe,
    0x1f, 0xff, 0x90, 0x0, 0x4f, 0xff, 0xff, 0xff,
    0xfb, 0xff, 0xf9, 0x0, 0xd, 0xff, 0xfa, 0x20,
    0x2b, 0xff, 0xff, 0x90, 0x3, 0xff, 0xfc, 0x0,
    0x0, 0xc, 0xff, 0xf9, 0x0, 0x8f, 0xff, 0x40,
    0x0, 0x0, 0x5f, 0xff, 0x90, 0xa, 0xff, 0xf0,
    0x0, 0x0, 0x1, 0xff, 0xf9, 0x0, 0xbf, 0xfe,
    0x0, 0x0, 0x0, 0xf, 0xff, 0x90, 0xb, 0xff,
    0xe0, 0x0, 0x0, 0x0, 0xff, 0xf9, 0x0, 0xaf,
    0xff, 0x0, 0x0, 0x0, 0x1f, 0xff, 0x90, 0x8,
    0xff, 0xf5, 0x0, 0x0, 0x5, 0xff, 0xf9, 0x0,
    0x3f, 0xff, 0xc0, 0x0, 0x0, 0xcf, 0xff, 0x90,
    0x0, 0xdf, 0xff, 0xa2, 0x2, 0xbf, 0xff, 0xf9,
    0x0, 0x4, 0xff, 0xff, 0xff, 0xff, 0xbe, 0xff,
    0x90, 0x0, 0x5, 0xff, 0xff, 0xff, 0xe1, 0xef,
    0xf9, 0x0, 0x0, 0x2, 0x9d, 0xfe, 0x91, 0xe,
    0xff, 0x90, 0x0,

    /* U+0112 "Ē" */
    0x0, 0x17, 0x77, 0x77, 0x77, 0x40, 0x0, 0x0,
    0x3f, 0xff, 0xff, 0xff, 0x90, 0x0, 0x0, 0x3f,
    0xff, 0xff, 0xff, 0x90, 0x0, 0x0, 0x0, 0x0,
    0x0, 0x0, 0x0, 0x0, 0x0, 0x0, 0x0, 0x0,
    0x0, 0x0, 0x0, 0x0, 0x0, 0x0, 0x0, 0x0,
    0x0, 0x0, 0xff, 0xff, 0xff, 0xff, 0xff, 0xff,
    0xf4, 0xff, 0xff, 0xff, 0xff, 0xff, 0xff, 0xf4,
    0xff, 0xff, 0xff, 0xff, 0xff, 0xff, 0xf4, 0xff,
    0xfc, 0x22, 0x22, 0x22, 0x22, 0x20, 0xff, 0xfb,
    0x0, 0x0, 0x0, 0x0, 0x0, 0xff, 0xfb, 0x0,
    0x0, 0x0, 0x0, 0x0, 0xff, 0xfb, 0x0, 0x0,
    0x0, 0x0, 0x0, 0xff, 0xfb, 0x0, 0x0, 0x0,
    0x0, 0x0, 0xff, 0xfb, 0x22, 0x22, 0x22, 0x22,
    0x10, 0xff, 0xff, 0xff, 0xff, 0xff, 0xff, 0x90,
    0xff, 0xff, 0xff, 0xff, 0xff, 0xff, 0x90, 0xff,
    0xff, 0xff, 0xff, 0xff, 0xff, 0x90, 0xff, 0xfb,
    0x0, 0x0, 0x0, 0x0, 0x0, 0xff, 0xfb, 0x0,
    0x0, 0x0, 0x0, 0x0, 0xff, 0xfb, 0x0, 0x0,
    0x0, 0x0, 0x0, 0xff, 0xfb, 0x0, 0x0, 0x0,
    0x0, 0x0, 0xff, 0xfb, 0x0, 0x0, 0x0, 0x0,
    0x0, 0xff, 0xfc, 0x22, 0x22, 0x22, 0x22, 0x20,
    0xff, 0xff, 0xff, 0xff, 0xff, 0xff, 0xf5, 0xff,
    0xff, 0xff, 0xff, 0xff, 0xff, 0xf5, 0xff, 0xff,
    0xff, 0xff, 0xff, 0xff, 0xf5,

    /* U+0113 "ē" */
    0x0, 0x9, 0xff, 0xff, 0xff, 0xf3, 0x0, 0x0,
    0x0, 0x9f, 0xff, 0xff, 0xff, 0x30, 0x0, 0x0,
    0x4, 0x77, 0x77, 0x77, 0x71, 0x0, 0x0, 0x0,
    0x0, 0x0, 0x0, 0x0, 0x0, 0x0, 0x0, 0x0,
    0x0, 0x0, 0x0, 0x0, 0x0, 0x0, 0x0, 0x6,
    0xce, 0xfd, 0xa4, 0x0, 0x0, 0x0, 0x2d, 0xff,
    0xff, 0xff, 0xfb, 0x10, 0x0, 0x1e, 0xff, 0xff,
    0xef, 0xff, 0xfb, 0x0, 0xa, 0xff, 0xf6, 0x0,
    0x19, 0xff, 0xf7, 0x2, 0xff, 0xf7, 0x0, 0x0,
    0xb, 0xff, 0xe0, 0x7f, 0xff, 0x0, 0x0, 0x0,
    0x4f, 0xff, 0x2a, 0xff, 0xe8, 0x88, 0x88, 0x88,
    0xff, 0xf4, 0xbf, 0xff, 0xff, 0xff, 0xff, 0xff,
    0xff, 0x5b, 0xff, 0xff, 0xff, 0xff, 0xff, 0xff,
    0xf6, 0xaf, 0xfd, 0x0, 0x0, 0x0, 0x0, 0x0,
    0x7, 0xff, 0xf0, 0x0, 0x0, 0x0, 0x0, 0x0,
    0x2f, 0xff, 0x80, 0x0, 0x0, 0x4b, 0x85, 0x0,
    0xbf, 0xff, 0x71, 0x0, 0x5e, 0xff, 0xd0, 0x1,
    0xef, 0xff, 0xfe, 0xff, 0xff, 0xf4, 0x0, 0x2,
    0xdf, 0xff, 0xff, 0xff, 0xf5, 0x0, 0x0, 0x0,
    0x5b, 0xdf, 0xfc, 0x81, 0x0, 0x0,

    /* U+0114 "Ĕ" */
    0x0, 0x58, 0x30, 0x0, 0x8, 0x81, 0x0, 0x0,
    0xaf, 0xb0, 0x0, 0x4f, 0xf0, 0x0, 0x0, 0x4f,
    0xf8, 0x35, 0xef, 0xa0, 0x0, 0x0, 0x9, 0xff,
    0xff, 0xfe, 0x10, 0x0, 0x0, 0x0, 0x6c, 0xfe,
    0x91, 0x0, 0x0, 0x0, 0x0, 0x0, 0x0, 0x0,
    0x0, 0x0, 0x0, 0x0, 0x0, 0x0, 0x0, 0x0,
    0x0, 0xff, 0xff, 0xff, 0xff, 0xff, 0xff, 0xf4,
    0xff, 0xff, 0xff, 0xff, 0xff, 0xff, 0xf4, 0xff,
    0xff, 0xff, 0xff, 0xff, 0xff, 0xf4, 0xff, 0xfc,
    0x22, 0x22, 0x22, 0x22, 0x20, 0xff, 0xfb, 0x0,
    0x0, 0x0, 0x0, 0x0, 0xff, 0xfb, 0x0, 0x0,
    0x0, 0x0, 0x0, 0xff, 0xfb, 0x0, 0x0, 0x0,
    0x0, 0x0, 0xff, 0xfb, 0x0, 0x0, 0x0, 0x0,
    0x0, 0xff, 0xfb, 0x22, 0x22, 0x22, 0x22, 0x10,
    0xff, 0xff, 0xff, 0xff, 0xff, 0xff, 0x90, 0xff,
    0xff, 0xff, 0xff, 0xff, 0xff, 0x90, 0xff, 0xff,
    0xff, 0xff, 0xff, 0xff, 0x90, 0xff, 0xfb, 0x0,
    0x0, 0x0, 0x0, 0x0, 0xff, 0xfb, 0x0, 0x0,
    0x0, 0x0, 0x0, 0xff, 0xfb, 0x0, 0x0, 0x0,
    0x0, 0x0, 0xff, 0xfb, 0x0, 0x0, 0x0, 0x0,
    0x0, 0xff, 0xfb, 0x0, 0x0, 0x0, 0x0, 0x0,
    0xff, 0xfc, 0x22, 0x22, 0x22, 0x22, 0x20, 0xff,
    0xff, 0xff, 0xff, 0xff, 0xff, 0xf5, 0xff, 0xff,
    0xff, 0xff, 0xff, 0xff, 0xf5, 0xff, 0xff, 0xff,
    0xff, 0xff, 0xff, 0xf5,

    /* U+0115 "ĕ" */
    0x0, 0x8, 0x80, 0x0, 0x3, 0x86, 0x0, 0x0,
    0x0, 0xff, 0x50, 0x0, 0xaf, 0xa0, 0x0, 0x0,
    0xa, 0xfe, 0x53, 0x8f, 0xf4, 0x0, 0x0, 0x0,
    0x1d, 0xff, 0xff, 0xfa, 0x0, 0x0, 0x0, 0x0,
    0x19, 0xef, 0xd6, 0x0, 0x0, 0x0, 0x0, 0x0,
    0x0, 0x0, 0x0, 0x0, 0x0, 0x0, 0x0, 0x0,
    0x0, 0x0, 0x0, 0x0, 0x0, 0x0, 0x6, 0xce,
    0xfd, 0xa4, 0x0, 0x0, 0x0, 0x2d, 0xff, 0xff,
    0xff, 0xfb, 0x10, 0x0, 0x1e, 0xff, 0xff, 0xef,
    0xff, 0xfb, 0x0, 0xa, 0xff, 0xf6, 0x0, 0x19,
    0xff, 0xf7, 0x2, 0xff, 0xf7, 0x0, 0x0, 0xb,
    0xff, 0xe0, 0x7f, 0xff, 0x0, 0x0, 0x0, 0x4f,
    0xff, 0x2a, 0xff, 0xe8, 0x88, 0x88, 0x88, 0xff,
    0xf4, 0xbf, 0xff, 0xff, 0xff, 0xff, 0xff, 0xff,
    0x5b, 0xff, 0xff, 0xff, 0xff, 0xff, 0xff, 0xf6,
    0xaf, 0xfd, 0x0, 0x0, 0x0, 0x0, 0x0, 0x7,
    0xff, 0xf0, 0x0, 0x0, 0x0, 0x0, 0x0, 0x2f,
    0xff, 0x80, 0x0, 0x0, 0x4b, 0x85, 0x0, 0xbf,
    0xff, 0x71, 0x0, 0x5e, 0xff, 0xd0, 0x1, 0xef,
    0xff, 0xfe, 0xff, 0xff, 0xf4, 0x0, 0x2, 0xdf,
    0xff, 0xff, 0xff, 0xf5, 0x0, 0x0, 0x0, 0x5b,
    0xdf, 0xfc, 0x81, 0x0, 0x0,

    /* U+0116 "Ė" */
    0x0, 0x0, 0x0, 0x0, 0x0, 0x0, 0x0, 0x0,
    0x0, 0x9, 0xfd, 0x20, 0x0, 0x0, 0x0, 0x0,
    0x4f, 0xff, 0xa0, 0x0, 0x0, 0x0, 0x0, 0x3f,
    0xff, 0xa0, 0x0, 0x0, 0x0, 0x0, 0x8, 0xfc,
    0x20, 0x0, 0x0, 0x0, 0x0, 0x0, 0x0, 0x0,
    0x0, 0x0, 0x0, 0x0, 0x0, 0x0, 0x0, 0x0,
    0x0, 0xff, 0xff, 0xff, 0xff, 0xff, 0xff, 0xf4,
    0xff, 0xff, 0xff, 0xff, 0xff, 0xff, 0xf4, 0xff,
    0xff, 0xff, 0xff, 0xff, 0xff, 0xf4, 0xff, 0xfc,
    0x22, 0x22, 0x22, 0x22, 0x20, 0xff, 0xfb, 0x0,
    0x0, 0x0, 0x0, 0x0, 0xff, 0xfb, 0x0, 0x0,
    0x0, 0x0, 0x0, 0xff, 0xfb, 0x0, 0x0, 0x0,
    0x0, 0x0, 0xff, 0xfb, 0x0, 0x0, 0x0, 0x0,
    0x0, 0xff, 0xfb, 0x22, 0x22, 0x22, 0x22, 0x10,
    0xff, 0xff, 0xff, 0xff, 0xff, 0xff, 0x90, 0xff,
    0xff, 0xff, 0xff, 0xff, 0xff, 0x90, 0xff, 0xff,
    0xff, 0xff, 0xff, 0xff, 0x90, 0xff, 0xfb, 0x0,
    0x0, 0x0, 0x0, 0x0, 0xff, 0xfb, 0x0, 0x0,
    0x0, 0x0, 0x0, 0xff, 0xfb, 0x0, 0x0, 0x0,
    0x0, 0x0, 0xff, 0xfb, 0x0, 0x0, 0x0, 0x0,
    0x0, 0xff, 0xfb, 0x0, 0x0, 0x0, 0x0, 0x0,
    0xff, 0xfc, 0x22, 0x22, 0x22, 0x22, 0x20, 0xff,
    0xff, 0xff, 0xff, 0xff, 0xff, 0xf5, 0xff, 0xff,
    0xff, 0xff, 0xff, 0xff, 0xf5, 0xff, 0xff, 0xff,
    0xff, 0xff, 0xff, 0xf5,

    /* U+0117 "ė" */
    0x0, 0x0, 0x0, 0x0, 0x0, 0x0, 0x0, 0x0,
    0x0, 0x0, 0x1c, 0xf9, 0x0, 0x0, 0x0, 0x0,
    0x0, 0x9, 0xff, 0xf5, 0x0, 0x0, 0x0, 0x0,
    0x0, 0x9f, 0xff, 0x40, 0x0, 0x0, 0x0, 0x0,
    0x1, 0xcf, 0x90, 0x0, 0x0, 0x0, 0x0, 0x0,
    0x0, 0x0, 0x0, 0x0, 0x0, 0x0, 0x0, 0x0,
    0x0, 0x0, 0x0, 0x0, 0x0, 0x0, 0x6, 0xce,
    0xfd, 0xa4, 0x0, 0x0, 0x0, 0x2d, 0xff, 0xff,
    0xff, 0xfb, 0x10, 0x0, 0x1e, 0xff, 0xff, 0xef,
    0xff, 0xfb, 0x0, 0xa, 0xff, 0xf6, 0x0, 0x19,
    0xff, 0xf7, 0x2, 0xff, 0xf7, 0x0, 0x0, 0xb,
    0xff, 0xe0, 0x7f, 0xff, 0x0, 0x0, 0x0, 0x4f,
    0xff, 0x2a, 0xff, 0xe8, 0x88, 0x88, 0x88, 0xff,
    0xf4, 0xbf, 0xff, 0xff, 0xff, 0xff, 0xff, 0xff,
    0x5b, 0xff, 0xff, 0xff, 0xff, 0xff, 0xff, 0xf6,
    0xaf, 0xfd, 0x0, 0x0, 0x0, 0x0, 0x0, 0x7,
    0xff, 0xf0, 0x0, 0x0, 0x0, 0x0, 0x0, 0x2f,
    0xff, 0x80, 0x0, 0x0, 0x4b, 0x85, 0x0, 0xbf,
    0xff, 0x71, 0x0, 0x5e, 0xff, 0xd0, 0x1, 0xef,
    0xff, 0xfe, 0xff, 0xff, 0xf4, 0x0, 0x2, 0xdf,
    0xff, 0xff, 0xff, 0xf5, 0x0, 0x0, 0x0, 0x5b,
    0xdf, 0xfc, 0x81, 0x0, 0x0,

    /* U+0118 "Ę" */
    0xff, 0xff, 0xff, 0xff, 0xff, 0xff, 0xf4, 0xf,
    0xff, 0xff, 0xff, 0xff, 0xff, 0xff, 0x40, 0xff,
    0xff, 0xff, 0xff, 0xff, 0xff, 0xf4, 0xf, 0xff,
    0xc2, 0x22, 0x22, 0x22, 0x22, 0x0, 0xff, 0xfb,
    0x0, 0x0, 0x0, 0x0, 0x0, 0xf, 0xff, 0xb0,
    0x0, 0x0, 0x0, 0x0, 0x0, 0xff, 0xfb, 0x0,
    0x0, 0x0, 0x0, 0x0, 0xf, 0xff, 0xb0, 0x0,
    0x0, 0x0, 0x0, 0x0, 0xff, 0xfb, 0x22, 0x22,
    0x22, 0x22, 0x10, 0xf, 0xff, 0xff, 0xff, 0xff,
    0xff, 0xf9, 0x0, 0xff, 0xff, 0xff, 0xff, 0xff,
    0xff, 0x90, 0xf, 0xff, 0xff, 0xff, 0xff, 0xff,
    0xf9, 0x0, 0xff, 0xfb, 0x0, 0x0, 0x0, 0x0,
    0x0, 0xf, 0xff, 0xb0, 0x0, 0x0, 0x0, 0x0,
    0x0, 0xff, 0xfb, 0x0, 0x0, 0x0, 0x0, 0x0,
    0xf, 0xff, 0xb0, 0x0, 0x0, 0x0, 0x0, 0x0,
    0xff, 0xfb, 0x0, 0x0, 0x0, 0x0, 0x0, 0xf,
    0xff, 0xc2, 0x22, 0x22, 0x22, 0x22, 0x0, 0xff,
    0xff, 0xff, 0xff, 0xff, 0xff, 0xf5, 0xf, 0xff,
    0xff, 0xff, 0xff, 0xff, 0xff, 0x50, 0xff, 0xff,
    0xff, 0xff, 0xff, 0xff, 0xf5, 0x0, 0x0, 0x0,
    0x0, 0x1, 0xdf, 0xf8, 0x0, 0x0, 0x0, 0x0,
    0x0, 0xaf, 0xf7, 0x0, 0x0, 0x0, 0x0, 0x0,
    0xf, 0xff, 0x10, 0x0, 0x0, 0x0, 0x0, 0x0,
    0xff, 0xfa, 0x85, 0x0, 0x0, 0x0, 0x0, 0xb,
    0xff, 0xff, 0xc0, 0x0, 0x0, 0x0, 0x0, 0x19,
    0xef, 0xd8, 0x0,

    /* U+0119 "ę" */
    0x0, 0x0, 0x6c, 0xef, 0xda, 0x40, 0x0, 0x0,
    0x2, 0xdf, 0xff, 0xff, 0xff, 0xb1, 0x0, 0x1,
    0xef, 0xff, 0xfe, 0xff, 0xff, 0xb0, 0x0, 0xaf,
    0xff, 0x60, 0x1, 0x9f, 0xff, 0x70, 0x2f, 0xff,
    0x70, 0x0, 0x0, 0xbf, 0xfe, 0x7, 0xff, 0xf0,
    0x0, 0x0, 0x4, 0xff, 0xf2, 0xaf, 0xfe, 0x88,
    0x88, 0x88, 0x8f, 0xff, 0x4b, 0xff, 0xff, 0xff,
    0xff, 0xff, 0xff, 0xf5, 0xbf, 0xff, 0xff, 0xff,
    0xff, 0xff, 0xff, 0x6a, 0xff, 0xd0, 0x0, 0x0,
    0x0, 0x0, 0x0, 0x7f, 0xff, 0x0, 0x0, 0x0,
    0x0, 0x0, 0x2, 0xff, 0xf8, 0x0, 0x0, 0x4,
    0xb8, 0x50, 0xb, 0xff, 0xf7, 0x10, 0x5, 0xef,
    0xff, 0x0, 0x1e, 0xff, 0xff, 0xef, 0xff, 0xff,
    0xc0, 0x0, 0x2d, 0xff, 0xff, 0xff, 0xff, 0xf1,
    0x0, 0x0, 0x5, 0xbd, 0xff, 0xff, 0xf6, 0x0,
    0x0, 0x0, 0x0, 0x0, 0x3f, 0xfd, 0x0, 0x0,
    0x0, 0x0, 0x0, 0xc, 0xff, 0x50, 0x0, 0x0,
    0x0, 0x0, 0x0, 0xff, 0xf1, 0x0, 0x0, 0x0,
    0x0, 0x0, 0xf, 0xff, 0xa8, 0x40, 0x0, 0x0,
    0x0, 0x0, 0xbf, 0xff, 0xfc, 0x0, 0x0, 0x0,
    0x0, 0x1, 0x9e, 0xfd, 0x80,

    /* U+011A "Ě" */
    0x1, 0x88, 0x70, 0x0, 0x48, 0x85, 0x0, 0x0,
    0x9f, 0xf7, 0x2, 0xff, 0xf2, 0x0, 0x0, 0xc,
    0xff, 0x4c, 0xff, 0x40, 0x0, 0x0, 0x1, 0xef,
    0xff, 0xf6, 0x0, 0x0, 0x0, 0x0, 0x2f, 0xff,
    0x90, 0x0, 0x0, 0x0, 0x0, 0x0, 0x0, 0x0,
    0x0, 0x0, 0x0, 0x0, 0x0, 0x0, 0x0, 0x0,
    0x0, 0xff, 0xff, 0xff, 0xff, 0xff, 0xff, 0xf4,
    0xff, 0xff, 0xff, 0xff, 0xff, 0xff, 0xf4, 0xff,
    0xff, 0xff, 0xff, 0xff, 0xff, 0xf4, 0xff, 0xfc,
    0x22, 0x22, 0x22, 0x22, 0x20, 0xff, 0xfb, 0x0,
    0x0, 0x0, 0x0, 0x0, 0xff, 0xfb, 0x0, 0x0,
    0x0, 0x0, 0x0, 0xff, 0xfb, 0x0, 0x0, 0x0,
    0x0, 0x0, 0xff, 0xfb, 0x0, 0x0, 0x0, 0x0,
    0x0, 0xff, 0xfb, 0x22, 0x22, 0x22, 0x22, 0x10,
    0xff, 0xff, 0xff, 0xff, 0xff, 0xff, 0x90, 0xff,
    0xff, 0xff, 0xff, 0xff, 0xff, 0x90, 0xff, 0xff,
    0xff, 0xff, 0xff, 0xff, 0x90, 0xff, 0xfb, 0x0,
    0x0, 0x0, 0x0, 0x0, 0xff, 0xfb, 0x0, 0x0,
    0x0, 0x0, 0x0, 0xff, 0xfb, 0x0, 0x0, 0x0,
    0x0, 0x0, 0xff, 0xfb, 0x0, 0x0, 0x0, 0x0,
    0x0, 0xff, 0xfb, 0x0, 0x0, 0x0, 0x0, 0x0,
    0xff, 0xfc, 0x22, 0x22, 0x22, 0x22, 0x20, 0xff,
    0xff, 0xff, 0xff, 0xff, 0xff, 0xf5, 0xff, 0xff,
    0xff, 0xff, 0xff, 0xff, 0xf5, 0xff, 0xff, 0xff,
    0xff, 0xff, 0xff, 0xf5,

    /* U+011B "ě" */
    0x0, 0x48, 0x84, 0x0, 0x7, 0x88, 0x20, 0x0,
    0x0, 0xcf, 0xf3, 0x8, 0xff, 0xa0, 0x0, 0x0,
    0x1, 0xdf, 0xe7, 0xff, 0xa0, 0x0, 0x0, 0x0,
    0x2, 0xef, 0xff, 0xb0, 0x0, 0x0, 0x0, 0x0,
    0x2, 0x88, 0x70, 0x0, 0x0, 0x0, 0x0, 0x0,
    0x0, 0x0, 0x0, 0x0, 0x0, 0x0, 0x0, 0x0,
    0x0, 0x0, 0x0, 0x0, 0x0, 0x0, 0x6, 0xce,
    0xfd, 0xa4, 0x0, 0x0, 0x0, 0x2d, 0xff, 0xff,
    0xff, 0xfb, 0x10, 0x0, 0x1e, 0xff, 0xff, 0xef,
    0xff, 0xfb, 0x0, 0xa, 0xff, 0xf6, 0x0, 0x19,
    0xff, 0xf7, 0x2, 0xff, 0xf7, 0x0, 0x0, 0xb,
    0xff, 0xe0, 0x7f, 0xff, 0x0, 0x0, 0x0, 0x4f,
    0xff, 0x2a, 0xff, 0xe8, 0x88, 0x88, 0x88, 0xff,
    0xf4, 0xbf, 0xff, 0xff, 0xff, 0xff, 0xff, 0xff,
    0x5b, 0xff, 0xff, 0xff, 0xff, 0xff, 0xff, 0xf6,
    0xaf, 0xfd, 0x0, 0x0, 0x0, 0x0, 0x0, 0x7,
    0xff, 0xf0, 0x0, 0x0, 0x0, 0x0, 0x0, 0x2f,
    0xff, 0x80, 0x0, 0x0, 0x4b, 0x85, 0x0, 0xbf,
    0xff, 0x71, 0x0, 0x5e, 0xff, 0xd0, 0x1, 0xef,
    0xff, 0xfe, 0xff, 0xff, 0xf4, 0x0, 0x2, 0xdf,
    0xff, 0xff, 0xff, 0xf5, 0x0, 0x0, 0x0, 0x5b,
    0xdf, 0xfc, 0x81, 0x0, 0x0,

    /* U+011C "Ĝ" */
    0x0, 0x0, 0x0, 0x0, 0x78, 0x82, 0x0, 0x0,
    0x0, 0x0, 0x0, 0x0, 0x0, 0xbf, 0xff, 0xe2,
    0x0, 0x0, 0x0, 0x0, 0x0, 0x0, 0xaf, 0xf8,
    0xef, 0xd1, 0x0, 0x0, 0x0, 0x0, 0x0, 0xaf,
    0xf8, 0x3, 0xff, 0xd1, 0x0, 0x0, 0x0, 0x0,
    0x28, 0x87, 0x0, 0x4, 0x88, 0x40, 0x0, 0x0,
    0x0, 0x0, 0x0, 0x0, 0x0, 0x0, 0x0, 0x0,
    0x0, 0x0, 0x0, 0x0, 0x0, 0x0, 0x0, 0x0,
    0x0, 0x0, 0x0, 0x0, 0x0, 0x17, 0xbe, 0xfe,
    0xd9, 0x30, 0x0, 0x0, 0x0, 0x0, 0x6f, 0xff,
    0xff, 0xff, 0xff, 0xb1, 0x0, 0x0, 0x0, 0x9f,
    0xff, 0xff, 0xff, 0xff, 0xff, 0xe2, 0x0, 0x0,
    0x7f, 0xff, 0xfe, 0x86, 0x7a, 0xff, 0xff, 0xd0,
    0x0, 0x2f, 0xff, 0xf8, 0x0, 0x0, 0x2, 0xdf,
    0xff, 0x80, 0xa, 0xff, 0xf8, 0x0, 0x0, 0x0,
    0x2, 0xff, 0xfe, 0x0, 0xff, 0xfe, 0x0, 0x0,
    0x0, 0x0, 0x8, 0xdd, 0xd2, 0x4f, 0xff, 0x80,
    0x0, 0x0, 0x0, 0x0, 0x0, 0x0, 0x7, 0xff,
    0xf4, 0x0, 0x0, 0x0, 0x0, 0x0, 0x0, 0x0,
    0x8f, 0xff, 0x20, 0x0, 0x0, 0x0, 0x0, 0x0,
    0x0, 0x9, 0xff, 0xf1, 0x0, 0x0, 0xc, 0xff,
    0xff, 0xff, 0xf7, 0x8f, 0xff, 0x20, 0x0, 0x0,
    0xcf, 0xff, 0xff, 0xff, 0x77, 0xff, 0xf4, 0x0,
    0x0, 0xb, 0xff, 0xff, 0xff, 0xf7, 0x4f, 0xff,
    0x70, 0x0, 0x0, 0x0, 0x0, 0x1f, 0xff, 0x60,
    0xff, 0xfd, 0x0, 0x0, 0x0, 0x0, 0x5, 0xff,
    0xf4, 0xa, 0xff, 0xf7, 0x0, 0x0, 0x0, 0x0,
    0xcf, 0xff, 0x0, 0x3f, 0xff, 0xf7, 0x0, 0x0,
    0x0, 0xaf, 0xff, 0x90, 0x0, 0x8f, 0xff, 0xfd,
    0x86, 0x69, 0xef, 0xff, 0xe1, 0x0, 0x0, 0xaf,
    0xff, 0xff, 0xff, 0xff, 0xff, 0xf3, 0x0, 0x0,
    0x0, 0x7f, 0xff, 0xff, 0xff, 0xff, 0xc2, 0x0,
    0x0, 0x0, 0x0, 0x17, 0xbe, 0xff, 0xda, 0x50,
    0x0, 0x0,

    /* U+011D "ĝ" */
    0x0, 0x0, 0x1, 0x78, 0x71, 0x0, 0x0, 0x0,
    0x0, 0x0, 0xcf, 0xff, 0xb0, 0x0, 0x0, 0x0,
    0x0, 0xaf, 0xfb, 0xff, 0x90, 0x0, 0x0, 0x0,
    0x7f, 0xfa, 0xa, 0xff, 0x60, 0x0, 0x0, 0x5f,
    0xfd, 0x0, 0xd, 0xff, 0x30, 0x0, 0x0, 0x0,
    0x0, 0x0, 0x0, 0x0, 0x0, 0x0, 0x0, 0x0,
    0x0, 0x0, 0x0, 0x0, 0x0, 0x0, 0x29, 0xdf,
    0xe9, 0x10, 0xdf, 0xfa, 0x0, 0x4f, 0xff, 0xff,
    0xfe, 0x2d, 0xff, 0xa0, 0x3f, 0xff, 0xff, 0xff,
    0xfc, 0xef, 0xfa, 0xc, 0xff, 0xfb, 0x20, 0x2b,
    0xff, 0xff, 0xa2, 0xff, 0xfc, 0x0, 0x0, 0xc,
    0xff, 0xfa, 0x7f, 0xff, 0x50, 0x0, 0x0, 0x5f,
    0xff, 0xaa, 0xff, 0xf0, 0x0, 0x0, 0x0, 0xff,
    0xfa, 0xbf, 0xfe, 0x0, 0x0, 0x0, 0xf, 0xff,
    0xac, 0xff, 0xe0, 0x0, 0x0, 0x0, 0xef, 0xfa,
    0xaf, 0xff, 0x0, 0x0, 0x0, 0xf, 0xff, 0xa8,
    0xff, 0xf3, 0x0, 0x0, 0x3, 0xff, 0xfa, 0x4f,
    0xff, 0xa0, 0x0, 0x0, 0xaf, 0xff, 0xa0, 0xef,
    0xff, 0x81, 0x1, 0x9f, 0xff, 0xfa, 0x4, 0xff,
    0xff, 0xfe, 0xff, 0xce, 0xff, 0xa0, 0x6, 0xff,
    0xff, 0xff, 0xe2, 0xef, 0xfa, 0x0, 0x3, 0xad,
    0xfe, 0xa2, 0xe, 0xff, 0x90, 0x0, 0x0, 0x0,
    0x0, 0x0, 0xff, 0xf8, 0x0, 0x16, 0x0, 0x0,
    0x0, 0x3f, 0xff, 0x60, 0xcf, 0xfb, 0x20, 0x0,
    0x3d, 0xff, 0xf1, 0x9, 0xff, 0xff, 0xed, 0xef,
    0xff, 0xf7, 0x0, 0x9, 0xff, 0xff, 0xff, 0xff,
    0xf7, 0x0, 0x0, 0x3, 0x9d, 0xff, 0xec, 0x82,
    0x0, 0x0,

    /* U+011E "Ğ" */
    0x0, 0x0, 0x6, 0x83, 0x0, 0x0, 0x88, 0x0,
    0x0, 0x0, 0x0, 0x0, 0xaf, 0xa0, 0x0, 0x5f,
    0xf0, 0x0, 0x0, 0x0, 0x0, 0x5, 0xff, 0x83,
    0x5e, 0xfa, 0x0, 0x0, 0x0, 0x0, 0x0, 0x9,
    0xff, 0xff, 0xfd, 0x10, 0x0, 0x0, 0x0, 0x0,
    0x0, 0x6, 0xdf, 0xe9, 0x10, 0x0, 0x0, 0x0,
    0x0, 0x0, 0x0, 0x0, 0x0, 0x0, 0x0, 0x0,
    0x0, 0x0, 0x0, 0x0, 0x0, 0x0, 0x0, 0x0,
    0x0, 0x0, 0x0, 0x0, 0x0, 0x17, 0xbe, 0xfe,
    0xd9, 0x30, 0x0, 0x0, 0x0, 0x0, 0x6f, 0xff,
    0xff, 0xff, 0xff, 0xb1, 0x0, 0x0, 0x0, 0x9f,
    0xff, 0xff, 0xff, 0xff, 0xff, 0xe2, 0x0, 0x0,
    0x7f, 0xff, 0xfe, 0x86, 0x7a, 0xff, 0xff, 0xd0,
    0x0, 0x2f, 0xff, 0xf8, 0x0, 0x0, 0x2, 0xdf,
    0xff, 0x80, 0xa, 0xff, 0xf8, 0x0, 0x0, 0x0,
    0x2, 0xff, 0xfe, 0x0, 0xff, 0xfe, 0x0, 0x0,
    0x0, 0x0, 0x8, 0xdd, 0xd2, 0x4f, 0xff, 0x80,
    0x0, 0x0, 0x0, 0x0, 0x0, 0x0, 0x7, 0xff,
    0xf4, 0x0, 0x0, 0x0, 0x0, 0x0, 0x0, 0x0,
    0x8f, 0xff, 0x20, 0x0, 0x0, 0x0, 0x0, 0x0,
    0x0, 0x9, 0xff, 0xf1, 0x0, 0x0, 0xc, 0xff,
    0xff, 0xff, 0xf7, 0x8f, 0xff, 0x20, 0x0, 0x0,
    0xcf, 0xff, 0xff, 0xff, 0x77, 0xff, 0xf4, 0x0,
    0x0, 0xb, 0xff, 0xff, 0xff, 0xf7, 0x4f, 0xff,
    0x70, 0x0, 0x0, 0x0, 0x0, 0x1f, 0xff, 0x60,
    0xff, 0xfd, 0x0, 0x0, 0x0, 0x0, 0x5, 0xff,
    0xf4, 0xa, 0xff, 0xf7, 0x0, 0x0, 0x0, 0x0,
    0xcf, 0xff, 0x0, 0x3f, 0xff, 0xf7, 0x0, 0x0,
    0x0, 0xaf, 0xff, 0x90, 0x0, 0x8f, 0xff, 0xfd,
    0x86, 0x69, 0xef, 0xff, 0xe1, 0x0, 0x0, 0xaf,
    0xff, 0xff, 0xff, 0xff, 0xff, 0xf3, 0x0, 0x0,
    0x0, 0x7f, 0xff, 0xff, 0xff, 0xff, 0xc2, 0x0,
    0x0, 0x0, 0x0, 0x17, 0xbe, 0xff, 0xda, 0x50,
    0x0, 0x0,

    /* U+011F "ğ" */
    0x0, 0x4, 0x41, 0x0, 0x1, 0x44, 0x0, 0x0,
    0x0, 0xdf, 0x60, 0x0, 0x6f, 0xd0, 0x0, 0x0,
    0x8, 0xff, 0x63, 0x6f, 0xf8, 0x0, 0x0, 0x0,
    0xd, 0xff, 0xff, 0xfd, 0x0, 0x0, 0x0, 0x0,
    0x8, 0xdf, 0xd8, 0x0, 0x0, 0x0, 0x0, 0x0,
    0x0, 0x0, 0x0, 0x0, 0x0, 0x0, 0x0, 0x0,
    0x0, 0x0, 0x0, 0x0, 0x0, 0x0, 0x29, 0xdf,
    0xe9, 0x10, 0xdf, 0xfa, 0x0, 0x4f, 0xff, 0xff,
    0xfe, 0x2d, 0xff, 0xa0, 0x3f, 0xff, 0xff, 0xff,
    0xfc, 0xef, 0xfa, 0xc, 0xff, 0xfb, 0x20, 0x2b,
    0xff, 0xff, 0xa2, 0xff, 0xfc, 0x0, 0x0, 0xc,
    0xff, 0xfa, 0x7f, 0xff, 0x50, 0x0, 0x0, 0x5f,
    0xff, 0xaa, 0xff, 0xf0, 0x0, 0x0, 0x0, 0xff,
    0xfa, 0xbf, 0xfe, 0x0, 0x0, 0x0, 0xf, 0xff,
    0xac, 0xff, 0xe0, 0x0, 0x0, 0x0, 0xef, 0xfa,
    0xaf, 0xff, 0x0, 0x0, 0x0, 0xf, 0xff, 0xa8,
    0xff, 0xf3, 0x0, 0x0, 0x3, 0xff, 0xfa, 0x4f,
    0xff, 0xa0, 0x0, 0x0, 0xaf, 0xff, 0xa0, 0xef,
    0xff, 0x81, 0x1, 0x9f, 0xff, 0xfa, 0x4, 0xff,
    0xff, 0xfe, 0xff, 0x8e, 0xff, 0xa0, 0x6, 0xff,
    0xff, 0xff, 0xd0, 0xef, 0xfa, 0x0, 0x3, 0xad,
    0xfe, 0x91, 0xe, 0xff, 0x90, 0x0, 0x0, 0x0,
    0x0, 0x0, 0xff, 0xf8, 0x0, 0x16, 0x0, 0x0,
    0x0, 0x4f, 0xff, 0x60, 0xcf, 0xfb, 0x20, 0x0,
    0x4e, 0xff, 0xf1, 0x9, 0xff, 0xff, 0xed, 0xef,
    0xff, 0xf7, 0x0, 0x9, 0xff, 0xff, 0xff, 0xff,
    0xf7, 0x0, 0x0, 0x3, 0x9d, 0xff, 0xec, 0x82,
    0x0, 0x0,

    /* U+0120 "Ġ" */
    0x0, 0x0, 0x0, 0x0, 0x9f, 0xc1, 0x0, 0x0,
    0x0, 0x0, 0x0, 0x0, 0x0, 0x4f, 0xff, 0xa0,
    0x0, 0x0, 0x0, 0x0, 0x0, 0x0, 0x4, 0xff,
    0xfa, 0x0, 0x0, 0x0, 0x0, 0x0, 0x0, 0x0,
    0xa, 0xfd, 0x20, 0x0, 0x0, 0x0, 0x0, 0x0,
    0x0, 0x0, 0x0, 0x0, 0x0, 0x0, 0x0, 0x0,
    0x0, 0x0, 0x0, 0x0, 0x0, 0x0, 0x0, 0x0,
    0x0, 0x0, 0x0, 0x0, 0x0, 0x0, 0x0, 0x0,
    0x0, 0x0, 0x0, 0x0, 0x0, 0x17, 0xbe, 0xfe,
    0xd9, 0x30, 0x0, 0x0, 0x0, 0x0, 0x6f, 0xff,
    0xff, 0xff, 0xff, 0xb1, 0x0, 0x0, 0x0, 0x9f,
    0xff, 0xff, 0xff, 0xff, 0xff, 0xe2, 0x0, 0x0,
    0x7f, 0xff, 0xfe, 0x86, 0x7a, 0xff, 0xff, 0xd0,
    0x0, 0x2f, 0xff, 0xf8, 0x0, 0x0, 0x2, 0xdf,
    0xff, 0x80, 0xa, 0xff, 0xf8, 0x0, 0x0, 0x0,
    0x2, 0xff, 0xfe, 0x0, 0xff, 0xfe, 0x0, 0x0,
    0x0, 0x0, 0x8, 0xdd, 0xd2, 0x4f, 0xff, 0x80,
    0x0, 0x0, 0x0, 0x0, 0x0, 0x0, 0x7, 0xff,
    0xf4, 0x0, 0x0, 0x0, 0x0, 0x0, 0x0, 0x0,
    0x8f, 0xff, 0x20, 0x0, 0x0, 0x0, 0x0, 0x0,
    0x0, 0x9, 0xff, 0xf1, 0x0, 0x0, 0xc, 0xff,
    0xff, 0xff, 0xf7, 0x8f, 0xff, 0x20, 0x0, 0x0,
    0xcf, 0xff, 0xff, 0xff, 0x77, 0xff, 0xf4, 0x0,
    0x0, 0xb, 0xff, 0xff, 0xff, 0xf7, 0x4f, 0xff,
    0x70, 0x0, 0x0, 0x0, 0x0, 0x1f, 0xff, 0x60,
    0xff, 0xfd, 0x0, 0x0, 0x0, 0x0, 0x5, 0xff,
    0xf4, 0xa, 0xff, 0xf7, 0x0, 0x0, 0x0, 0x0,
    0xcf, 0xff, 0x0, 0x3f, 0xff, 0xf7, 0x0, 0x0,
    0x0, 0xaf, 0xff, 0x90, 0x0, 0x8f, 0xff, 0xfd,
    0x86, 0x69, 0xef, 0xff, 0xe1, 0x0, 0x0, 0xaf,
    0xff, 0xff, 0xff, 0xff, 0xff, 0xf3, 0x0, 0x0,
    0x0, 0x7f, 0xff, 0xff, 0xff, 0xff, 0xc2, 0x0,
    0x0, 0x0, 0x0, 0x17, 0xbe, 0xff, 0xda, 0x50,
    0x0, 0x0,

    /* U+0121 "ġ" */
    0x0, 0x0, 0x0, 0x0, 0x0, 0x0, 0x0, 0x0,
    0x0, 0x0, 0xb, 0xfb, 0x0, 0x0, 0x0, 0x0,
    0x0, 0x7, 0xff, 0xf7, 0x0, 0x0, 0x0, 0x0,
    0x0, 0x7f, 0xff, 0x70, 0x0, 0x0, 0x0, 0x0,
    0x0, 0xbf, 0xb0, 0x0, 0x0, 0x0, 0x0, 0x0,
    0x0, 0x0, 0x0, 0x0, 0x0, 0x0, 0x0, 0x0,
    0x0, 0x0, 0x0, 0x0, 0x0, 0x0, 0x29, 0xdf,
    0xe9, 0x10, 0xdf, 0xfa, 0x0, 0x4f, 0xff, 0xff,
    0xfe, 0x2d, 0xff, 0xa0, 0x3f, 0xff, 0xff, 0xff,
    0xfc, 0xef, 0xfa, 0xc, 0xff, 0xfb, 0x20, 0x2b,
    0xff, 0xff, 0xa2, 0xff, 0xfc, 0x0, 0x0, 0xc,
    0xff, 0xfa, 0x7f, 0xff, 0x50, 0x0, 0x0, 0x5f,
    0xff, 0xaa, 0xff, 0xf0, 0x0, 0x0, 0x0, 0xff,
    0xfa, 0xbf, 0xfe, 0x0, 0x0, 0x0, 0xf, 0xff,
    0xac, 0xff, 0xe0, 0x0, 0x0, 0x0, 0xef, 0xfa,
    0xaf, 0xff, 0x0, 0x0, 0x0, 0xf, 0xff, 0xa8,
    0xff, 0xf3, 0x0, 0x0, 0x3, 0xff, 0xfa, 0x4f,
    0xff, 0xa0, 0x0, 0x0, 0xaf, 0xff, 0xa0, 0xef,
    0xff, 0x81, 0x1, 0x9f, 0xff, 0xfa, 0x4, 0xff,
    0xff, 0xfe, 0xff, 0xce, 0xff, 0xa0, 0x6, 0xff,
    0xff, 0xff, 0xe2, 0xef, 0xfa, 0x0, 0x3, 0xad,
    0xfe, 0xa2, 0xe, 0xff, 0x90, 0x0, 0x0, 0x0,
    0x0, 0x0, 0xff, 0xf8, 0x0, 0x16, 0x0, 0x0,
    0x0, 0x3f, 0xff, 0x60, 0xcf, 0xfb, 0x20, 0x0,
    0x3d, 0xff, 0xf1, 0x9, 0xff, 0xff, 0xed, 0xef,
    0xff, 0xf7, 0x0, 0x9, 0xff, 0xff, 0xff, 0xff,
    0xf7, 0x0, 0x0, 0x3, 0x9d, 0xff, 0xec, 0x82,
    0x0, 0x0,

    /* U+0122 "Ģ" */
    0x0, 0x0, 0x1, 0x7b, 0xef, 0xed, 0x93, 0x0,
    0x0, 0x0, 0x0, 0x6, 0xff, 0xff, 0xff, 0xff,
    0xfb, 0x10, 0x0, 0x0, 0x9, 0xff, 0xff, 0xff,
    0xff, 0xff, 0xfe, 0x20, 0x0, 0x7, 0xff, 0xff,
    0xe8, 0x67, 0xaf, 0xff, 0xfd, 0x0, 0x2, 0xff,
    0xff, 0x80, 0x0, 0x0, 0x2d, 0xff, 0xf8, 0x0,
    0xaf, 0xff, 0x80, 0x0, 0x0, 0x0, 0x2f, 0xff,
    0xe0, 0xf, 0xff, 0xe0, 0x0, 0x0, 0x0, 0x0,
    0x8d, 0xdd, 0x24, 0xff, 0xf8, 0x0, 0x0, 0x0,
    0x0, 0x0, 0x0, 0x0, 0x7f, 0xff, 0x40, 0x0,
    0x0, 0x0, 0x0, 0x0, 0x0, 0x8, 0xff, 0xf2,
    0x0, 0x0, 0x0, 0x0, 0x0, 0x0, 0x0, 0x9f,
    0xff, 0x10, 0x0, 0x0, 0xcf, 0xff, 0xff, 0xff,
    0x78, 0xff, 0xf2, 0x0, 0x0, 0xc, 0xff, 0xff,
    0xff, 0xf7, 0x7f, 0xff, 0x40, 0x0, 0x0, 0xbf,
    0xff, 0xff, 0xff, 0x74, 0xff, 0xf7, 0x0, 0x0,
    0x0, 0x0, 0x1, 0xff, 0xf6, 0xf, 0xff, 0xd0,
    0x0, 0x0, 0x0, 0x0, 0x5f, 0xff, 0x40, 0xaf,
    0xff, 0x70, 0x0, 0x0, 0x0, 0xc, 0xff, 0xf0,
    0x3, 0xff, 0xff, 0x70, 0x0, 0x0, 0xa, 0xff,
    0xf9, 0x0, 0x8, 0xff, 0xff, 0xd8, 0x66, 0x9e,
    0xff, 0xfe, 0x10, 0x0, 0xa, 0xff, 0xff, 0xff,
    0xff, 0xff, 0xff, 0x30, 0x0, 0x0, 0x7, 0xff,
    0xff, 0xff, 0xff, 0xfc, 0x20, 0x0, 0x0, 0x0,
    0x1, 0x7b, 0xef, 0xfd, 0xa5, 0x0, 0x0, 0x0,
    0x0, 0x0, 0x0, 0x0, 0x0, 0x0, 0x0, 0x0,
    0x0, 0x0, 0x0, 0x0, 0x3, 0xff, 0xf1, 0x0,
    0x0, 0x0, 0x0, 0x0, 0x0, 0x0, 0x6f, 0xfb,
    0x0, 0x0, 0x0, 0x0, 0x0, 0x0, 0x0, 0xa,
    0xff, 0x50, 0x0, 0x0, 0x0, 0x0, 0x0, 0x0,
    0x0, 0xef, 0xe0, 0x0, 0x0, 0x0, 0x0, 0x0,
    0x0, 0x0, 0x1f, 0xf8, 0x0, 0x0, 0x0, 0x0,
    0x0, 0x0, 0x0, 0x0, 0x22, 0x0, 0x0, 0x0,
    0x0, 0x0,

    /* U+0123 "ģ" */
    0x0, 0x0, 0x0, 0x4, 0x81, 0x0, 0x0, 0x0,
    0x0, 0x0, 0x1, 0xef, 0xb0, 0x0, 0x0, 0x0,
    0x0, 0x0, 0x7f, 0xf4, 0x0, 0x0, 0x0, 0x0,
    0x0, 0xb, 0xfe, 0x0, 0x0, 0x0, 0x0, 0x0,
    0x0, 0xcf, 0xd0, 0x0, 0x0, 0x0, 0x0, 0x0,
    0xd, 0xfc, 0x0, 0x0, 0x0, 0x0, 0x0, 0x0,
    0x68, 0x60, 0x0, 0x0, 0x0, 0x0, 0x0, 0x0,
    0x0, 0x0, 0x0, 0x0, 0x0, 0x2, 0x9d, 0xfe,
    0x91, 0xd, 0xff, 0xa0, 0x4, 0xff, 0xff, 0xff,
    0xe2, 0xdf, 0xfa, 0x3, 0xff, 0xff, 0xff, 0xff,
    0xce, 0xff, 0xa0, 0xcf, 0xff, 0xb2, 0x2, 0xbf,
    0xff, 0xfa, 0x2f, 0xff, 0xc0, 0x0, 0x0, 0xcf,
    0xff, 0xa7, 0xff, 0xf5, 0x0, 0x0, 0x5, 0xff,
    0xfa, 0xaf, 0xff, 0x0, 0x0, 0x0, 0xf, 0xff,
    0xab, 0xff, 0xe0, 0x0, 0x0, 0x0, 0xff, 0xfa,
    0xcf, 0xfe, 0x0, 0x0, 0x0, 0xe, 0xff, 0xaa,
    0xff, 0xf0, 0x0, 0x0, 0x0, 0xff, 0xfa, 0x8f,
    0xff, 0x30, 0x0, 0x0, 0x3f, 0xff, 0xa4, 0xff,
    0xfa, 0x0, 0x0, 0xa, 0xff, 0xfa, 0xe, 0xff,
    0xf8, 0x10, 0x19, 0xff, 0xff, 0xa0, 0x4f, 0xff,
    0xff, 0xef, 0xfc, 0xef, 0xfa, 0x0, 0x6f, 0xff,
    0xff, 0xfe, 0x2e, 0xff, 0xa0, 0x0, 0x3a, 0xdf,
    0xea, 0x20, 0xef, 0xf9, 0x0, 0x0, 0x0, 0x0,
    0x0, 0xf, 0xff, 0x80, 0x1, 0x60, 0x0, 0x0,
    0x3, 0xff, 0xf6, 0xc, 0xff, 0xb2, 0x0, 0x3,
    0xdf, 0xff, 0x10, 0x9f, 0xff, 0xfe, 0xde, 0xff,
    0xff, 0x70, 0x0, 0x9f, 0xff, 0xff, 0xff, 0xff,
    0x70, 0x0, 0x0, 0x39, 0xdf, 0xfe, 0xc8, 0x20,
    0x0,

    /* U+0124 "Ĥ" */
    0x0, 0x0, 0x0, 0x18, 0x87, 0x0, 0x0, 0x0,
    0x0, 0x0, 0x0, 0xc, 0xff, 0xfb, 0x0, 0x0,
    0x0, 0x0, 0x0, 0xb, 0xff, 0xbf, 0xf8, 0x0,
    0x0, 0x0, 0x0, 0x8, 0xff, 0x90, 0xbf, 0xf5,
    0x0, 0x0, 0x0, 0x6, 0xff, 0xd0, 0x1, 0xef,
    0xf3, 0x0, 0x0, 0x0, 0x0, 0x0, 0x0, 0x0,
    0x0, 0x0, 0x0, 0x0, 0x0, 0x0, 0x0, 0x0,
    0x0, 0x0, 0x0, 0xf, 0xff, 0xb0, 0x0, 0x0,
    0x0, 0x0, 0xdf, 0xfd, 0xff, 0xfb, 0x0, 0x0,
    0x0, 0x0, 0xd, 0xff, 0xdf, 0xff, 0xb0, 0x0,
    0x0, 0x0, 0x0, 0xdf, 0xfd, 0xff, 0xfb, 0x0,
    0x0, 0x0, 0x0, 0xd, 0xff, 0xdf, 0xff, 0xb0,
    0x0, 0x0, 0x0, 0x0, 0xdf, 0xfd, 0xff, 0xfb,
    0x0, 0x0, 0x0, 0x0, 0xd, 0xff, 0xdf, 0xff,
    0xb0, 0x0, 0x0, 0x0, 0x0, 0xdf, 0xfd, 0xff,
    0xfb, 0x0, 0x0, 0x0, 0x0, 0xd, 0xff, 0xdf,
    0xff, 0xc2, 0x22, 0x22, 0x22, 0x22, 0xdf, 0xfd,
    0xff, 0xff, 0xff, 0xff, 0xff, 0xff, 0xff, 0xff,
    0xdf, 0xff, 0xff, 0xff, 0xff, 0xff, 0xff, 0xff,
    0xfd, 0xff, 0xff, 0xff, 0xff, 0xff, 0xff, 0xff,
    0xff, 0xdf, 0xff, 0xb0, 0x0, 0x0, 0x0, 0x0,
    0xdf, 0xfd, 0xff, 0xfb, 0x0, 0x0, 0x0, 0x0,
    0xd, 0xff, 0xdf, 0xff, 0xb0, 0x0, 0x0, 0x0,
    0x0, 0xdf, 0xfd, 0xff, 0xfb, 0x0, 0x0, 0x0,
    0x0, 0xd, 0xff, 0xdf, 0xff, 0xb0, 0x0, 0x0,
    0x0, 0x0, 0xdf, 0xfd, 0xff, 0xfb, 0x0, 0x0,
    0x0, 0x0, 0xd, 0xff, 0xdf, 0xff, 0xb0, 0x0,
    0x0, 0x0, 0x0, 0xdf, 0xfd, 0xff, 0xfb, 0x0,
    0x0, 0x0, 0x0, 0xd, 0xff, 0xdf, 0xff, 0xb0,
    0x0, 0x0, 0x0, 0x0, 0xdf, 0xfd,

    /* U+0125 "ĥ" */
    0x0, 0x0, 0x78, 0x82, 0x0, 0x0, 0x0, 0x0,
    0x0, 0x0, 0xa, 0xff, 0xfd, 0x0, 0x0, 0x0,
    0x0, 0x0, 0x0, 0x8f, 0xfb, 0xff, 0xb0, 0x0,
    0x0, 0x0, 0x0, 0x5, 0xff, 0xc0, 0x8f, 0xf8,
    0x0, 0x0, 0x0, 0x0, 0x3f, 0xfe, 0x10, 0xc,
    0xff, 0x50, 0x0, 0x0, 0x0, 0x0, 0x0, 0x0,
    0x0, 0x0, 0x0, 0x0, 0x0, 0x0, 0x0, 0x0,
    0x0, 0x0, 0x0, 0x0, 0x0, 0x0, 0x0, 0x0,
    0x1, 0xff, 0xf6, 0x0, 0x0, 0x0, 0x0, 0x0,
    0x0, 0x1, 0xff, 0xf6, 0x0, 0x0, 0x0, 0x0,
    0x0, 0x0, 0x1, 0xff, 0xf6, 0x0, 0x0, 0x0,
    0x0, 0x0, 0x0, 0x1, 0xff, 0xf6, 0x0, 0x0,
    0x0, 0x0, 0x0, 0x0, 0x1, 0xff, 0xf6, 0x0,
    0x0, 0x0, 0x0, 0x0, 0x0, 0x1, 0xff, 0xf6,
    0x5, 0xce, 0xfc, 0x60, 0x0, 0x0, 0x1, 0xff,
    0xf6, 0x8f, 0xff, 0xff, 0xfb, 0x0, 0x0, 0x1,
    0xff, 0xfa, 0xff, 0xff, 0xff, 0xff, 0x70, 0x0,
    0x1, 0xff, 0xff, 0xe5, 0x24, 0xbf, 0xff, 0xe0,
    0x0, 0x1, 0xff, 0xff, 0x20, 0x0, 0xd, 0xff,
    0xf2, 0x0, 0x1, 0xff, 0xfa, 0x0, 0x0, 0x7,
    0xff, 0xf3, 0x0, 0x1, 0xff, 0xf7, 0x0, 0x0,
    0x5, 0xff, 0xf4, 0x0, 0x1, 0xff, 0xf7, 0x0,
    0x0, 0x5, 0xff, 0xf4, 0x0, 0x1, 0xff, 0xf7,
    0x0, 0x0, 0x5, 0xff, 0xf4, 0x0, 0x1, 0xff,
    0xf7, 0x0, 0x0, 0x5, 0xff, 0xf4, 0x0, 0x1,
    0xff, 0xf7, 0x0, 0x0, 0x5, 0xff, 0xf4, 0x0,
    0x1, 0xff, 0xf7, 0x0, 0x0, 0x5, 0xff, 0xf4,
    0x0, 0x1, 0xff, 0xf7, 0x0, 0x0, 0x5, 0xff,
    0xf4, 0x0, 0x1, 0xff, 0xf7, 0x0, 0x0, 0x5,
    0xff, 0xf4, 0x0, 0x1, 0xff, 0xf7, 0x0, 0x0,
    0x5, 0xff, 0xf4, 0x0, 0x1, 0xff, 0xf7, 0x0,
    0x0, 0x5, 0xff, 0xf4,

    /* U+0126 "Ħ" */
    0x3, 0xff, 0xf7, 0x0, 0x0, 0x0, 0x0, 0x1f,
    0xff, 0x90, 0x0, 0x3f, 0xff, 0x70, 0x0, 0x0,
    0x0, 0x1, 0xff, 0xf9, 0x0, 0x3, 0xff, 0xf7,
    0x0, 0x0, 0x0, 0x0, 0x1f, 0xff, 0x90, 0x0,
    0x3f, 0xff, 0x70, 0x0, 0x0, 0x0, 0x1, 0xff,
    0xf9, 0x0, 0xdf, 0xff, 0xff, 0xff, 0xff, 0xff,
    0xff, 0xff, 0xff, 0xff, 0x2d, 0xff, 0xff, 0xff,
    0xff, 0xff, 0xff, 0xff, 0xff, 0xff, 0xf2, 0x47,
    0xff, 0xfa, 0x55, 0x55, 0x55, 0x55, 0x6f, 0xff,
    0xb5, 0x0, 0x3f, 0xff, 0x70, 0x0, 0x0, 0x0,
    0x1, 0xff, 0xf9, 0x0, 0x3, 0xff, 0xf8, 0x22,
    0x22, 0x22, 0x22, 0x3f, 0xff, 0x90, 0x0, 0x3f,
    0xff, 0xff, 0xff, 0xff, 0xff, 0xff, 0xff, 0xf9,
    0x0, 0x3, 0xff, 0xff, 0xff, 0xff, 0xff, 0xff,
    0xff, 0xff, 0x90, 0x0, 0x3f, 0xff, 0xff, 0xff,
    0xff, 0xff, 0xff, 0xff, 0xf9, 0x0, 0x3, 0xff,
    0xf7, 0x0, 0x0, 0x0, 0x0, 0x1f, 0xff, 0x90,
    0x0, 0x3f, 0xff, 0x70, 0x0, 0x0, 0x0, 0x1,
    0xff, 0xf9, 0x0, 0x3, 0xff, 0xf7, 0x0, 0x0,
    0x0, 0x0, 0x1f, 0xff, 0x90, 0x0, 0x3f, 0xff,
    0x70, 0x0, 0x0, 0x0, 0x1, 0xff, 0xf9, 0x0,
    0x3, 0xff, 0xf7, 0x0, 0x0, 0x0, 0x0, 0x1f,
    0xff, 0x90, 0x0, 0x3f, 0xff, 0x70, 0x0, 0x0,
    0x0, 0x1, 0xff, 0xf9, 0x0, 0x3, 0xff, 0xf7,
    0x0, 0x0, 0x0, 0x0, 0x1f, 0xff, 0x90, 0x0,
    0x3f, 0xff, 0x70, 0x0, 0x0, 0x0, 0x1, 0xff,
    0xf9, 0x0, 0x3, 0xff, 0xf7, 0x0, 0x0, 0x0,
    0x0, 0x1f, 0xff, 0x90, 0x0,

    /* U+0127 "ħ" */
    0x0, 0x1f, 0xff, 0x60, 0x0, 0x0, 0x0, 0x0,
    0x0, 0x57, 0xff, 0xfb, 0x55, 0x52, 0x0, 0x0,
    0x0, 0xf, 0xff, 0xff, 0xff, 0xff, 0x70, 0x0,
    0x0, 0x0, 0xff, 0xff, 0xff, 0xff, 0xf7, 0x0,
    0x0, 0x0, 0x0, 0x1f, 0xff, 0x60, 0x0, 0x0,
    0x0, 0x0, 0x0, 0x1, 0xff, 0xf6, 0x5, 0xce,
    0xfc, 0x60, 0x0, 0x0, 0x1f, 0xff, 0x68, 0xff,
    0xff, 0xff, 0xb0, 0x0, 0x1, 0xff, 0xfa, 0xff,
    0xff, 0xff, 0xff, 0x70, 0x0, 0x1f, 0xff, 0xfe,
    0x52, 0x4b, 0xff, 0xfe, 0x0, 0x1, 0xff, 0xff,
    0x20, 0x0, 0xd, 0xff, 0xf2, 0x0, 0x1f, 0xff,
    0xa0, 0x0, 0x0, 0x7f, 0xff, 0x30, 0x1, 0xff,
    0xf7, 0x0, 0x0, 0x5, 0xff, 0xf4, 0x0, 0x1f,
    0xff, 0x70, 0x0, 0x0, 0x5f, 0xff, 0x40, 0x1,
    0xff, 0xf7, 0x0, 0x0, 0x5, 0xff, 0xf4, 0x0,
    0x1f, 0xff, 0x70, 0x0, 0x0, 0x5f, 0xff, 0x40,
    0x1, 0xff, 0xf7, 0x0, 0x0, 0x5, 0xff, 0xf4,
    0x0, 0x1f, 0xff, 0x70, 0x0, 0x0, 0x5f, 0xff,
    0x40, 0x1, 0xff, 0xf7, 0x0, 0x0, 0x5, 0xff,
    0xf4, 0x0, 0x1f, 0xff, 0x70, 0x0, 0x0, 0x5f,
    0xff, 0x40, 0x1, 0xff, 0xf7, 0x0, 0x0, 0x5,
    0xff, 0xf4, 0x0, 0x1f, 0xff, 0x70, 0x0, 0x0,
    0x5f, 0xff, 0x40,

    /* U+0128 "Ĩ" */
    0x6, 0xee, 0xb4, 0x1d, 0xf4, 0x3f, 0xff, 0xff,
    0xff, 0xf1, 0x8f, 0xc4, 0x9f, 0xff, 0x60, 0x13,
    0x10, 0x0, 0x20, 0x0, 0x0, 0x0, 0x0, 0x0,
    0x0, 0x0, 0x0, 0x0, 0x0, 0x0, 0x0, 0xf,
    0xff, 0xb0, 0x0, 0x0, 0xf, 0xff, 0xb0, 0x0,
    0x0, 0xf, 0xff, 0xb0, 0x0, 0x0, 0xf, 0xff,
    0xb0, 0x0, 0x0, 0xf, 0xff, 0xb0, 0x0, 0x0,
    0xf, 0xff, 0xb0, 0x0, 0x0, 0xf, 0xff, 0xb0,
    0x0, 0x0, 0xf, 0xff, 0xb0, 0x0, 0x0, 0xf,
    0xff, 0xb0, 0x0, 0x0, 0xf, 0xff, 0xb0, 0x0,
    0x0, 0xf, 0xff, 0xb0, 0x0, 0x0, 0xf, 0xff,
    0xb0, 0x0, 0x0, 0xf, 0xff, 0xb0, 0x0, 0x0,
    0xf, 0xff, 0xb0, 0x0, 0x0, 0xf, 0xff, 0xb0,
    0x0, 0x0, 0xf, 0xff, 0xb0, 0x0, 0x0, 0xf,
    0xff, 0xb0, 0x0, 0x0, 0xf, 0xff, 0xb0, 0x0,
    0x0, 0xf, 0xff, 0xb0, 0x0, 0x0, 0xf, 0xff,
    0xb0, 0x0, 0x0, 0xf, 0xff, 0xb0, 0x0,

    /* U+0129 "ĩ" */
    0x9, 0xee, 0xb5, 0x4f, 0xf1, 0x7f, 0xff, 0xff,
    0xff, 0xc0, 0xbf, 0x94, 0x9d, 0xfc, 0x20, 0x0,
    0x0, 0x0, 0x0, 0x0, 0x0, 0x0, 0x0, 0x0,
    0x0, 0x0, 0x1f, 0xff, 0x70, 0x0, 0x0, 0x1f,
    0xff, 0x70, 0x0, 0x0, 0x1f, 0xff, 0x70, 0x0,
    0x0, 0x1f, 0xff, 0x70, 0x0, 0x0, 0x1f, 0xff,
    0x70, 0x0, 0x0, 0x1f, 0xff, 0x70, 0x0, 0x0,
    0x1f, 0xff, 0x70, 0x0, 0x0, 0x1f, 0xff, 0x70,
    0x0, 0x0, 0x1f, 0xff, 0x70, 0x0, 0x0, 0x1f,
    0xff, 0x70, 0x0, 0x0, 0x1f, 0xff, 0x70, 0x0,
    0x0, 0x1f, 0xff, 0x70, 0x0, 0x0, 0x1f, 0xff,
    0x70, 0x0, 0x0, 0x1f, 0xff, 0x70, 0x0, 0x0,
    0x1f, 0xff, 0x70, 0x0, 0x0, 0x1f, 0xff, 0x70,
    0x0,

    /* U+012A "Ī" */
    0x7, 0x77, 0x77, 0x77, 0x50, 0xff, 0xff, 0xff,
    0xfc, 0xf, 0xff, 0xff, 0xff, 0xc0, 0x0, 0x0,
    0x0, 0x0, 0x0, 0x0, 0x0, 0x0, 0x0, 0x0,
    0x0, 0x0, 0x0, 0x0, 0xf, 0xff, 0xb0, 0x0,
    0x0, 0xff, 0xfb, 0x0, 0x0, 0xf, 0xff, 0xb0,
    0x0, 0x0, 0xff, 0xfb, 0x0, 0x0, 0xf, 0xff,
    0xb0, 0x0, 0x0, 0xff, 0xfb, 0x0, 0x0, 0xf,
    0xff, 0xb0, 0x0, 0x0, 0xff, 0xfb, 0x0, 0x0,
    0xf, 0xff, 0xb0, 0x0, 0x0, 0xff, 0xfb, 0x0,
    0x0, 0xf, 0xff, 0xb0, 0x0, 0x0, 0xff, 0xfb,
    0x0, 0x0, 0xf, 0xff, 0xb0, 0x0, 0x0, 0xff,
    0xfb, 0x0, 0x0, 0xf, 0xff, 0xb0, 0x0, 0x0,
    0xff, 0xfb, 0x0, 0x0, 0xf, 0xff, 0xb0, 0x0,
    0x0, 0xff, 0xfb, 0x0, 0x0, 0xf, 0xff, 0xb0,
    0x0, 0x0, 0xff, 0xfb, 0x0, 0x0, 0xf, 0xff,
    0xb0, 0x0,

    /* U+012B "ī" */
    0x4f, 0xff, 0xff, 0xff, 0x94, 0xff, 0xff, 0xff,
    0xf9, 0x17, 0x77, 0x77, 0x77, 0x40, 0x0, 0x0,
    0x0, 0x0, 0x0, 0x0, 0x0, 0x0, 0x0, 0x1,
    0xff, 0xf7, 0x0, 0x0, 0x1f, 0xff, 0x70, 0x0,
    0x1, 0xff, 0xf7, 0x0, 0x0, 0x1f, 0xff, 0x70,
    0x0, 0x1, 0xff, 0xf7, 0x0, 0x0, 0x1f, 0xff,
    0x70, 0x0, 0x1, 0xff, 0xf7, 0x0, 0x0, 0x1f,
    0xff, 0x70, 0x0, 0x1, 0xff, 0xf7, 0x0, 0x0,
    0x1f, 0xff, 0x70, 0x0, 0x1, 0xff, 0xf7, 0x0,
    0x0, 0x1f, 0xff, 0x70, 0x0, 0x1, 0xff, 0xf7,
    0x0, 0x0, 0x1f, 0xff, 0x70, 0x0, 0x1, 0xff,
    0xf7, 0x0, 0x0, 0x1f, 0xff, 0x70, 0x0,

    /* U+012C "Ĭ" */
    0x48, 0x50, 0x0, 0x7, 0x82, 0x7f, 0xd0, 0x0,
    0x1f, 0xf3, 0x1f, 0xfa, 0x34, 0xdf, 0xd0, 0x6,
    0xff, 0xff, 0xff, 0x30, 0x0, 0x4c, 0xfe, 0xa2,
    0x0, 0x0, 0x0, 0x0, 0x0, 0x0, 0x0, 0x0,
    0x0, 0x0, 0x0, 0x0, 0xf, 0xff, 0xb0, 0x0,
    0x0, 0xf, 0xff, 0xb0, 0x0, 0x0, 0xf, 0xff,
    0xb0, 0x0, 0x0, 0xf, 0xff, 0xb0, 0x0, 0x0,
    0xf, 0xff, 0xb0, 0x0, 0x0, 0xf, 0xff, 0xb0,
    0x0, 0x0, 0xf, 0xff, 0xb0, 0x0, 0x0, 0xf,
    0xff, 0xb0, 0x0, 0x0, 0xf, 0xff, 0xb0, 0x0,
    0x0, 0xf, 0xff, 0xb0, 0x0, 0x0, 0xf, 0xff,
    0xb0, 0x0, 0x0, 0xf, 0xff, 0xb0, 0x0, 0x0,
    0xf, 0xff, 0xb0, 0x0, 0x0, 0xf, 0xff, 0xb0,
    0x0, 0x0, 0xf, 0xff, 0xb0, 0x0, 0x0, 0xf,
    0xff, 0xb0, 0x0, 0x0, 0xf, 0xff, 0xb0, 0x0,
    0x0, 0xf, 0xff, 0xb0, 0x0, 0x0, 0xf, 0xff,
    0xb0, 0x0, 0x0, 0xf, 0xff, 0xb0, 0x0, 0x0,
    0xf, 0xff, 0xb0, 0x0,

    /* U+012D "ĭ" */
    0xbf, 0x80, 0x0, 0x3f, 0xf0, 0x7f, 0xf4, 0x2,
    0xcf, 0xc0, 0xd, 0xff, 0xff, 0xff, 0x30, 0x1,
    0xaf, 0xff, 0xc3, 0x0, 0x0, 0x0, 0x20, 0x0,
    0x0, 0x0, 0x0, 0x0, 0x0, 0x0, 0x0, 0x1f,
    0xff, 0x70, 0x0, 0x0, 0x1f, 0xff, 0x70, 0x0,
    0x0, 0x1f, 0xff, 0x70, 0x0, 0x0, 0x1f, 0xff,
    0x70, 0x0, 0x0, 0x1f, 0xff, 0x70, 0x0, 0x0,
    0x1f, 0xff, 0x70, 0x0, 0x0, 0x1f, 0xff, 0x70,
    0x0, 0x0, 0x1f, 0xff, 0x70, 0x0, 0x0, 0x1f,
    0xff, 0x70, 0x0, 0x0, 0x1f, 0xff, 0x70, 0x0,
    0x0, 0x1f, 0xff, 0x70, 0x0, 0x0, 0x1f, 0xff,
    0x70, 0x0, 0x0, 0x1f, 0xff, 0x70, 0x0, 0x0,
    0x1f, 0xff, 0x70, 0x0, 0x0, 0x1f, 0xff, 0x70,
    0x0, 0x0, 0x1f, 0xff, 0x70, 0x0,

    /* U+012E "Į" */
    0x0, 0xff, 0xfb, 0x0, 0xf, 0xff, 0xb0, 0x0,
    0xff, 0xfb, 0x0, 0xf, 0xff, 0xb0, 0x0, 0xff,
    0xfb, 0x0, 0xf, 0xff, 0xb0, 0x0, 0xff, 0xfb,
    0x0, 0xf, 0xff, 0xb0, 0x0, 0xff, 0xfb, 0x0,
    0xf, 0xff, 0xb0, 0x0, 0xff, 0xfb, 0x0, 0xf,
    0xff, 0xb0, 0x0, 0xff, 0xfb, 0x0, 0xf, 0xff,
    0xb0, 0x0, 0xff, 0xfb, 0x0, 0xf, 0xff, 0xb0,
    0x0, 0xff, 0xfb, 0x0, 0xf, 0xff, 0xb0, 0x0,
    0xff, 0xfb, 0x0, 0xf, 0xff, 0xb0, 0x0, 0xff,
    0xfb, 0x0, 0x9f, 0xfc, 0x20, 0x4f, 0xfc, 0x0,
    0xa, 0xff, 0x70, 0x0, 0xbf, 0xfd, 0x78, 0x5,
    0xff, 0xff, 0xf2, 0x6, 0xdf, 0xeb, 0x20,

    /* U+012F "į" */
    0x0, 0x0, 0x0, 0x0, 0x0, 0x9, 0xfc, 0x20,
    0x0, 0x4f, 0xff, 0xa0, 0x0, 0x4f, 0xff, 0xa0,
    0x0, 0x9, 0xfc, 0x20, 0x0, 0x0, 0x0, 0x0,
    0x0, 0x0, 0x0, 0x0, 0x0, 0x1f, 0xff, 0x70,
    0x0, 0x1f, 0xff, 0x70, 0x0, 0x1f, 0xff, 0x70,
    0x0, 0x1f, 0xff, 0x70, 0x0, 0x1f, 0xff, 0x70,
    0x0, 0x1f, 0xff, 0x70, 0x0, 0x1f, 0xff, 0x70,
    0x0, 0x1f, 0xff, 0x70, 0x0, 0x1f, 0xff, 0x70,
    0x0, 0x1f, 0xff, 0x70, 0x0, 0x1f, 0xff, 0x70,
    0x0, 0x1f, 0xff, 0x70, 0x0, 0x1f, 0xff, 0x70,
    0x0, 0x1f, 0xff, 0x70, 0x0, 0x1f, 0xff, 0x70,
    0x0, 0x2f, 0xff, 0x70, 0x0, 0xcf, 0xf9, 0x0,
    0x9, 0xff, 0x80, 0x0, 0xe, 0xff, 0x30, 0x0,
    0xf, 0xff, 0xb8, 0x50, 0xa, 0xff, 0xff, 0xd0,
    0x0, 0x8d, 0xfd, 0x90,

    /* U+0130 "İ" */
    0x0, 0x0, 0x0, 0x6f, 0xe4, 0x1f, 0xff, 0xd1,
    0xff, 0xfd, 0x6, 0xed, 0x40, 0x0, 0x0, 0x0,
    0x0, 0x0, 0xff, 0xfb, 0xf, 0xff, 0xb0, 0xff,
    0xfb, 0xf, 0xff, 0xb0, 0xff, 0xfb, 0xf, 0xff,
    0xb0, 0xff, 0xfb, 0xf, 0xff, 0xb0, 0xff, 0xfb,
    0xf, 0xff, 0xb0, 0xff, 0xfb, 0xf, 0xff, 0xb0,
    0xff, 0xfb, 0xf, 0xff, 0xb0, 0xff, 0xfb, 0xf,
    0xff, 0xb0, 0xff, 0xfb, 0xf, 0xff, 0xb0, 0xff,
    0xfb, 0xf, 0xff, 0xb0, 0xff, 0xfb,

    /* U+0131 "ı" */
    0x1f, 0xff, 0x71, 0xff, 0xf7, 0x1f, 0xff, 0x71,
    0xff, 0xf7, 0x1f, 0xff, 0x71, 0xff, 0xf7, 0x1f,
    0xff, 0x71, 0xff, 0xf7, 0x1f, 0xff, 0x71, 0xff,
    0xf7, 0x1f, 0xff, 0x71, 0xff, 0xf7, 0x1f, 0xff,
    0x71, 0xff, 0xf7, 0x1f, 0xff, 0x71, 0xff, 0xf7,

    /* U+0132 "Ĳ" */
    0xff, 0xfb, 0x0, 0x0, 0x0, 0x0, 0x0, 0x0,
    0xaf, 0xff, 0xff, 0xfb, 0x0, 0x0, 0x0, 0x0,
    0x0, 0x0, 0xaf, 0xff, 0xff, 0xfb, 0x0, 0x0,
    0x0, 0x0, 0x0, 0x0, 0xaf, 0xff, 0xff, 0xfb,
    0x0, 0x0, 0x0, 0x0, 0x0, 0x0, 0xaf, 0xff,
    0xff, 0xfb, 0x0, 0x0, 0x0, 0x0, 0x0, 0x0,
    0xaf, 0xff, 0xff, 0xfb, 0x0, 0x0, 0x0, 0x0,
    0x0, 0x0, 0xaf, 0xff, 0xff, 0xfb, 0x0, 0x0,
    0x0, 0x0, 0x0, 0x0, 0xaf, 0xff, 0xff, 0xfb,
    0x0, 0x0, 0x0, 0x0, 0x0, 0x0, 0xaf, 0xff,
    0xff, 0xfb, 0x0, 0x0, 0x0, 0x0, 0x0, 0x0,
    0xaf, 0xff, 0xff, 0xfb, 0x0, 0x0, 0x0, 0x0,
    0x0, 0x0, 0xaf, 0xff, 0xff, 0xfb, 0x0, 0x0,
    0x0, 0x0, 0x0, 0x0, 0xaf, 0xff, 0xff, 0xfb,
    0x0, 0x0, 0x0, 0x0, 0x0, 0x0, 0xaf, 0xff,
    0xff, 0xfb, 0x0, 0x0, 0x0, 0x0, 0x0, 0x0,
    0xaf, 0xff, 0xff, 0xfb, 0x0, 0x1a, 0xaa, 0x40,
    0x0, 0x0, 0xaf, 0xff, 0xff, 0xfb, 0x0, 0x2f,
    0xff, 0x70, 0x0, 0x0, 0xaf, 0xfe, 0xff, 0xfb,
    0x0, 0x1f, 0xff, 0x90, 0x0, 0x0, 0xcf, 0xfd,
    0xff, 0xfb, 0x0, 0xf, 0xff, 0xe0, 0x0, 0x2,
    0xff, 0xfb, 0xff, 0xfb, 0x0, 0xa, 0xff, 0xfc,
    0x42, 0x5d, 0xff, 0xf6, 0xff, 0xfb, 0x0, 0x2,
    0xff, 0xff, 0xff, 0xff, 0xff, 0xd0, 0xff, 0xfb,
    0x0, 0x0, 0x3e, 0xff, 0xff, 0xff, 0xfd, 0x10,
    0xff, 0xfb, 0x0, 0x0, 0x1, 0x7c, 0xff, 0xeb,
    0x60, 0x0,

    /* U+0133 "ĳ" */
    0x9, 0xfc, 0x10, 0x0, 0x5e, 0xe4, 0x4, 0xff,
    0xfa, 0x0, 0xf, 0xff, 0xf0, 0x4f, 0xff, 0xa0,
    0x0, 0xff, 0xff, 0x0, 0x9f, 0xc2, 0x0, 0x5,
    0xee, 0x50, 0x0, 0x0, 0x0, 0x0, 0x0, 0x0,
    0x0, 0x0, 0x0, 0x0, 0x0, 0x0, 0x0, 0x1f,
    0xff, 0x70, 0x0, 0xcf, 0xfc, 0x1, 0xff, 0xf7,
    0x0, 0xc, 0xff, 0xc0, 0x1f, 0xff, 0x70, 0x0,
    0xcf, 0xfc, 0x1, 0xff, 0xf7, 0x0, 0xc, 0xff,
    0xc0, 0x1f, 0xff, 0x70, 0x0, 0xcf, 0xfc, 0x1,
    0xff, 0xf7, 0x0, 0xc, 0xff, 0xc0, 0x1f, 0xff,
    0x70, 0x0, 0xcf, 0xfc, 0x1, 0xff, 0xf7, 0x0,
    0xc, 0xff, 0xc0, 0x1f, 0xff, 0x70, 0x0, 0xcf,
    0xfc, 0x1, 0xff, 0xf7, 0x0, 0xc, 0xff, 0xc0,
    0x1f, 0xff, 0x70, 0x0, 0xcf, 0xfc, 0x1, 0xff,
    0xf7, 0x0, 0xc, 0xff, 0xc0, 0x1f, 0xff, 0x70,
    0x0, 0xcf, 0xfc, 0x1, 0xff, 0xf7, 0x0, 0xc,
    0xff, 0xc0, 0x1f, 0xff, 0x70, 0x0, 0xcf, 0xfc,
    0x1, 0xff, 0xf7, 0x0, 0xc, 0xff, 0xc0, 0x0,
    0x0, 0x0, 0x0, 0xcf, 0xfc, 0x0, 0x0, 0x0,
    0x0, 0xe, 0xff, 0xb0, 0x0, 0x0, 0x0, 0x6,
    0xff, 0xf9, 0x0, 0x0, 0x0, 0x4f, 0xff, 0xff,
    0x40, 0x0, 0x0, 0x4, 0xff, 0xff, 0x90, 0x0,
    0x0, 0x0, 0x4f, 0xeb, 0x50, 0x0,

    /* U+0134 "Ĵ" */
    0x0, 0x0, 0x0, 0x0, 0x2, 0x88, 0x70, 0x0,
    0x0, 0x0, 0x0, 0x0, 0x2, 0xef, 0xff, 0xb0,
    0x0, 0x0, 0x0, 0x0, 0x1, 0xdf, 0xf7, 0xff,
    0xa0, 0x0, 0x0, 0x0, 0x1, 0xdf, 0xf4, 0x8,
    0xff, 0x90, 0x0, 0x0, 0x0, 0x58, 0x85, 0x0,
    0x7, 0x88, 0x20, 0x0, 0x0, 0x0, 0x0, 0x0,
    0x0, 0x0, 0x0, 0x0, 0x0, 0x0, 0x0, 0x0,
    0x0, 0x0, 0x0, 0x0, 0x0, 0x0, 0x0, 0x0,
    0x7f, 0xff, 0x30, 0x0, 0x0, 0x0, 0x0, 0x0,
    0x7, 0xff, 0xf3, 0x0, 0x0, 0x0, 0x0, 0x0,
    0x0, 0x7f, 0xff, 0x30, 0x0, 0x0, 0x0, 0x0,
    0x0, 0x7, 0xff, 0xf3, 0x0, 0x0, 0x0, 0x0,
    0x0, 0x0, 0x7f, 0xff, 0x30, 0x0, 0x0, 0x0,
    0x0, 0x0, 0x7, 0xff, 0xf3, 0x0, 0x0, 0x0,
    0x0, 0x0, 0x0, 0x7f, 0xff, 0x30, 0x0, 0x0,
    0x0, 0x0, 0x0, 0x7, 0xff, 0xf3, 0x0, 0x0,
    0x0, 0x0, 0x0, 0x0, 0x7f, 0xff, 0x30, 0x0,
    0x0, 0x0, 0x0, 0x0, 0x7, 0xff, 0xf3, 0x0,
    0x0, 0x0, 0x0, 0x0, 0x0, 0x7f, 0xff, 0x30,
    0x0, 0x0, 0x0, 0x0, 0x0, 0x7, 0xff, 0xf3,
    0x0, 0x0, 0x0, 0x0, 0x0, 0x0, 0x7f, 0xff,
    0x30, 0x0, 0x9a, 0xa7, 0x0, 0x0, 0x7, 0xff,
    0xf3, 0x0, 0xe, 0xff, 0xb0, 0x0, 0x0, 0x7f,
    0xff, 0x20, 0x0, 0xdf, 0xfd, 0x0, 0x0, 0x9,
    0xff, 0xf1, 0x0, 0xb, 0xff, 0xf3, 0x0, 0x0,
    0xef, 0xff, 0x0, 0x0, 0x6f, 0xff, 0xe5, 0x24,
    0xcf, 0xff, 0xa0, 0x0, 0x0, 0xcf, 0xff, 0xff,
    0xff, 0xff, 0xf2, 0x0, 0x0, 0x1, 0xcf, 0xff,
    0xff, 0xff, 0xe4, 0x0, 0x0, 0x0, 0x0, 0x6b,
    0xef, 0xfc, 0x81, 0x0, 0x0, 0x0,

    /* U+0135 "ĵ" */
    0x0, 0x4, 0xff, 0xf8, 0x0, 0x0, 0x3, 0xff,
    0xef, 0xf7, 0x0, 0x3, 0xff, 0xe1, 0xaf, 0xf6,
    0x2, 0xef, 0xf2, 0x0, 0xcf, 0xf5, 0x0, 0x0,
    0x0, 0x0, 0x0, 0x0, 0x0, 0x0, 0x0, 0x0,
    0x0, 0x0, 0x2, 0xff, 0xf7, 0x0, 0x0, 0x0,
    0x2f, 0xff, 0x70, 0x0, 0x0, 0x2, 0xff, 0xf7,
    0x0, 0x0, 0x0, 0x2f, 0xff, 0x70, 0x0, 0x0,
    0x2, 0xff, 0xf7, 0x0, 0x0, 0x0, 0x2f, 0xff,
    0x70, 0x0, 0x0, 0x2, 0xff, 0xf7, 0x0, 0x0,
    0x0, 0x2f, 0xff, 0x70, 0x0, 0x0, 0x2, 0xff,
    0xf7, 0x0, 0x0, 0x0, 0x2f, 0xff, 0x70, 0x0,
    0x0, 0x2, 0xff, 0xf7, 0x0, 0x0, 0x0, 0x2f,
    0xff, 0x70, 0x0, 0x0, 0x2, 0xff, 0xf7, 0x0,
    0x0, 0x0, 0x2f, 0xff, 0x70, 0x0, 0x0, 0x2,
    0xff, 0xf7, 0x0, 0x0, 0x0, 0x2f, 0xff, 0x70,
    0x0, 0x0, 0x2, 0xff, 0xf6, 0x0, 0x0, 0x0,
    0x3f, 0xff, 0x60, 0x0, 0x0, 0x1a, 0xff, 0xf4,
    0x0, 0x0, 0x9f, 0xff, 0xfe, 0x0, 0x0, 0x9,
    0xff, 0xff, 0x40, 0x0, 0x0, 0x9f, 0xea, 0x20,
    0x0, 0x0,

    /* U+0136 "Ķ" */
    0xff, 0xfb, 0x0, 0x0, 0x0, 0x3, 0xff, 0xff,
    0x6f, 0xff, 0xb0, 0x0, 0x0, 0x1, 0xef, 0xff,
    0x80, 0xff, 0xfb, 0x0, 0x0, 0x0, 0xcf, 0xff,
    0xa0, 0xf, 0xff, 0xb0, 0x0, 0x0, 0xbf, 0xff,
    0xc0, 0x0, 0xff, 0xfb, 0x0, 0x0, 0x8f, 0xff,
    0xd1, 0x0, 0xf, 0xff, 0xb0, 0x0, 0x6f, 0xff,
    0xe2, 0x0, 0x0, 0xff, 0xfb, 0x0, 0x4f, 0xff,
    0xf4, 0x0, 0x0, 0xf, 0xff, 0xa0, 0x1e, 0xff,
    0xf5, 0x0, 0x0, 0x0, 0xff, 0xfa, 0xc, 0xff,
    0xf8, 0x0, 0x0, 0x0, 0xf, 0xff, 0xa8, 0xff,
    0xff, 0x40, 0x0, 0x0, 0x0, 0xff, 0xfd, 0xff,
    0xff, 0xfe, 0x0, 0x0, 0x0, 0xf, 0xff, 0xff,
    0xfd, 0xff, 0xf9, 0x0, 0x0, 0x0, 0xff, 0xff,
    0xfa, 0xd, 0xff, 0xf4, 0x0, 0x0, 0xf, 0xff,
    0xfb, 0x0, 0x4f, 0xff, 0xe0, 0x0, 0x0, 0xff,
    0xfd, 0x0, 0x0, 0x9f, 0xff, 0x90, 0x0, 0xf,
    0xff, 0xb0, 0x0, 0x0, 0xef, 0xff, 0x40, 0x0,
    0xff, 0xfb, 0x0, 0x0, 0x4, 0xff, 0xfe, 0x10,
    0xf, 0xff, 0xb0, 0x0, 0x0, 0xa, 0xff, 0xf9,
    0x0, 0xff, 0xfb, 0x0, 0x0, 0x0, 0x1e, 0xff,
    0xf4, 0xf, 0xff, 0xb0, 0x0, 0x0, 0x0, 0x5f,
    0xff, 0xe1, 0xff, 0xfb, 0x0, 0x0, 0x0, 0x0,
    0xaf, 0xff, 0xa0, 0x0, 0x0, 0x0, 0x0, 0x0,
    0x0, 0x0, 0x0, 0x0, 0x0, 0x0, 0x22, 0x21,
    0x0, 0x0, 0x0, 0x0, 0x0, 0x0, 0xf, 0xff,
    0x40, 0x0, 0x0, 0x0, 0x0, 0x0, 0x3, 0xff,
    0xe0, 0x0, 0x0, 0x0, 0x0, 0x0, 0x0, 0x7f,
    0xf8, 0x0, 0x0, 0x0, 0x0, 0x0, 0x0, 0xb,
    0xff, 0x20, 0x0, 0x0, 0x0, 0x0, 0x0, 0x0,
    0xef, 0xb0, 0x0, 0x0, 0x0, 0x0,

    /* U+0137 "ķ" */
    0x1f, 0xff, 0x70, 0x0, 0x0, 0x0, 0x0, 0x1,
    0xff, 0xf7, 0x0, 0x0, 0x0, 0x0, 0x0, 0x1f,
    0xff, 0x70, 0x0, 0x0, 0x0, 0x0, 0x1, 0xff,
    0xf7, 0x0, 0x0, 0x0, 0x0, 0x0, 0x1f, 0xff,
    0x70, 0x0, 0x0, 0x0, 0x0, 0x1, 0xff, 0xf7,
    0x0, 0x0, 0x3f, 0xff, 0xd1, 0x1f, 0xff, 0x70,
    0x0, 0x2e, 0xff, 0xe2, 0x1, 0xff, 0xf7, 0x0,
    0x1d, 0xff, 0xf4, 0x0, 0x1f, 0xff, 0x70, 0xb,
    0xff, 0xf6, 0x0, 0x1, 0xff, 0xf7, 0xa, 0xff,
    0xf8, 0x0, 0x0, 0x1f, 0xff, 0x77, 0xff, 0xfa,
    0x0, 0x0, 0x1, 0xff, 0xfc, 0xff, 0xfc, 0x0,
    0x0, 0x0, 0x1f, 0xff, 0xff, 0xff, 0xd0, 0x0,
    0x0, 0x1, 0xff, 0xff, 0xff, 0xff, 0x90, 0x0,
    0x0, 0x1f, 0xff, 0xf8, 0xef, 0xff, 0x40, 0x0,
    0x1, 0xff, 0xf9, 0x5, 0xff, 0xfe, 0x0, 0x0,
    0x1f, 0xff, 0x70, 0xa, 0xff, 0xfa, 0x0, 0x1,
    0xff, 0xf7, 0x0, 0xe, 0xff, 0xf5, 0x0, 0x1f,
    0xff, 0x70, 0x0, 0x4f, 0xff, 0xe1, 0x1, 0xff,
    0xf7, 0x0, 0x0, 0x9f, 0xff, 0xb0, 0x1f, 0xff,
    0x70, 0x0, 0x0, 0xdf, 0xff, 0x60, 0x0, 0x0,
    0x0, 0x0, 0x0, 0x0, 0x0, 0x0, 0x0, 0x1,
    0x22, 0x20, 0x0, 0x0, 0x0, 0x0, 0x0, 0xaf,
    0xf9, 0x0, 0x0, 0x0, 0x0, 0x0, 0xe, 0xff,
    0x30, 0x0, 0x0, 0x0, 0x0, 0x1, 0xff, 0xd0,
    0x0, 0x0, 0x0, 0x0, 0x0, 0x5f, 0xf7, 0x0,
    0x0, 0x0, 0x0, 0x0, 0x9, 0xff, 0x10, 0x0,
    0x0, 0x0,

    /* U+0138 "ĸ" */
    0x1f, 0xff, 0x70, 0x0, 0x1, 0xef, 0xff, 0x41,
    0xff, 0xf7, 0x0, 0x0, 0xaf, 0xff, 0x80, 0x1f,
    0xff, 0x70, 0x0, 0x5f, 0xff, 0xc0, 0x1, 0xff,
    0xf7, 0x0, 0x1e, 0xff, 0xf2, 0x0, 0x1f, 0xff,
    0x70, 0xa, 0xff, 0xf6, 0x0, 0x1, 0xff, 0xf7,
    0x4, 0xff, 0xfa, 0x0, 0x0, 0x1f, 0xff, 0x71,
    0xef, 0xfe, 0x10, 0x0, 0x1, 0xff, 0xff, 0xff,
    0xff, 0x30, 0x0, 0x0, 0x1f, 0xff, 0xff, 0xff,
    0xd0, 0x0, 0x0, 0x1, 0xff, 0xfc, 0xbf, 0xff,
    0x80, 0x0, 0x0, 0x1f, 0xff, 0x70, 0xcf, 0xff,
    0x50, 0x0, 0x1, 0xff, 0xf7, 0x1, 0xef, 0xff,
    0x20, 0x0, 0x1f, 0xff, 0x70, 0x5, 0xff, 0xfc,
    0x0, 0x1, 0xff, 0xf7, 0x0, 0x9, 0xff, 0xf9,
    0x0, 0x1f, 0xff, 0x70, 0x0, 0xd, 0xff, 0xf5,
    0x1, 0xff, 0xf7, 0x0, 0x0, 0x3f, 0xff, 0xf2,

    /* U+0139 "Ĺ" */
    0x0, 0x35, 0x53, 0x0, 0x0, 0x0, 0x0, 0xe,
    0xff, 0x50, 0x0, 0x0, 0x0, 0x6, 0xff, 0xa0,
    0x0, 0x0, 0x0, 0x0, 0xdf, 0xf1, 0x0, 0x0,
    0x0, 0x0, 0x4f, 0xf6, 0x0, 0x0, 0x0, 0x0,
    0x0, 0x0, 0x0, 0x0, 0x0, 0x0, 0x0, 0x0,
    0x0, 0x0, 0x0, 0x0, 0x0, 0xf, 0xff, 0xb0,
    0x0, 0x0, 0x0, 0x0, 0xff, 0xfb, 0x0, 0x0,
    0x0, 0x0, 0xf, 0xff, 0xb0, 0x0, 0x0, 0x0,
    0x0, 0xff, 0xfb, 0x0, 0x0, 0x0, 0x0, 0xf,
    0xff, 0xb0, 0x0, 0x0, 0x0, 0x0, 0xff, 0xfb,
    0x0, 0x0, 0x0, 0x0, 0xf, 0xff, 0xb0, 0x0,
    0x0, 0x0, 0x0, 0xff, 0xfb, 0x0, 0x0, 0x0,
    0x0, 0xf, 0xff, 0xb0, 0x0, 0x0, 0x0, 0x0,
    0xff, 0xfb, 0x0, 0x0, 0x0, 0x0, 0xf, 0xff,
    0xb0, 0x0, 0x0, 0x0, 0x0, 0xff, 0xfb, 0x0,
    0x0, 0x0, 0x0, 0xf, 0xff, 0xb0, 0x0, 0x0,
    0x0, 0x0, 0xff, 0xfb, 0x0, 0x0, 0x0, 0x0,
    0xf, 0xff, 0xb0, 0x0, 0x0, 0x0, 0x0, 0xff,
    0xfb, 0x0, 0x0, 0x0, 0x0, 0xf, 0xff, 0xb0,
    0x0, 0x0, 0x0, 0x0, 0xff, 0xfc, 0x22, 0x22,
    0x22, 0x22, 0x1f, 0xff, 0xff, 0xff, 0xff, 0xff,
    0xfb, 0xff, 0xff, 0xff, 0xff, 0xff, 0xff, 0xbf,
    0xff, 0xff, 0xff, 0xff, 0xff, 0xfb,

    /* U+013A "ĺ" */
    0x0, 0x4, 0x55, 0x20, 0x2, 0xff, 0xf2, 0x0,
    0x9f, 0xf7, 0x0, 0x1f, 0xfd, 0x0, 0x7, 0xff,
    0x30, 0x0, 0x0, 0x0, 0x0, 0x0, 0x0, 0x0,
    0x1, 0xff, 0xf7, 0x0, 0x1f, 0xff, 0x70, 0x1,
    0xff, 0xf7, 0x0, 0x1f, 0xff, 0x70, 0x1, 0xff,
    0xf7, 0x0, 0x1f, 0xff, 0x70, 0x1, 0xff, 0xf7,
    0x0, 0x1f, 0xff, 0x70, 0x1, 0xff, 0xf7, 0x0,
    0x1f, 0xff, 0x70, 0x1, 0xff, 0xf7, 0x0, 0x1f,
    0xff, 0x70, 0x1, 0xff, 0xf7, 0x0, 0x1f, 0xff,
    0x70, 0x1, 0xff, 0xf7, 0x0, 0x1f, 0xff, 0x70,
    0x1, 0xff, 0xf7, 0x0, 0x1f, 0xff, 0x70, 0x1,
    0xff, 0xf7, 0x0, 0x1f, 0xff, 0x70, 0x1, 0xff,
    0xf7, 0x0,

    /* U+013B "Ļ" */
    0xff, 0xfb, 0x0, 0x0, 0x0, 0x0, 0xf, 0xff,
    0xb0, 0x0, 0x0, 0x0, 0x0, 0xff, 0xfb, 0x0,
    0x0, 0x0, 0x0, 0xf, 0xff, 0xb0, 0x0, 0x0,
    0x0, 0x0, 0xff, 0xfb, 0x0, 0x0, 0x0, 0x0,
    0xf, 0xff, 0xb0, 0x0, 0x0, 0x0, 0x0, 0xff,
    0xfb, 0x0, 0x0, 0x0, 0x0, 0xf, 0xff, 0xb0,
    0x0, 0x0, 0x0, 0x0, 0xff, 0xfb, 0x0, 0x0,
    0x0, 0x0, 0xf, 0xff, 0xb0, 0x0, 0x0, 0x0,
    0x0, 0xff, 0xfb, 0x0, 0x0, 0x0, 0x0, 0xf,
    0xff, 0xb0, 0x0, 0x0, 0x0, 0x0, 0xff, 0xfb,
    0x0, 0x0, 0x0, 0x0, 0xf, 0xff, 0xb0, 0x0,
    0x0, 0x0, 0x0, 0xff, 0xfb, 0x0, 0x0, 0x0,
    0x0, 0xf, 0xff, 0xb0, 0x0, 0x0, 0x0, 0x0,
    0xff, 0xfb, 0x0, 0x0, 0x0, 0x0, 0xf, 0xff,
    0xc2, 0x22, 0x22, 0x22, 0x21, 0xff, 0xff, 0xff,
    0xff, 0xff, 0xff, 0xbf, 0xff, 0xff, 0xff, 0xff,
    0xff, 0xfb, 0xff, 0xff, 0xff, 0xff, 0xff, 0xff,
    0xb0, 0x0, 0x0, 0x0, 0x0, 0x0, 0x0, 0x0,
    0x0, 0x2, 0x22, 0x0, 0x0, 0x0, 0x0, 0x7,
    0xff, 0xc0, 0x0, 0x0, 0x0, 0x0, 0xbf, 0xf6,
    0x0, 0x0, 0x0, 0x0, 0xe, 0xff, 0x0, 0x0,
    0x0, 0x0, 0x2, 0xff, 0xa0, 0x0, 0x0, 0x0,
    0x0, 0x6f, 0xf3, 0x0, 0x0, 0x0,

    /* U+013C "ļ" */
    0x1, 0xff, 0xf7, 0x1, 0xff, 0xf7, 0x1, 0xff,
    0xf7, 0x1, 0xff, 0xf7, 0x1, 0xff, 0xf7, 0x1,
    0xff, 0xf7, 0x1, 0xff, 0xf7, 0x1, 0xff, 0xf7,
    0x1, 0xff, 0xf7, 0x1, 0xff, 0xf7, 0x1, 0xff,
    0xf7, 0x1, 0xff, 0xf7, 0x1, 0xff, 0xf7, 0x1,
    0xff, 0xf7, 0x1, 0xff, 0xf7, 0x1, 0xff, 0xf7,
    0x1, 0xff, 0xf7, 0x1, 0xff, 0xf7, 0x1, 0xff,
    0xf7, 0x1, 0xff, 0xf7, 0x1, 0xff, 0xf7, 0x0,
    0x0, 0x0, 0x0, 0x22, 0x20, 0x2, 0xff, 0xf1,
    0x6, 0xff, 0xb0, 0xa, 0xff, 0x40, 0xe, 0xfe,
    0x0, 0x1f, 0xf8, 0x0,

    /* U+013D "Ľ" */
    0x0, 0x0, 0x0, 0x1f, 0xfb, 0x0, 0xf, 0xff,
    0xb0, 0x1, 0xff, 0x90, 0x0, 0xff, 0xfb, 0x0,
    0x1f, 0xf7, 0x0, 0xf, 0xff, 0xb0, 0x1, 0xff,
    0x50, 0x0, 0xff, 0xfb, 0x0, 0x1f, 0xf3, 0x0,
    0xf, 0xff, 0xb0, 0x0, 0x66, 0x0, 0x0, 0xff,
    0xfb, 0x0, 0x0, 0x0, 0x0, 0xf, 0xff, 0xb0,
    0x0, 0x0, 0x0, 0x0, 0xff, 0xfb, 0x0, 0x0,
    0x0, 0x0, 0xf, 0xff, 0xb0, 0x0, 0x0, 0x0,
    0x0, 0xff, 0xfb, 0x0, 0x0, 0x0, 0x0, 0xf,
    0xff, 0xb0, 0x0, 0x0, 0x0, 0x0, 0xff, 0xfb,
    0x0, 0x0, 0x0, 0x0, 0xf, 0xff, 0xb0, 0x0,
    0x0, 0x0, 0x0, 0xff, 0xfb, 0x0, 0x0, 0x0,
    0x0, 0xf, 0xff, 0xb0, 0x0, 0x0, 0x0, 0x0,
    0xff, 0xfb, 0x0, 0x0, 0x0, 0x0, 0xf, 0xff,
    0xb0, 0x0, 0x0, 0x0, 0x0, 0xff, 0xfc, 0x22,
    0x22, 0x22, 0x22, 0x1f, 0xff, 0xff, 0xff, 0xff,
    0xff, 0xfb, 0xff, 0xff, 0xff, 0xff, 0xff, 0xff,
    0xbf, 0xff, 0xff, 0xff, 0xff, 0xff, 0xfb,

    /* U+013E "ľ" */
    0x0, 0x0, 0x0, 0xbf, 0xf1, 0x1f, 0xff, 0x70,
    0xbf, 0xf0, 0x1f, 0xff, 0x70, 0xbf, 0xd0, 0x1f,
    0xff, 0x70, 0xbf, 0xb0, 0x1f, 0xff, 0x70, 0xbf,
    0x90, 0x1f, 0xff, 0x70, 0x46, 0x20, 0x1f, 0xff,
    0x70, 0x0, 0x0, 0x1f, 0xff, 0x70, 0x0, 0x0,
    0x1f, 0xff, 0x70, 0x0, 0x0, 0x1f, 0xff, 0x70,
    0x0, 0x0, 0x1f, 0xff, 0x70, 0x0, 0x0, 0x1f,
    0xff, 0x70, 0x0, 0x0, 0x1f, 0xff, 0x70, 0x0,
    0x0, 0x1f, 0xff, 0x70, 0x0, 0x0, 0x1f, 0xff,
    0x70, 0x0, 0x0, 0x1f, 0xff, 0x70, 0x0, 0x0,
    0x1f, 0xff, 0x70, 0x0, 0x0, 0x1f, 0xff, 0x70,
    0x0, 0x0, 0x1f, 0xff, 0x70, 0x0, 0x0, 0x1f,
    0xff, 0x70, 0x0, 0x0, 0x1f, 0xff, 0x70, 0x0,
    0x0, 0x1f, 0xff, 0x70, 0x0, 0x0,

    /* U+013F "Ŀ" */
    0xef, 0xfc, 0x0, 0x0, 0x0, 0x0, 0xe, 0xff,
    0xc0, 0x0, 0x0, 0x0, 0x0, 0xef, 0xfc, 0x0,
    0x0, 0x0, 0x0, 0xe, 0xff, 0xc0, 0x0, 0x0,
    0x0, 0x0, 0xef, 0xfc, 0x0, 0x0, 0x0, 0x0,
    0xe, 0xff, 0xc0, 0x0, 0x0, 0x0, 0x0, 0xef,
    0xfc, 0x0, 0x0, 0x0, 0x0, 0xe, 0xff, 0xc0,
    0x4, 0xef, 0x60, 0x0, 0xef, 0xfc, 0x0, 0xef,
    0xff, 0x0, 0xe, 0xff, 0xc0, 0xe, 0xff, 0xf0,
    0x0, 0xef, 0xfc, 0x0, 0x4e, 0xe6, 0x0, 0xe,
    0xff, 0xc0, 0x0, 0x0, 0x0, 0x0, 0xef, 0xfc,
    0x0, 0x0, 0x0, 0x0, 0xe, 0xff, 0xc0, 0x0,
    0x0, 0x0, 0x0, 0xef, 0xfc, 0x0, 0x0, 0x0,
    0x0, 0xe, 0xff, 0xc0, 0x0, 0x0, 0x0, 0x0,
    0xef, 0xfc, 0x0, 0x0, 0x0, 0x0, 0xe, 0xff,
    0xc2, 0x22, 0x22, 0x22, 0x22, 0xef, 0xff, 0xff,
    0xff, 0xff, 0xff, 0xbe, 0xff, 0xff, 0xff, 0xff,
    0xff, 0xfb, 0xef, 0xff, 0xff, 0xff, 0xff, 0xff,
    0xb0,

    /* U+0140 "ŀ" */
    0x1f, 0xff, 0x70, 0x0, 0x0, 0x1, 0xff, 0xf7,
    0x0, 0x0, 0x0, 0x1f, 0xff, 0x70, 0x0, 0x0,
    0x1, 0xff, 0xf7, 0x0, 0x0, 0x0, 0x1f, 0xff,
    0x70, 0x0, 0x0, 0x1, 0xff, 0xf7, 0x0, 0x0,
    0x0, 0x1f, 0xff, 0x70, 0x0, 0x0, 0x1, 0xff,
    0xf7, 0x0, 0x0, 0x0, 0x1f, 0xff, 0x70, 0x1c,
    0xfa, 0x1, 0xff, 0xf7, 0xa, 0xff, 0xf6, 0x1f,
    0xff, 0x70, 0xcf, 0xff, 0x81, 0xff, 0xf7, 0x6,
    0xff, 0xf2, 0x1f, 0xff, 0x70, 0x4, 0x72, 0x1,
    0xff, 0xf7, 0x0, 0x0, 0x0, 0x1f, 0xff, 0x70,
    0x0, 0x0, 0x1, 0xff, 0xf7, 0x0, 0x0, 0x0,
    0x1f, 0xff, 0x70, 0x0, 0x0, 0x1, 0xff, 0xf7,
    0x0, 0x0, 0x0, 0x1f, 0xff, 0x70, 0x0, 0x0,
    0x1, 0xff, 0xf7, 0x0, 0x0, 0x0, 0x1f, 0xff,
    0x70, 0x0, 0x0, 0x0,

    /* U+0141 "Ł" */
    0x0, 0xf, 0xff, 0xb0, 0x0, 0x0, 0x0, 0x0,
    0x0, 0xf, 0xff, 0xb0, 0x0, 0x0, 0x0, 0x0,
    0x0, 0xf, 0xff, 0xb0, 0x0, 0x0, 0x0, 0x0,
    0x0, 0xf, 0xff, 0xb0, 0x0, 0x0, 0x0, 0x0,
    0x0, 0xf, 0xff, 0xb0, 0x0, 0x1, 0x0, 0x0,
    0x0, 0xf, 0xff, 0xb0, 0x1, 0xa8, 0x0, 0x0,
    0x0, 0xf, 0xff, 0xb0, 0x7f, 0xf9, 0x0, 0x0,
    0x0, 0xf, 0xff, 0xfd, 0xff, 0xf9, 0x0, 0x0,
    0x0, 0xf, 0xff, 0xff, 0xff, 0xb2, 0x0, 0x0,
    0x0, 0xf, 0xff, 0xff, 0xd4, 0x0, 0x0, 0x0,
    0x5, 0xef, 0xff, 0xf7, 0x0, 0x0, 0x0, 0x0,
    0x7f, 0xff, 0xff, 0xd0, 0x0, 0x0, 0x0, 0x0,
    0x9f, 0xff, 0xff, 0xb0, 0x0, 0x0, 0x0, 0x0,
    0x9f, 0x7f, 0xff, 0xb0, 0x0, 0x0, 0x0, 0x0,
    0x41, 0xf, 0xff, 0xb0, 0x0, 0x0, 0x0, 0x0,
    0x0, 0xf, 0xff, 0xb0, 0x0, 0x0, 0x0, 0x0,
    0x0, 0xf, 0xff, 0xb0, 0x0, 0x0, 0x0, 0x0,
    0x0, 0xf, 0xff, 0xc2, 0x22, 0x22, 0x22, 0x21,
    0x0, 0xf, 0xff, 0xff, 0xff, 0xff, 0xff, 0xfb,
    0x0, 0xf, 0xff, 0xff, 0xff, 0xff, 0xff, 0xfb,
    0x0, 0xf, 0xff, 0xff, 0xff, 0xff, 0xff, 0xfb,

    /* U+0142 "ł" */
    0x0, 0x1f, 0xff, 0x70, 0x0, 0x1, 0xff, 0xf7,
    0x0, 0x0, 0x1f, 0xff, 0x70, 0x0, 0x1, 0xff,
    0xf7, 0x0, 0x0, 0x1f, 0xff, 0x70, 0x0, 0x1,
    0xff, 0xf7, 0x46, 0x0, 0x1f, 0xff, 0xff, 0x80,
    0x1, 0xff, 0xff, 0xf8, 0x0, 0x6f, 0xff, 0xfa,
    0x11, 0xbf, 0xff, 0xfa, 0x0, 0x3f, 0xff, 0xff,
    0x70, 0x3, 0xfb, 0xff, 0xf7, 0x0, 0x23, 0x1f,
    0xff, 0x70, 0x0, 0x1, 0xff, 0xf7, 0x0, 0x0,
    0x1f, 0xff, 0x70, 0x0, 0x1, 0xff, 0xf7, 0x0,
    0x0, 0x1f, 0xff, 0x70, 0x0, 0x1, 0xff, 0xf7,
    0x0, 0x0, 0x1f, 0xff, 0x70, 0x0, 0x1, 0xff,
    0xf7, 0x0, 0x0, 0x1f, 0xff, 0x70, 0x0,

    /* U+0143 "Ń" */
    0x0, 0x0, 0x0, 0x0, 0x4, 0x55, 0x20, 0x0,
    0x0, 0x0, 0x0, 0x0, 0x0, 0x2f, 0xff, 0x20,
    0x0, 0x0, 0x0, 0x0, 0x0, 0x0, 0x9f, 0xf7,
    0x0, 0x0, 0x0, 0x0, 0x0, 0x0, 0x1, 0xff,
    0xc0, 0x0, 0x0, 0x0, 0x0, 0x0, 0x0, 0x8,
    0xff, 0x30, 0x0, 0x0, 0x0, 0x0, 0x0, 0x0,
    0x0, 0x0, 0x0, 0x0, 0x0, 0x0, 0x0, 0x0,
    0x0, 0x0, 0x0, 0x0, 0x0, 0x0, 0x0, 0xff,
    0xff, 0x70, 0x0, 0x0, 0x0, 0x8, 0xff, 0xf3,
    0xff, 0xff, 0xf2, 0x0, 0x0, 0x0, 0x8, 0xff,
    0xf3, 0xff, 0xff, 0xfb, 0x0, 0x0, 0x0, 0x8,
    0xff, 0xf3, 0xff, 0xff, 0xff, 0x40, 0x0, 0x0,
    0x8, 0xff, 0xf3, 0xff, 0xff, 0xff, 0xe0, 0x0,
    0x0, 0x8, 0xff, 0xf3, 0xff, 0xfa, 0xff, 0xf8,
    0x0, 0x0, 0x8, 0xff, 0xf3, 0xff, 0xf9, 0x8f,
    0xff, 0x20, 0x0, 0x8, 0xff, 0xf3, 0xff, 0xfa,
    0x1f, 0xff, 0xb0, 0x0, 0x8, 0xff, 0xf3, 0xff,
    0xfb, 0x7, 0xff, 0xf5, 0x0, 0x8, 0xff, 0xf3,
    0xff, 0xfb, 0x0, 0xef, 0xfe, 0x0, 0x8, 0xff,
    0xf3, 0xff, 0xfc, 0x0, 0x5f, 0xff, 0x90, 0x8,
    0xff, 0xf3, 0xff, 0xfc, 0x0, 0xb, 0xff, 0xf2,
    0x7, 0xff, 0xf3, 0xff, 0xfc, 0x0, 0x2, 0xff,
    0xfc, 0x7, 0xff, 0xf3, 0xff, 0xfc, 0x0, 0x0,
    0x8f, 0xff, 0x47, 0xff, 0xf3, 0xff, 0xfc, 0x0,
    0x0, 0xd, 0xff, 0xc6, 0xff, 0xf3, 0xff, 0xfc,
    0x0, 0x0, 0x4, 0xff, 0xf9, 0xff, 0xf3, 0xff,
    0xfc, 0x0, 0x0, 0x0, 0xaf, 0xff, 0xff, 0xf3,
    0xff, 0xfc, 0x0, 0x0, 0x0, 0x1f, 0xff, 0xff,
    0xf3, 0xff, 0xfc, 0x0, 0x0, 0x0, 0x7, 0xff,
    0xff, 0xf3, 0xff, 0xfc, 0x0, 0x0, 0x0, 0x0,
    0xdf, 0xff, 0xf3, 0xff, 0xfc, 0x0, 0x0, 0x0,
    0x0, 0x3f, 0xff, 0xf3,

    /* U+0144 "ń" */
    0x0, 0x0, 0x0, 0x1, 0xff, 0xf3, 0x0, 0x0,
    0x0, 0x0, 0x0, 0x8f, 0xf9, 0x0, 0x0, 0x0,
    0x0, 0x0, 0xe, 0xfe, 0x10, 0x0, 0x0, 0x0,
    0x0, 0x6, 0xff, 0x50, 0x0, 0x0, 0x0, 0x0,
    0x0, 0x35, 0x40, 0x0, 0x0, 0x0, 0x0, 0x0,
    0x0, 0x0, 0x0, 0x0, 0x0, 0x1f, 0xff, 0x40,
    0x5c, 0xef, 0xc6, 0x0, 0x1, 0xff, 0xf4, 0x9f,
    0xff, 0xff, 0xfb, 0x0, 0x1f, 0xff, 0x9f, 0xff,
    0xff, 0xff, 0xf7, 0x1, 0xff, 0xff, 0xc3, 0x1,
    0x8f, 0xff, 0xe0, 0x1f, 0xff, 0xe1, 0x0, 0x0,
    0xcf, 0xff, 0x11, 0xff, 0xf9, 0x0, 0x0, 0x6,
    0xff, 0xf3, 0x1f, 0xff, 0x70, 0x0, 0x0, 0x5f,
    0xff, 0x41, 0xff, 0xf7, 0x0, 0x0, 0x5, 0xff,
    0xf4, 0x1f, 0xff, 0x70, 0x0, 0x0, 0x5f, 0xff,
    0x41, 0xff, 0xf7, 0x0, 0x0, 0x5, 0xff, 0xf4,
    0x1f, 0xff, 0x70, 0x0, 0x0, 0x5f, 0xff, 0x41,
    0xff, 0xf7, 0x0, 0x0, 0x5, 0xff, 0xf4, 0x1f,
    0xff, 0x70, 0x0, 0x0, 0x5f, 0xff, 0x41, 0xff,
    0xf7, 0x0, 0x0, 0x5, 0xff, 0xf4, 0x1f, 0xff,
    0x70, 0x0, 0x0, 0x5f, 0xff, 0x41, 0xff, 0xf7,
    0x0, 0x0, 0x5, 0xff, 0xf4,

    /* U+0145 "Ņ" */
    0xff, 0xff, 0x70, 0x0, 0x0, 0x0, 0x8, 0xff,
    0xf3, 0xff, 0xff, 0xf2, 0x0, 0x0, 0x0, 0x8,
    0xff, 0xf3, 0xff, 0xff, 0xfb, 0x0, 0x0, 0x0,
    0x8, 0xff, 0xf3, 0xff, 0xff, 0xff, 0x40, 0x0,
    0x0, 0x8, 0xff, 0xf3, 0xff, 0xff, 0xff, 0xe0,
    0x0, 0x0, 0x8, 0xff, 0xf3, 0xff, 0xfa, 0xff,
    0xf8, 0x0, 0x0, 0x8, 0xff, 0xf3, 0xff, 0xf9,
    0x8f, 0xff, 0x20, 0x0, 0x8, 0xff, 0xf3, 0xff,
    0xfa, 0x1f, 0xff, 0xb0, 0x0, 0x8, 0xff, 0xf3,
    0xff, 0xfb, 0x7, 0xff, 0xf5, 0x0, 0x8, 0xff,
    0xf3, 0xff, 0xfb, 0x0, 0xef, 0xfe, 0x0, 0x8,
    0xff, 0xf3, 0xff, 0xfc, 0x0, 0x5f, 0xff, 0x90,
    0x8, 0xff, 0xf3, 0xff, 0xfc, 0x0, 0xb, 0xff,
    0xf2, 0x7, 0xff, 0xf3, 0xff, 0xfc, 0x0, 0x2,
    0xff, 0xfc, 0x7, 0xff, 0xf3, 0xff, 0xfc, 0x0,
    0x0, 0x8f, 0xff, 0x47, 0xff, 0xf3, 0xff, 0xfc,
    0x0, 0x0, 0xd, 0xff, 0xc6, 0xff, 0xf3, 0xff,
    0xfc, 0x0, 0x0, 0x4, 0xff, 0xf9, 0xff, 0xf3,
    0xff, 0xfc, 0x0, 0x0, 0x0, 0xaf, 0xff, 0xff,
    0xf3, 0xff, 0xfc, 0x0, 0x0, 0x0, 0x1f, 0xff,
    0xff, 0xf3, 0xff, 0xfc, 0x0, 0x0, 0x0, 0x7,
    0xff, 0xff, 0xf3, 0xff, 0xfc, 0x0, 0x0, 0x0,
    0x0, 0xdf, 0xff, 0xf3, 0xff, 0xfc, 0x0, 0x0,
    0x0, 0x0, 0x3f, 0xff, 0xf3, 0x0, 0x0, 0x0,
    0x0, 0x0, 0x0, 0x0, 0x0, 0x0, 0x0, 0x0,
    0x0, 0x2, 0x22, 0x0, 0x0, 0x0, 0x0, 0x0,
    0x0, 0x0, 0x3f, 0xff, 0x10, 0x0, 0x0, 0x0,
    0x0, 0x0, 0x0, 0x6f, 0xfa, 0x0, 0x0, 0x0,
    0x0, 0x0, 0x0, 0x0, 0xaf, 0xf4, 0x0, 0x0,
    0x0, 0x0, 0x0, 0x0, 0x0, 0xef, 0xe0, 0x0,
    0x0, 0x0, 0x0, 0x0, 0x0, 0x1, 0xff, 0x80,
    0x0, 0x0, 0x0, 0x0,

    /* U+0146 "ņ" */
    0x1f, 0xff, 0x40, 0x5c, 0xef, 0xc6, 0x0, 0x1,
    0xff, 0xf4, 0x9f, 0xff, 0xff, 0xfb, 0x0, 0x1f,
    0xff, 0x9f, 0xff, 0xff, 0xff, 0xf7, 0x1, 0xff,
    0xff, 0xc3, 0x1, 0x8f, 0xff, 0xe0, 0x1f, 0xff,
    0xe1, 0x0, 0x0, 0xcf, 0xff, 0x11, 0xff, 0xf9,
    0x0, 0x0, 0x6, 0xff, 0xf3, 0x1f, 0xff, 0x70,
    0x0, 0x0, 0x5f, 0xff, 0x41, 0xff, 0xf7, 0x0,
    0x0, 0x5, 0xff, 0xf4, 0x1f, 0xff, 0x70, 0x0,
    0x0, 0x5f, 0xff, 0x41, 0xff, 0xf7, 0x0, 0x0,
    0x5, 0xff, 0xf4, 0x1f, 0xff, 0x70, 0x0, 0x0,
    0x5f, 0xff, 0x41, 0xff, 0xf7, 0x0, 0x0, 0x5,
    0xff, 0xf4, 0x1f, 0xff, 0x70, 0x0, 0x0, 0x5f,
    0xff, 0x41, 0xff, 0xf7, 0x0, 0x0, 0x5, 0xff,
    0xf4, 0x1f, 0xff, 0x70, 0x0, 0x0, 0x5f, 0xff,
    0x41, 0xff, 0xf7, 0x0, 0x0, 0x5, 0xff, 0xf4,
    0x0, 0x0, 0x0, 0x0, 0x0, 0x0, 0x0, 0x0,
    0x0, 0x0, 0x2, 0x22, 0x0, 0x0, 0x0, 0x0,
    0x0, 0x4, 0xff, 0xf0, 0x0, 0x0, 0x0, 0x0,
    0x0, 0x8f, 0xf9, 0x0, 0x0, 0x0, 0x0, 0x0,
    0xb, 0xff, 0x30, 0x0, 0x0, 0x0, 0x0, 0x0,
    0xff, 0xd0, 0x0, 0x0, 0x0, 0x0, 0x0, 0x3f,
    0xf7, 0x0, 0x0, 0x0, 0x0,

    /* U+0147 "Ň" */
    0x0, 0x2, 0x88, 0x60, 0x0, 0x48, 0x85, 0x0,
    0x0, 0x0, 0x0, 0xaf, 0xf6, 0x3, 0xff, 0xe2,
    0x0, 0x0, 0x0, 0x0, 0xd, 0xff, 0x3d, 0xff,
    0x30, 0x0, 0x0, 0x0, 0x0, 0x1, 0xef, 0xff,
    0xf5, 0x0, 0x0, 0x0, 0x0, 0x0, 0x0, 0x3f,
    0xff, 0x80, 0x0, 0x0, 0x0, 0x0, 0x0, 0x0,
    0x0, 0x0, 0x0, 0x0, 0x0, 0x0, 0x0, 0x0,
    0x0, 0x0, 0x0, 0x0, 0x0, 0x0, 0x0, 0xff,
    0xff, 0x70, 0x0, 0x0, 0x0, 0x8, 0xff, 0xf3,
    0xff, 0xff, 0xf2, 0x0, 0x0, 0x0, 0x8, 0xff,
    0xf3, 0xff, 0xff, 0xfb, 0x0, 0x0, 0x0, 0x8,
    0xff, 0xf3, 0xff, 0xff, 0xff, 0x40, 0x0, 0x0,
    0x8, 0xff, 0xf3, 0xff, 0xff, 0xff, 0xe0, 0x0,
    0x0, 0x8, 0xff, 0xf3, 0xff, 0xfa, 0xff, 0xf8,
    0x0, 0x0, 0x8, 0xff, 0xf3, 0xff, 0xf9, 0x8f,
    0xff, 0x20, 0x0, 0x8, 0xff, 0xf3, 0xff, 0xfa,
    0x1f, 0xff, 0xb0, 0x0, 0x8, 0xff, 0xf3, 0xff,
    0xfb, 0x7, 0xff, 0xf5, 0x0, 0x8, 0xff, 0xf3,
    0xff, 0xfb, 0x0, 0xef, 0xfe, 0x0, 0x8, 0xff,
    0xf3, 0xff, 0xfc, 0x0, 0x5f, 0xff, 0x90, 0x8,
    0xff, 0xf3, 0xff, 0xfc, 0x0, 0xb, 0xff, 0xf2,
    0x7, 0xff, 0xf3, 0xff, 0xfc, 0x0, 0x2, 0xff,
    0xfc, 0x7, 0xff, 0xf3, 0xff, 0xfc, 0x0, 0x0,
    0x8f, 0xff, 0x47, 0xff, 0xf3, 0xff, 0xfc, 0x0,
    0x0, 0xd, 0xff, 0xc6, 0xff, 0xf3, 0xff, 0xfc,
    0x0, 0x0, 0x4, 0xff, 0xf9, 0xff, 0xf3, 0xff,
    0xfc, 0x0, 0x0, 0x0, 0xaf, 0xff, 0xff, 0xf3,
    0xff, 0xfc, 0x0, 0x0, 0x0, 0x1f, 0xff, 0xff,
    0xf3, 0xff, 0xfc, 0x0, 0x0, 0x0, 0x7, 0xff,
    0xff, 0xf3, 0xff, 0xfc, 0x0, 0x0, 0x0, 0x0,
    0xdf, 0xff, 0xf3, 0xff, 0xfc, 0x0, 0x0, 0x0,
    0x0, 0x3f, 0xff, 0xf3,

    /* U+0148 "ň" */
    0x0, 0x2e, 0xfe, 0x10, 0x1d, 0xff, 0x50, 0x0,
    0x0, 0x3f, 0xfc, 0xb, 0xff, 0x60, 0x0, 0x0,
    0x0, 0x4f, 0xfe, 0xff, 0x60, 0x0, 0x0, 0x0,
    0x0, 0x5f, 0xff, 0x70, 0x0, 0x0, 0x0, 0x0,
    0x0, 0x0, 0x0, 0x0, 0x0, 0x0, 0x0, 0x0,
    0x0, 0x0, 0x0, 0x0, 0x0, 0x1f, 0xff, 0x40,
    0x5c, 0xef, 0xc6, 0x0, 0x1, 0xff, 0xf4, 0x9f,
    0xff, 0xff, 0xfb, 0x0, 0x1f, 0xff, 0x9f, 0xff,
    0xff, 0xff, 0xf7, 0x1, 0xff, 0xff, 0xc3, 0x1,
    0x8f, 0xff, 0xe0, 0x1f, 0xff, 0xe1, 0x0, 0x0,
    0xcf, 0xff, 0x11, 0xff, 0xf9, 0x0, 0x0, 0x6,
    0xff, 0xf3, 0x1f, 0xff, 0x70, 0x0, 0x0, 0x5f,
    0xff, 0x41, 0xff, 0xf7, 0x0, 0x0, 0x5, 0xff,
    0xf4, 0x1f, 0xff, 0x70, 0x0, 0x0, 0x5f, 0xff,
    0x41, 0xff, 0xf7, 0x0, 0x0, 0x5, 0xff, 0xf4,
    0x1f, 0xff, 0x70, 0x0, 0x0, 0x5f, 0xff, 0x41,
    0xff, 0xf7, 0x0, 0x0, 0x5, 0xff, 0xf4, 0x1f,
    0xff, 0x70, 0x0, 0x0, 0x5f, 0xff, 0x41, 0xff,
    0xf7, 0x0, 0x0, 0x5, 0xff, 0xf4, 0x1f, 0xff,
    0x70, 0x0, 0x0, 0x5f, 0xff, 0x41, 0xff, 0xf7,
    0x0, 0x0, 0x5, 0xff, 0xf4,

    /* U+014A "Ŋ" */
    0xff, 0xff, 0x70, 0x0, 0x0, 0x0, 0x8, 0xff,
    0xf3, 0xff, 0xff, 0xf2, 0x0, 0x0, 0x0, 0x8,
    0xff, 0xf3, 0xff, 0xff, 0xfb, 0x0, 0x0, 0x0,
    0x8, 0xff, 0xf3, 0xff, 0xff, 0xff, 0x40, 0x0,
    0x0, 0x8, 0xff, 0xf3, 0xff, 0xff, 0xff, 0xe0,
    0x0, 0x0, 0x8, 0xff, 0xf3, 0xff, 0xfa, 0xff,
    0xf8, 0x0, 0x0, 0x8, 0xff, 0xf3, 0xff, 0xf9,
    0x8f, 0xff, 0x20, 0x0, 0x8, 0xff, 0xf3, 0xff,
    0xfa, 0x1f, 0xff, 0xb0, 0x0, 0x8, 0xff, 0xf3,
    0xff, 0xfb, 0x7, 0xff, 0xf5, 0x0, 0x8, 0xff,
    0xf3, 0xff, 0xfb, 0x0, 0xef, 0xfe, 0x0, 0x8,
    0xff, 0xf3, 0xff, 0xfc, 0x0, 0x5f, 0xff, 0x90,
    0x8, 0xff, 0xf3, 0xff, 0xfc, 0x0, 0xb, 0xff,
    0xf2, 0x7, 0xff, 0xf3, 0xff, 0xfc, 0x0, 0x2,
    0xff, 0xfc, 0x7, 0xff, 0xf3, 0xff, 0xfc, 0x0,
    0x0, 0x8f, 0xff, 0x47, 0xff, 0xf3, 0xff, 0xfc,
    0x0, 0x0, 0xd, 0xff, 0xc6, 0xff, 0xf3, 0xff,
    0xfc, 0x0, 0x0, 0x4, 0xff, 0xf9, 0xff, 0xf3,
    0xff, 0xfc, 0x0, 0x0, 0x0, 0xaf, 0xff, 0xff,
    0xf3, 0xff, 0xfc, 0x0, 0x0, 0x0, 0x1f, 0xff,
    0xff, 0xf3, 0xff, 0xfc, 0x0, 0x0, 0x0, 0x7,
    0xff, 0xff, 0xf3, 0xff, 0xfc, 0x0, 0x0, 0x0,
    0x0, 0xdf, 0xff, 0xf4, 0xff, 0xfc, 0x0, 0x0,
    0x0, 0x0, 0x3f, 0xff, 0xf5, 0x0, 0x0, 0x0,
    0x0, 0x0, 0x0, 0x5, 0xff, 0xf5, 0x0, 0x0,
    0x0, 0x0, 0x0, 0x0, 0x5, 0xff, 0xf4, 0x0,
    0x0, 0x0, 0x0, 0x0, 0x1, 0x2b, 0xff, 0xf4,
    0x0, 0x0, 0x0, 0x0, 0x0, 0x3f, 0xff, 0xff,
    0xf1, 0x0, 0x0, 0x0, 0x0, 0x0, 0x3f, 0xff,
    0xff, 0x80, 0x0, 0x0, 0x0, 0x0, 0x0, 0x2e,
    0xff, 0xc6, 0x0,

    /* U+014B "ŋ" */
    0x1f, 0xff, 0x40, 0x5c, 0xef, 0xc6, 0x0, 0x1,
    0xff, 0xf4, 0x9f, 0xff, 0xff, 0xfb, 0x0, 0x1f,
    0xff, 0x9f, 0xff, 0xff, 0xff, 0xf7, 0x1, 0xff,
    0xff, 0xc3, 0x1, 0x8f, 0xff, 0xe0, 0x1f, 0xff,
    0xe1, 0x0, 0x0, 0xbf, 0xff, 0x21, 0xff, 0xf9,
    0x0, 0x0, 0x6, 0xff, 0xf3, 0x1f, 0xff, 0x70,
    0x0, 0x0, 0x5f, 0xff, 0x41, 0xff, 0xf7, 0x0,
    0x0, 0x5, 0xff, 0xf4, 0x1f, 0xff, 0x70, 0x0,
    0x0, 0x5f, 0xff, 0x41, 0xff, 0xf7, 0x0, 0x0,
    0x5, 0xff, 0xf4, 0x1f, 0xff, 0x70, 0x0, 0x0,
    0x5f, 0xff, 0x41, 0xff, 0xf7, 0x0, 0x0, 0x5,
    0xff, 0xf4, 0x1f, 0xff, 0x70, 0x0, 0x0, 0x5f,
    0xff, 0x41, 0xff, 0xf7, 0x0, 0x0, 0x5, 0xff,
    0xf4, 0x1f, 0xff, 0x70, 0x0, 0x0, 0x5f, 0xff,
    0x41, 0xff, 0xf7, 0x0, 0x0, 0x5, 0xff, 0xf4,
    0x0, 0x0, 0x0, 0x0, 0x0, 0x5f, 0xff, 0x40,
    0x0, 0x0, 0x0, 0x0, 0x5, 0xff, 0xf4, 0x0,
    0x0, 0x0, 0x0, 0x12, 0xaf, 0xff, 0x30, 0x0,
    0x0, 0x0, 0x4f, 0xff, 0xff, 0xf0, 0x0, 0x0,
    0x0, 0x4, 0xff, 0xff, 0xf7, 0x0, 0x0, 0x0,
    0x0, 0x3e, 0xff, 0xc5, 0x0,

    /* U+014C "Ō" */
    0x0, 0x0, 0x2, 0xff, 0xff, 0xff, 0xfa, 0x0,
    0x0, 0x0, 0x0, 0x0, 0x2, 0xff, 0xff, 0xff,
    0xfa, 0x0, 0x0, 0x0, 0x0, 0x0, 0x1, 0x77,
    0x77, 0x77, 0x75, 0x0, 0x0, 0x0, 0x0, 0x0,
    0x0, 0x0, 0x0, 0x0, 0x0, 0x0, 0x0, 0x0,
    0x0, 0x0, 0x0, 0x0, 0x0, 0x0, 0x0, 0x0,
    0x0, 0x0, 0x0, 0x0, 0x0, 0x0, 0x0, 0x0,
    0x0, 0x0, 0x0, 0x0, 0x0, 0x0, 0x1, 0x7b,
    0xef, 0xfd, 0x94, 0x0, 0x0, 0x0, 0x0, 0x0,
    0x6f, 0xff, 0xff, 0xff, 0xff, 0xc2, 0x0, 0x0,
    0x0, 0x9, 0xff, 0xff, 0xff, 0xff, 0xff, 0xfe,
    0x30, 0x0, 0x0, 0x7f, 0xff, 0xfd, 0x86, 0x7a,
    0xff, 0xff, 0xe1, 0x0, 0x2, 0xff, 0xff, 0x70,
    0x0, 0x0, 0x2d, 0xff, 0xfa, 0x0, 0xa, 0xff,
    0xf7, 0x0, 0x0, 0x0, 0x1, 0xef, 0xff, 0x20,
    0xf, 0xff, 0xd0, 0x0, 0x0, 0x0, 0x0, 0x5f,
    0xff, 0x80, 0x4f, 0xff, 0x70, 0x0, 0x0, 0x0,
    0x0, 0xf, 0xff, 0xc0, 0x7f, 0xff, 0x40, 0x0,
    0x0, 0x0, 0x0, 0xb, 0xff, 0xf0, 0x8f, 0xff,
    0x20, 0x0, 0x0, 0x0, 0x0, 0xa, 0xff, 0xf0,
    0x9f, 0xff, 0x10, 0x0, 0x0, 0x0, 0x0, 0x9,
    0xff, 0xf1, 0x8f, 0xff, 0x20, 0x0, 0x0, 0x0,
    0x0, 0xa, 0xff, 0xf0, 0x7f, 0xff, 0x40, 0x0,
    0x0, 0x0, 0x0, 0xb, 0xff, 0xf0, 0x4f, 0xff,
    0x70, 0x0, 0x0, 0x0, 0x0, 0xf, 0xff, 0xc0,
    0xf, 0xff, 0xd0, 0x0, 0x0, 0x0, 0x0, 0x5f,
    0xff, 0x80, 0xa, 0xff, 0xf7, 0x0, 0x0, 0x0,
    0x1, 0xef, 0xff, 0x20, 0x2, 0xff, 0xff, 0x70,
    0x0, 0x0, 0x2d, 0xff, 0xfb, 0x0, 0x0, 0x7f,
    0xff, 0xfd, 0x86, 0x7a, 0xff, 0xff, 0xe1, 0x0,
    0x0, 0x9, 0xff, 0xff, 0xff, 0xff, 0xff, 0xfe,
    0x30, 0x0, 0x0, 0x0, 0x6f, 0xff, 0xff, 0xff,
    0xff, 0xc2, 0x0, 0x0, 0x0, 0x0, 0x1, 0x7b,
    0xef, 0xfd, 0x94, 0x0, 0x0, 0x0,

    /* U+014D "ō" */
    0x0, 0x6, 0xff, 0xff, 0xff, 0xf6, 0x0, 0x0,
    0x0, 0x6f, 0xff, 0xff, 0xff, 0x60, 0x0, 0x0,
    0x3, 0x77, 0x77, 0x77, 0x73, 0x0, 0x0, 0x0,
    0x0, 0x0, 0x0, 0x0, 0x0, 0x0, 0x0, 0x0,
    0x0, 0x0, 0x0, 0x0, 0x0, 0x0, 0x0, 0x5,
    0xbe, 0xfe, 0xb5, 0x0, 0x0, 0x0, 0x2d, 0xff,
    0xff, 0xff, 0xfd, 0x20, 0x0, 0x1e, 0xff, 0xff,
    0xff, 0xff, 0xfe, 0x10, 0xa, 0xff, 0xfa, 0x20,
    0x2a, 0xff, 0xfb, 0x2, 0xff, 0xfb, 0x0, 0x0,
    0xb, 0xff, 0xf2, 0x7f, 0xff, 0x30, 0x0, 0x0,
    0x3f, 0xff, 0x8a, 0xff, 0xf0, 0x0, 0x0, 0x0,
    0xef, 0xfa, 0xbf, 0xfe, 0x0, 0x0, 0x0, 0xd,
    0xff, 0xcb, 0xff, 0xe0, 0x0, 0x0, 0x0, 0xdf,
    0xfc, 0xaf, 0xff, 0x0, 0x0, 0x0, 0xe, 0xff,
    0xa7, 0xff, 0xf4, 0x0, 0x0, 0x3, 0xff, 0xf8,
    0x2f, 0xff, 0xb0, 0x0, 0x0, 0xbf, 0xff, 0x20,
    0xaf, 0xff, 0xa2, 0x2, 0xaf, 0xff, 0xb0, 0x1,
    0xef, 0xff, 0xff, 0xff, 0xff, 0xe1, 0x0, 0x2,
    0xdf, 0xff, 0xff, 0xff, 0xd2, 0x0, 0x0, 0x0,
    0x5b, 0xef, 0xeb, 0x60, 0x0, 0x0,

    /* U+014E "Ŏ" */
    0x0, 0x0, 0x5, 0x84, 0x0, 0x0, 0x78, 0x10,
    0x0, 0x0, 0x0, 0x0, 0x9, 0xfc, 0x0, 0x3,
    0xff, 0x10, 0x0, 0x0, 0x0, 0x0, 0x3, 0xff,
    0x93, 0x5d, 0xfb, 0x0, 0x0, 0x0, 0x0, 0x0,
    0x0, 0x8f, 0xff, 0xff, 0xe2, 0x0, 0x0, 0x0,
    0x0, 0x0, 0x0, 0x5, 0xcf, 0xea, 0x10, 0x0,
    0x0, 0x0, 0x0, 0x0, 0x0, 0x0, 0x0, 0x0,
    0x0, 0x0, 0x0, 0x0, 0x0, 0x0, 0x0, 0x0,
    0x0, 0x0, 0x0, 0x0, 0x0, 0x0, 0x0, 0x0,
    0x1, 0x7b, 0xef, 0xfd, 0x94, 0x0, 0x0, 0x0,
    0x0, 0x0, 0x6f, 0xff, 0xff, 0xff, 0xff, 0xc2,
    0x0, 0x0, 0x0, 0x9, 0xff, 0xff, 0xff, 0xff,
    0xff, 0xfe, 0x30, 0x0, 0x0, 0x7f, 0xff, 0xfd,
    0x86, 0x7a, 0xff, 0xff, 0xe1, 0x0, 0x2, 0xff,
    0xff, 0x70, 0x0, 0x0, 0x2d, 0xff, 0xfa, 0x0,
    0xa, 0xff, 0xf7, 0x0, 0x0, 0x0, 0x1, 0xef,
    0xff, 0x20, 0xf, 0xff, 0xd0, 0x0, 0x0, 0x0,
    0x0, 0x5f, 0xff, 0x80, 0x4f, 0xff, 0x70, 0x0,
    0x0, 0x0, 0x0, 0xf, 0xff, 0xc0, 0x7f, 0xff,
    0x40, 0x0, 0x0, 0x0, 0x0, 0xb, 0xff, 0xf0,
    0x8f, 0xff, 0x20, 0x0, 0x0, 0x0, 0x0, 0xa,
    0xff, 0xf0, 0x9f, 0xff, 0x10, 0x0, 0x0, 0x0,
    0x0, 0x9, 0xff, 0xf1, 0x8f, 0xff, 0x20, 0x0,
    0x0, 0x0, 0x0, 0xa, 0xff, 0xf0, 0x7f, 0xff,
    0x40, 0x0, 0x0, 0x0, 0x0, 0xb, 0xff, 0xf0,
    0x4f, 0xff, 0x70, 0x0, 0x0, 0x0, 0x0, 0xf,
    0xff, 0xc0, 0xf, 0xff, 0xd0, 0x0, 0x0, 0x0,
    0x0, 0x5f, 0xff, 0x80, 0xa, 0xff, 0xf7, 0x0,
    0x0, 0x0, 0x1, 0xef, 0xff, 0x20, 0x2, 0xff,
    0xff, 0x70, 0x0, 0x0, 0x2d, 0xff, 0xfb, 0x0,
    0x0, 0x7f, 0xff, 0xfd, 0x86, 0x7a, 0xff, 0xff,
    0xe1, 0x0, 0x0, 0x9, 0xff, 0xff, 0xff, 0xff,
    0xff, 0xfe, 0x30, 0x0, 0x0, 0x0, 0x6f, 0xff,
    0xff, 0xff, 0xff, 0xc2, 0x0, 0x0, 0x0, 0x0,
    0x1, 0x7b, 0xef, 0xfd, 0x94, 0x0, 0x0, 0x0,

    /* U+014F "ŏ" */
    0x0, 0x7, 0x82, 0x0, 0x2, 0x87, 0x0, 0x0,
    0x0, 0xdf, 0x70, 0x0, 0x7f, 0xd0, 0x0, 0x0,
    0x7, 0xff, 0x63, 0x6f, 0xf7, 0x0, 0x0, 0x0,
    0xc, 0xff, 0xff, 0xfc, 0x0, 0x0, 0x0, 0x0,
    0x7, 0xdf, 0xd8, 0x0, 0x0, 0x0, 0x0, 0x0,
    0x0, 0x0, 0x0, 0x0, 0x0, 0x0, 0x0, 0x0,
    0x0, 0x0, 0x0, 0x0, 0x0, 0x0, 0x5, 0xbe,
    0xfe, 0xb5, 0x0, 0x0, 0x0, 0x2d, 0xff, 0xff,
    0xff, 0xfd, 0x20, 0x0, 0x1e, 0xff, 0xff, 0xff,
    0xff, 0xfe, 0x10, 0xa, 0xff, 0xfa, 0x20, 0x2a,
    0xff, 0xfb, 0x2, 0xff, 0xfb, 0x0, 0x0, 0xb,
    0xff, 0xf2, 0x7f, 0xff, 0x30, 0x0, 0x0, 0x3f,
    0xff, 0x8a, 0xff, 0xf0, 0x0, 0x0, 0x0, 0xef,
    0xfa, 0xbf, 0xfe, 0x0, 0x0, 0x0, 0xd, 0xff,
    0xcb, 0xff, 0xe0, 0x0, 0x0, 0x0, 0xdf, 0xfc,
    0xaf, 0xff, 0x0, 0x0, 0x0, 0xe, 0xff, 0xa7,
    0xff, 0xf4, 0x0, 0x0, 0x3, 0xff, 0xf8, 0x2f,
    0xff, 0xb0, 0x0, 0x0, 0xbf, 0xff, 0x20, 0xaf,
    0xff, 0xa2, 0x2, 0xaf, 0xff, 0xb0, 0x1, 0xef,
    0xff, 0xff, 0xff, 0xff, 0xe1, 0x0, 0x2, 0xdf,
    0xff, 0xff, 0xff, 0xd2, 0x0, 0x0, 0x0, 0x5b,
    0xef, 0xeb, 0x60, 0x0, 0x0,

    /* U+0150 "Ő" */
    0x0, 0x0, 0x0, 0x9f, 0xfa, 0x3, 0xff, 0xf3,
    0x0, 0x0, 0x0, 0x0, 0x0, 0xef, 0xf2, 0xc,
    0xff, 0x70, 0x0, 0x0, 0x0, 0x0, 0x4, 0xff,
    0x90, 0x5f, 0xfb, 0x0, 0x0, 0x0, 0x0, 0x0,
    0xa, 0xff, 0x10, 0xdf, 0xe1, 0x0, 0x0, 0x0,
    0x0, 0x0, 0x4, 0x53, 0x1, 0x55, 0x20, 0x0,
    0x0, 0x0, 0x0, 0x0, 0x0, 0x0, 0x0, 0x0,
    0x0, 0x0, 0x0, 0x0, 0x0, 0x0, 0x0, 0x0,
    0x0, 0x0, 0x0, 0x0, 0x0, 0x0, 0x0, 0x0,
    0x1, 0x7b, 0xef, 0xfd, 0x94, 0x0, 0x0, 0x0,
    0x0, 0x0, 0x6f, 0xff, 0xff, 0xff, 0xff, 0xc2,
    0x0, 0x0, 0x0, 0x9, 0xff, 0xff, 0xff, 0xff,
    0xff, 0xfe, 0x30, 0x0, 0x0, 0x7f, 0xff, 0xfd,
    0x86, 0x7a, 0xff, 0xff, 0xe1, 0x0, 0x2, 0xff,
    0xff, 0x70, 0x0, 0x0, 0x2d, 0xff, 0xfa, 0x0,
    0xa, 0xff, 0xf7, 0x0, 0x0, 0x0, 0x1, 0xef,
    0xff, 0x20, 0xf, 0xff, 0xd0, 0x0, 0x0, 0x0,
    0x0, 0x5f, 0xff, 0x80, 0x4f, 0xff, 0x70, 0x0,
    0x0, 0x0, 0x0, 0xf, 0xff, 0xc0, 0x7f, 0xff,
    0x40, 0x0, 0x0, 0x0, 0x0, 0xb, 0xff, 0xf0,
    0x8f, 0xff, 0x20, 0x0, 0x0, 0x0, 0x0, 0xa,
    0xff, 0xf0, 0x9f, 0xff, 0x10, 0x0, 0x0, 0x0,
    0x0, 0x9, 0xff, 0xf1, 0x8f, 0xff, 0x20, 0x0,
    0x0, 0x0, 0x0, 0xa, 0xff, 0xf0, 0x7f, 0xff,
    0x40, 0x0, 0x0, 0x0, 0x0, 0xb, 0xff, 0xf0,
    0x4f, 0xff, 0x70, 0x0, 0x0, 0x0, 0x0, 0xf,
    0xff, 0xc0, 0xf, 0xff, 0xd0, 0x0, 0x0, 0x0,
    0x0, 0x5f, 0xff, 0x80, 0xa, 0xff, 0xf7, 0x0,
    0x0, 0x0, 0x1, 0xef, 0xff, 0x20, 0x2, 0xff,
    0xff, 0x70, 0x0, 0x0, 0x2d, 0xff, 0xfb, 0x0,
    0x0, 0x7f, 0xff, 0xfd, 0x86, 0x7a, 0xff, 0xff,
    0xe1, 0x0, 0x0, 0x9, 0xff, 0xff, 0xff, 0xff,
    0xff, 0xfe, 0x30, 0x0, 0x0, 0x0, 0x6f, 0xff,
    0xff, 0xff, 0xff, 0xc2, 0x0, 0x0, 0x0, 0x0,
    0x1, 0x7b, 0xef, 0xfd, 0x94, 0x0, 0x0, 0x0,

    /* U+0151 "ő" */
    0x0, 0x0, 0x35, 0x53, 0x1, 0x55, 0x50, 0x0,
    0x0, 0xf, 0xff, 0x30, 0xaf, 0xfa, 0x0, 0x0,
    0x5, 0xff, 0xb0, 0x3f, 0xfe, 0x10, 0x0, 0x0,
    0xaf, 0xf3, 0xb, 0xff, 0x30, 0x0, 0x0, 0xf,
    0xfa, 0x4, 0xff, 0x70, 0x0, 0x0, 0x0, 0x0,
    0x0, 0x0, 0x0, 0x0, 0x0, 0x0, 0x0, 0x0,
    0x0, 0x0, 0x0, 0x0, 0x0, 0x0, 0x5, 0xbe,
    0xfe, 0xb5, 0x0, 0x0, 0x0, 0x2d, 0xff, 0xff,
    0xff, 0xfd, 0x20, 0x0, 0x1e, 0xff, 0xff, 0xff,
    0xff, 0xfe, 0x10, 0xa, 0xff, 0xfa, 0x20, 0x2a,
    0xff, 0xfb, 0x2, 0xff, 0xfb, 0x0, 0x0, 0xb,
    0xff, 0xf2, 0x7f, 0xff, 0x30, 0x0, 0x0, 0x3f,
    0xff, 0x8a, 0xff, 0xf0, 0x0, 0x0, 0x0, 0xef,
    0xfa, 0xbf, 0xfe, 0x0, 0x0, 0x0, 0xd, 0xff,
    0xcb, 0xff, 0xe0, 0x0, 0x0, 0x0, 0xdf, 0xfc,
    0xaf, 0xff, 0x0, 0x0, 0x0, 0xe, 0xff, 0xa7,
    0xff, 0xf4, 0x0, 0x0, 0x3, 0xff, 0xf8, 0x2f,
    0xff, 0xb0, 0x0, 0x0, 0xbf, 0xff, 0x20, 0xaf,
    0xff, 0xa2, 0x2, 0xaf, 0xff, 0xb0, 0x1, 0xef,
    0xff, 0xff, 0xff, 0xff, 0xe1, 0x0, 0x2, 0xdf,
    0xff, 0xff, 0xff, 0xd2, 0x0, 0x0, 0x0, 0x5b,
    0xef, 0xeb, 0x60, 0x0, 0x0,

    /* U+0152 "Œ" */
    0x0, 0x0, 0x0, 0x6b, 0xef, 0xff, 0xff, 0xff,
    0xff, 0xff, 0xff, 0xff, 0xfb, 0x0, 0x0, 0x6e,
    0xff, 0xff, 0xff, 0xff, 0xff, 0xff, 0xff, 0xff,
    0xff, 0xfb, 0x0, 0x9, 0xff, 0xff, 0xff, 0xff,
    0xff, 0xff, 0xff, 0xff, 0xff, 0xff, 0xfb, 0x0,
    0x7f, 0xff, 0xfb, 0x53, 0x22, 0x9f, 0xff, 0x42,
    0x22, 0x22, 0x22, 0x21, 0x2, 0xff, 0xff, 0x40,
    0x0, 0x0, 0x8f, 0xff, 0x20, 0x0, 0x0, 0x0,
    0x0, 0xa, 0xff, 0xf5, 0x0, 0x0, 0x0, 0x8f,
    0xff, 0x20, 0x0, 0x0, 0x0, 0x0, 0xf, 0xff,
    0xc0, 0x0, 0x0, 0x0, 0x8f, 0xff, 0x20, 0x0,
    0x0, 0x0, 0x0, 0x4f, 0xff, 0x60, 0x0, 0x0,
    0x0, 0x8f, 0xff, 0x20, 0x0, 0x0, 0x0, 0x0,
    0x7f, 0xff, 0x30, 0x0, 0x0, 0x0, 0x8f, 0xff,
    0x32, 0x22, 0x22, 0x22, 0x20, 0x8f, 0xff, 0x10,
    0x0, 0x0, 0x0, 0x8f, 0xff, 0xff, 0xff, 0xff,
    0xff, 0xf0, 0x9f, 0xff, 0x0, 0x0, 0x0, 0x0,
    0x8f, 0xff, 0xff, 0xff, 0xff, 0xff, 0xf0, 0x8f,
    0xff, 0x10, 0x0, 0x0, 0x0, 0x8f, 0xff, 0xff,
    0xff, 0xff, 0xff, 0xf0, 0x7f, 0xff, 0x30, 0x0,
    0x0, 0x0, 0x8f, 0xff, 0x20, 0x0, 0x0, 0x0,
    0x0, 0x4f, 0xff, 0x60, 0x0, 0x0, 0x0, 0x8f,
    0xff, 0x20, 0x0, 0x0, 0x0, 0x0, 0xf, 0xff,
    0xc0, 0x0, 0x0, 0x0, 0x8f, 0xff, 0x20, 0x0,
    0x0, 0x0, 0x0, 0xa, 0xff, 0xf5, 0x0, 0x0,
    0x0, 0x8f, 0xff, 0x20, 0x0, 0x0, 0x0, 0x0,
    0x2, 0xff, 0xff, 0x40, 0x0, 0x0, 0x8f, 0xff,
    0x20, 0x0, 0x0, 0x0, 0x0, 0x0, 0x7f, 0xff,
    0xfa, 0x53, 0x22, 0x9f, 0xff, 0x42, 0x22, 0x22,
    0x22, 0x22, 0x0, 0x9, 0xff, 0xff, 0xff, 0xff,
    0xff, 0xff, 0xff, 0xff, 0xff, 0xff, 0xfc, 0x0,
    0x0, 0x6e, 0xff, 0xff, 0xff, 0xff, 0xff, 0xff,
    0xff, 0xff, 0xff, 0xfc, 0x0, 0x0, 0x0, 0x6b,
    0xef, 0xff, 0xff, 0xff, 0xff, 0xff, 0xff, 0xff,
    0xfc,

    /* U+0153 "œ" */
    0x0, 0x0, 0x5b, 0xef, 0xeb, 0x50, 0x0, 0x5,
    0xbe, 0xfe, 0xb6, 0x0, 0x0, 0x0, 0x2d, 0xff,
    0xff, 0xff, 0xfd, 0x20, 0xbf, 0xff, 0xff, 0xff,
    0xd2, 0x0, 0x1, 0xef, 0xff, 0xff, 0xff, 0xff,
    0xfe, 0xff, 0xff, 0xff, 0xff, 0xfe, 0x10, 0xa,
    0xff, 0xfa, 0x20, 0x2a, 0xff, 0xff, 0xff, 0xa2,
    0x1, 0x8f, 0xff, 0xa0, 0x2f, 0xff, 0xb0, 0x0,
    0x0, 0xbf, 0xff, 0xfb, 0x0, 0x0, 0x8, 0xff,
    0xf1, 0x7f, 0xff, 0x30, 0x0, 0x0, 0x3f, 0xff,
    0xf3, 0x0, 0x0, 0x1, 0xff, 0xf6, 0xaf, 0xff,
    0x0, 0x0, 0x0, 0xf, 0xff, 0xf8, 0x88, 0x88,
    0x88, 0xff, 0xf8, 0xbf, 0xfe, 0x0, 0x0, 0x0,
    0xf, 0xff, 0xff, 0xff, 0xff, 0xff, 0xff, 0xf9,
    0xbf, 0xfe, 0x0, 0x0, 0x0, 0xf, 0xff, 0xff,
    0xff, 0xff, 0xff, 0xff, 0xf9, 0xaf, 0xff, 0x0,
    0x0, 0x0, 0xf, 0xff, 0xf0, 0x0, 0x0, 0x0,
    0x0, 0x0, 0x7f, 0xff, 0x40, 0x0, 0x0, 0x3f,
    0xff, 0xf3, 0x0, 0x0, 0x0, 0x0, 0x0, 0x2f,
    0xff, 0xb0, 0x0, 0x0, 0xbf, 0xff, 0xfb, 0x0,
    0x0, 0x2, 0xc9, 0x51, 0xa, 0xff, 0xfa, 0x20,
    0x2a, 0xff, 0xff, 0xff, 0xb3, 0x0, 0x4d, 0xff,
    0xf1, 0x1, 0xef, 0xff, 0xff, 0xff, 0xff, 0xfe,
    0xff, 0xff, 0xff, 0xff, 0xff, 0x80, 0x0, 0x2d,
    0xff, 0xff, 0xff, 0xfd, 0x20, 0xbf, 0xff, 0xff,
    0xff, 0xf8, 0x0, 0x0, 0x0, 0x5b, 0xef, 0xeb,
    0x60, 0x0, 0x4, 0xad, 0xff, 0xd9, 0x30, 0x0,

    /* U+0154 "Ŕ" */
    0x0, 0x0, 0x0, 0x2, 0x55, 0x40, 0x0, 0x0,
    0x0, 0x0, 0x0, 0xc, 0xff, 0x70, 0x0, 0x0,
    0x0, 0x0, 0x0, 0x3f, 0xfd, 0x0, 0x0, 0x0,
    0x0, 0x0, 0x0, 0xaf, 0xf3, 0x0, 0x0, 0x0,
    0x0, 0x0, 0x1, 0xff, 0x90, 0x0, 0x0, 0x0,
    0x0, 0x0, 0x0, 0x0, 0x0, 0x0, 0x0, 0x0,
    0x0, 0x0, 0x0, 0x0, 0x0, 0x0, 0x0, 0x0,
    0xff, 0xff, 0xff, 0xff, 0xfd, 0x93, 0x0, 0x0,
    0xff, 0xff, 0xff, 0xff, 0xff, 0xff, 0x90, 0x0,
    0xff, 0xff, 0xff, 0xff, 0xff, 0xff, 0xf8, 0x0,
    0xff, 0xfb, 0x22, 0x22, 0x4a, 0xff, 0xff, 0x20,
    0xff, 0xfb, 0x0, 0x0, 0x0, 0x9f, 0xff, 0x80,
    0xff, 0xfb, 0x0, 0x0, 0x0, 0x1f, 0xff, 0xb0,
    0xff, 0xfb, 0x0, 0x0, 0x0, 0xe, 0xff, 0xd0,
    0xff, 0xfb, 0x0, 0x0, 0x0, 0xf, 0xff, 0xb0,
    0xff, 0xfb, 0x0, 0x0, 0x0, 0x6f, 0xff, 0x90,
    0xff, 0xfb, 0x0, 0x0, 0x27, 0xff, 0xff, 0x30,
    0xff, 0xff, 0xff, 0xff, 0xff, 0xff, 0xfa, 0x0,
    0xff, 0xff, 0xff, 0xff, 0xff, 0xff, 0xb0, 0x0,
    0xff, 0xff, 0xff, 0xff, 0xff, 0xf7, 0x0, 0x0,
    0xff, 0xfb, 0x11, 0x15, 0xff, 0xfb, 0x0, 0x0,
    0xff, 0xfb, 0x0, 0x0, 0xcf, 0xff, 0x30, 0x0,
    0xff, 0xfb, 0x0, 0x0, 0x4f, 0xff, 0xc0, 0x0,
    0xff, 0xfb, 0x0, 0x0, 0xc, 0xff, 0xf4, 0x0,
    0xff, 0xfb, 0x0, 0x0, 0x4, 0xff, 0xfc, 0x0,
    0xff, 0xfb, 0x0, 0x0, 0x0, 0xcf, 0xff, 0x40,
    0xff, 0xfb, 0x0, 0x0, 0x0, 0x3f, 0xff, 0xc0,
    0xff, 0xfb, 0x0, 0x0, 0x0, 0xb, 0xff, 0xf5,

    /* U+0155 "ŕ" */
    0x0, 0x0, 0x9, 0xff, 0xc0, 0x0, 0x0, 0xf,
    0xff, 0x20, 0x0, 0x0, 0x7f, 0xf8, 0x0, 0x0,
    0x0, 0xdf, 0xd0, 0x0, 0x0, 0x0, 0x55, 0x20,
    0x0, 0x0, 0x0, 0x0, 0x0, 0x0, 0x1f, 0xff,
    0x51, 0x9e, 0xf9, 0x1f, 0xff, 0x5d, 0xff, 0xf9,
    0x1f, 0xff, 0xcf, 0xff, 0xf9, 0x1f, 0xff, 0xfe,
    0x62, 0x11, 0x1f, 0xff, 0xf2, 0x0, 0x0, 0x1f,
    0xff, 0xa0, 0x0, 0x0, 0x1f, 0xff, 0x70, 0x0,
    0x0, 0x1f, 0xff, 0x70, 0x0, 0x0, 0x1f, 0xff,
    0x70, 0x0, 0x0, 0x1f, 0xff, 0x70, 0x0, 0x0,
    0x1f, 0xff, 0x70, 0x0, 0x0, 0x1f, 0xff, 0x70,
    0x0, 0x0, 0x1f, 0xff, 0x70, 0x0, 0x0, 0x1f,
    0xff, 0x70, 0x0, 0x0, 0x1f, 0xff, 0x70, 0x0,
    0x0, 0x1f, 0xff, 0x70, 0x0, 0x0,

    /* U+0156 "Ŗ" */
    0xff, 0xff, 0xff, 0xff, 0xfd, 0x93, 0x0, 0x0,
    0xff, 0xff, 0xff, 0xff, 0xff, 0xff, 0x90, 0x0,
    0xff, 0xff, 0xff, 0xff, 0xff, 0xff, 0xf8, 0x0,
    0xff, 0xfb, 0x22, 0x22, 0x4a, 0xff, 0xff, 0x20,
    0xff, 0xfb, 0x0, 0x0, 0x0, 0x9f, 0xff, 0x80,
    0xff, 0xfb, 0x0, 0x0, 0x0, 0x1f, 0xff, 0xb0,
    0xff, 0xfb, 0x0, 0x0, 0x0, 0xe, 0xff, 0xd0,
    0xff, 0xfb, 0x0, 0x0, 0x0, 0xf, 0xff, 0xb0,
    0xff, 0xfb, 0x0, 0x0, 0x0, 0x6f, 0xff, 0x90,
    0xff, 0xfb, 0x0, 0x0, 0x27, 0xff, 0xff, 0x30,
    0xff, 0xff, 0xff, 0xff, 0xff, 0xff, 0xfa, 0x0,
    0xff, 0xff, 0xff, 0xff, 0xff, 0xff, 0xb0, 0x0,
    0xff, 0xff, 0xff, 0xff, 0xff, 0xf7, 0x0, 0x0,
    0xff, 0xfb, 0x11, 0x15, 0xff, 0xfb, 0x0, 0x0,
    0xff, 0xfb, 0x0, 0x0, 0xcf, 0xff, 0x30, 0x0,
    0xff, 0xfb, 0x0, 0x0, 0x4f, 0xff, 0xc0, 0x0,
    0xff, 0xfb, 0x0, 0x0, 0xc, 0xff, 0xf4, 0x0,
    0xff, 0xfb, 0x0, 0x0, 0x4, 0xff, 0xfc, 0x0,
    0xff, 0xfb, 0x0, 0x0, 0x0, 0xcf, 0xff, 0x40,
    0xff, 0xfb, 0x0, 0x0, 0x0, 0x3f, 0xff, 0xc0,
    0xff, 0xfb, 0x0, 0x0, 0x0, 0xb, 0xff, 0xf5,
    0x0, 0x0, 0x0, 0x0, 0x0, 0x0, 0x0, 0x0,
    0x0, 0x0, 0x0, 0x22, 0x20, 0x0, 0x0, 0x0,
    0x0, 0x0, 0x7, 0xff, 0xc0, 0x0, 0x0, 0x0,
    0x0, 0x0, 0xb, 0xff, 0x60, 0x0, 0x0, 0x0,
    0x0, 0x0, 0xe, 0xff, 0x0, 0x0, 0x0, 0x0,
    0x0, 0x0, 0x2f, 0xf9, 0x0, 0x0, 0x0, 0x0,
    0x0, 0x0, 0x6f, 0xf3, 0x0, 0x0, 0x0, 0x0,

    /* U+0157 "ŗ" */
    0x0, 0x0, 0x0, 0x0, 0x0, 0x0, 0x1f, 0xff,
    0x51, 0x9e, 0xf9, 0x1, 0xff, 0xf5, 0xdf, 0xff,
    0x90, 0x1f, 0xff, 0xcf, 0xff, 0xf9, 0x1, 0xff,
    0xff, 0xe6, 0x21, 0x10, 0x1f, 0xff, 0xf2, 0x0,
    0x0, 0x1, 0xff, 0xfa, 0x0, 0x0, 0x0, 0x1f,
    0xff, 0x70, 0x0, 0x0, 0x1, 0xff, 0xf7, 0x0,
    0x0, 0x0, 0x1f, 0xff, 0x70, 0x0, 0x0, 0x1,
    0xff, 0xf7, 0x0, 0x0, 0x0, 0x1f, 0xff, 0x70,
    0x0, 0x0, 0x1, 0xff, 0xf7, 0x0, 0x0, 0x0,
    0x1f, 0xff, 0x70, 0x0, 0x0, 0x1, 0xff, 0xf7,
    0x0, 0x0, 0x0, 0x1f, 0xff, 0x70, 0x0, 0x0,
    0x1, 0xff, 0xf7, 0x0, 0x0, 0x0, 0x0, 0x0,
    0x0, 0x0, 0x0, 0x0, 0x22, 0x20, 0x0, 0x0,
    0x0, 0x2f, 0xff, 0x10, 0x0, 0x0, 0x6, 0xff,
    0xb0, 0x0, 0x0, 0x0, 0xaf, 0xf5, 0x0, 0x0,
    0x0, 0xd, 0xfe, 0x0, 0x0, 0x0, 0x1, 0xff,
    0x80, 0x0, 0x0, 0x0,

    /* U+0158 "Ř" */
    0x0, 0x78, 0x81, 0x0, 0x18, 0x87, 0x0, 0x0,
    0x0, 0x4f, 0xfc, 0x0, 0xcf, 0xf6, 0x0, 0x0,
    0x0, 0x7, 0xff, 0x88, 0xff, 0x90, 0x0, 0x0,
    0x0, 0x0, 0xaf, 0xff, 0xfb, 0x0, 0x0, 0x0,
    0x0, 0x0, 0xc, 0xff, 0xd0, 0x0, 0x0, 0x0,
    0x0, 0x0, 0x0, 0x0, 0x0, 0x0, 0x0, 0x0,
    0x0, 0x0, 0x0, 0x0, 0x0, 0x0, 0x0, 0x0,
    0xff, 0xff, 0xff, 0xff, 0xfd, 0x93, 0x0, 0x0,
    0xff, 0xff, 0xff, 0xff, 0xff, 0xff, 0x90, 0x0,
    0xff, 0xff, 0xff, 0xff, 0xff, 0xff, 0xf8, 0x0,
    0xff, 0xfb, 0x22, 0x22, 0x4a, 0xff, 0xff, 0x20,
    0xff, 0xfb, 0x0, 0x0, 0x0, 0x9f, 0xff, 0x80,
    0xff, 0xfb, 0x0, 0x0, 0x0, 0x1f, 0xff, 0xb0,
    0xff, 0xfb, 0x0, 0x0, 0x0, 0xe, 0xff, 0xd0,
    0xff, 0xfb, 0x0, 0x0, 0x0, 0xf, 0xff, 0xb0,
    0xff, 0xfb, 0x0, 0x0, 0x0, 0x6f, 0xff, 0x90,
    0xff, 0xfb, 0x0, 0x0, 0x27, 0xff, 0xff, 0x30,
    0xff, 0xff, 0xff, 0xff, 0xff, 0xff, 0xfa, 0x0,
    0xff, 0xff, 0xff, 0xff, 0xff, 0xff, 0xb0, 0x0,
    0xff, 0xff, 0xff, 0xff, 0xff, 0xf7, 0x0, 0x0,
    0xff, 0xfb, 0x11, 0x15, 0xff, 0xfb, 0x0, 0x0,
    0xff, 0xfb, 0x0, 0x0, 0xcf, 0xff, 0x30, 0x0,
    0xff, 0xfb, 0x0, 0x0, 0x4f, 0xff, 0xc0, 0x0,
    0xff, 0xfb, 0x0, 0x0, 0xc, 0xff, 0xf4, 0x0,
    0xff, 0xfb, 0x0, 0x0, 0x4, 0xff, 0xfc, 0x0,
    0xff, 0xfb, 0x0, 0x0, 0x0, 0xcf, 0xff, 0x40,
    0xff, 0xfb, 0x0, 0x0, 0x0, 0x3f, 0xff, 0xc0,
    0xff, 0xfb, 0x0, 0x0, 0x0, 0xb, 0xff, 0xf5,

    /* U+0159 "ř" */
    0x9, 0xff, 0x90, 0x5, 0xff, 0xc0, 0x0, 0xaf,
    0xf6, 0x3f, 0xfd, 0x10, 0x0, 0xb, 0xff, 0xef,
    0xd1, 0x0, 0x0, 0x0, 0xcf, 0xfe, 0x20, 0x0,
    0x0, 0x0, 0x0, 0x0, 0x0, 0x0, 0x0, 0x0,
    0x0, 0x0, 0x0, 0x0, 0x1, 0xff, 0xf5, 0x19,
    0xef, 0x90, 0x1, 0xff, 0xf5, 0xdf, 0xff, 0x90,
    0x1, 0xff, 0xfc, 0xff, 0xff, 0x90, 0x1, 0xff,
    0xff, 0xe6, 0x21, 0x10, 0x1, 0xff, 0xff, 0x20,
    0x0, 0x0, 0x1, 0xff, 0xfa, 0x0, 0x0, 0x0,
    0x1, 0xff, 0xf7, 0x0, 0x0, 0x0, 0x1, 0xff,
    0xf7, 0x0, 0x0, 0x0, 0x1, 0xff, 0xf7, 0x0,
    0x0, 0x0, 0x1, 0xff, 0xf7, 0x0, 0x0, 0x0,
    0x1, 0xff, 0xf7, 0x0, 0x0, 0x0, 0x1, 0xff,
    0xf7, 0x0, 0x0, 0x0, 0x1, 0xff, 0xf7, 0x0,
    0x0, 0x0, 0x1, 0xff, 0xf7, 0x0, 0x0, 0x0,
    0x1, 0xff, 0xf7, 0x0, 0x0, 0x0, 0x1, 0xff,
    0xf7, 0x0, 0x0, 0x0,

    /* U+015A "Ś" */
    0x0, 0x0, 0x0, 0x0, 0x8f, 0xfc, 0x0, 0x0,
    0x0, 0x0, 0x0, 0x0, 0xff, 0xf2, 0x0, 0x0,
    0x0, 0x0, 0x0, 0x6, 0xff, 0x80, 0x0, 0x0,
    0x0, 0x0, 0x0, 0xd, 0xfd, 0x0, 0x0, 0x0,
    0x0, 0x0, 0x0, 0x5, 0x52, 0x0, 0x0, 0x0,
    0x0, 0x0, 0x0, 0x0, 0x0, 0x0, 0x0, 0x0,
    0x0, 0x0, 0x0, 0x0, 0x0, 0x0, 0x0, 0x0,
    0x0, 0x0, 0x39, 0xde, 0xfe, 0xb6, 0x10, 0x0,
    0x0, 0x1a, 0xff, 0xff, 0xff, 0xff, 0xe5, 0x0,
    0x0, 0xcf, 0xff, 0xff, 0xff, 0xff, 0xff, 0x50,
    0x8, 0xff, 0xfe, 0x84, 0x35, 0xbf, 0xff, 0xe0,
    0xe, 0xff, 0xe2, 0x0, 0x0, 0x8, 0xff, 0xf6,
    0x1f, 0xff, 0xa0, 0x0, 0x0, 0x0, 0xee, 0xe8,
    0x1f, 0xff, 0xa0, 0x0, 0x0, 0x0, 0x0, 0x0,
    0xe, 0xff, 0xf6, 0x0, 0x0, 0x0, 0x0, 0x0,
    0x7, 0xff, 0xff, 0xd8, 0x30, 0x0, 0x0, 0x0,
    0x0, 0xaf, 0xff, 0xff, 0xff, 0xa5, 0x0, 0x0,
    0x0, 0x5, 0xdf, 0xff, 0xff, 0xff, 0xe5, 0x0,
    0x0, 0x0, 0x3, 0x7b, 0xff, 0xff, 0xff, 0x70,
    0x0, 0x0, 0x0, 0x0, 0x5, 0xbf, 0xff, 0xf3,
    0x0, 0x0, 0x0, 0x0, 0x0, 0x4, 0xff, 0xfa,
    0x46, 0x65, 0x0, 0x0, 0x0, 0x0, 0xcf, 0xfd,
    0x9f, 0xff, 0x10, 0x0, 0x0, 0x0, 0xdf, 0xfd,
    0x5f, 0xff, 0xa0, 0x0, 0x0, 0x6, 0xff, 0xfa,
    0xe, 0xff, 0xfd, 0x74, 0x46, 0xbf, 0xff, 0xf4,
    0x4, 0xff, 0xff, 0xff, 0xff, 0xff, 0xff, 0xa0,
    0x0, 0x4e, 0xff, 0xff, 0xff, 0xff, 0xf8, 0x0,
    0x0, 0x0, 0x6b, 0xef, 0xfe, 0xc8, 0x20, 0x0,

    /* U+015B "ś" */
    0x0, 0x0, 0x0, 0x3, 0x55, 0x30, 0x0, 0x0,
    0x0, 0x0, 0x1f, 0xff, 0x30, 0x0, 0x0, 0x0,
    0x0, 0x7f, 0xf9, 0x0, 0x0, 0x0, 0x0, 0x0,
    0xef, 0xe1, 0x0, 0x0, 0x0, 0x0, 0x5, 0xff,
    0x50, 0x0, 0x0, 0x0, 0x0, 0x0, 0x0, 0x0,
    0x0, 0x0, 0x0, 0x0, 0x0, 0x0, 0x0, 0x0,
    0x0, 0x0, 0x5, 0xbe, 0xff, 0xd9, 0x20, 0x0,
    0x1, 0xcf, 0xff, 0xff, 0xff, 0xf5, 0x0, 0xb,
    0xff, 0xff, 0xcd, 0xff, 0xff, 0x30, 0x2f, 0xff,
    0xa0, 0x0, 0x3e, 0xff, 0xa0, 0x5f, 0xff, 0x30,
    0x0, 0x4, 0x84, 0x10, 0x4f, 0xff, 0x90, 0x0,
    0x0, 0x0, 0x0, 0xe, 0xff, 0xfe, 0xa6, 0x30,
    0x0, 0x0, 0x4, 0xff, 0xff, 0xff, 0xff, 0xa2,
    0x0, 0x0, 0x19, 0xef, 0xff, 0xff, 0xff, 0x40,
    0x0, 0x0, 0x2, 0x59, 0xef, 0xff, 0xe0, 0x0,
    0x0, 0x0, 0x0, 0xb, 0xff, 0xf2, 0x6a, 0xdc,
    0x0, 0x0, 0x7, 0xff, 0xf2, 0x8f, 0xff, 0x80,
    0x0, 0x3e, 0xff, 0xe0, 0x1e, 0xff, 0xff, 0xde,
    0xff, 0xff, 0x60, 0x3, 0xef, 0xff, 0xff, 0xff,
    0xf7, 0x0, 0x0, 0x7, 0xce, 0xfe, 0xd8, 0x20,
    0x0,

    /* U+015C "Ŝ" */
    0x0, 0x0, 0x0, 0x48, 0x86, 0x0, 0x0, 0x0,
    0x0, 0x0, 0x4, 0xff, 0xff, 0x70, 0x0, 0x0,
    0x0, 0x0, 0x4f, 0xfc, 0xaf, 0xf6, 0x0, 0x0,
    0x0, 0x3, 0xff, 0xe1, 0xc, 0xff, 0x50, 0x0,
    0x0, 0x7, 0x88, 0x20, 0x1, 0x78, 0x70, 0x0,
    0x0, 0x0, 0x0, 0x0, 0x0, 0x0, 0x0, 0x0,
    0x0, 0x0, 0x0, 0x0, 0x0, 0x0, 0x0, 0x0,
    0x0, 0x0, 0x39, 0xde, 0xfe, 0xb6, 0x10, 0x0,
    0x0, 0x1a, 0xff, 0xff, 0xff, 0xff, 0xe5, 0x0,
    0x0, 0xcf, 0xff, 0xff, 0xff, 0xff, 0xff, 0x50,
    0x8, 0xff, 0xfe, 0x84, 0x35, 0xbf, 0xff, 0xe0,
    0xe, 0xff, 0xe2, 0x0, 0x0, 0x8, 0xff, 0xf6,
    0x1f, 0xff, 0xa0, 0x0, 0x0, 0x0, 0xee, 0xe8,
    0x1f, 0xff, 0xa0, 0x0, 0x0, 0x0, 0x0, 0x0,
    0xe, 0xff, 0xf6, 0x0, 0x0, 0x0, 0x0, 0x0,
    0x7, 0xff, 0xff, 0xd8, 0x30, 0x0, 0x0, 0x0,
    0x0, 0xaf, 0xff, 0xff, 0xff, 0xa5, 0x0, 0x0,
    0x0, 0x5, 0xdf, 0xff, 0xff, 0xff, 0xe5, 0x0,
    0x0, 0x0, 0x3, 0x7b, 0xff, 0xff, 0xff, 0x70,
    0x0, 0x0, 0x0, 0x0, 0x5, 0xbf, 0xff, 0xf3,
    0x0, 0x0, 0x0, 0x0, 0x0, 0x4, 0xff, 0xfa,
    0x46, 0x65, 0x0, 0x0, 0x0, 0x0, 0xcf, 0xfd,
    0x9f, 0xff, 0x10, 0x0, 0x0, 0x0, 0xdf, 0xfd,
    0x5f, 0xff, 0xa0, 0x0, 0x0, 0x6, 0xff, 0xfa,
    0xe, 0xff, 0xfd, 0x74, 0x46, 0xbf, 0xff, 0xf4,
    0x4, 0xff, 0xff, 0xff, 0xff, 0xff, 0xff, 0xa0,
    0x0, 0x4e, 0xff, 0xff, 0xff, 0xff, 0xf8, 0x0,
    0x0, 0x0, 0x6b, 0xef, 0xfe, 0xc8, 0x20, 0x0,

    /* U+015D "ŝ" */
    0x0, 0x0, 0x7, 0x88, 0x30, 0x0, 0x0, 0x0,
    0x0, 0x9f, 0xff, 0xf3, 0x0, 0x0, 0x0, 0x8,
    0xff, 0x8d, 0xfe, 0x20, 0x0, 0x0, 0x8f, 0xfa,
    0x2, 0xff, 0xe1, 0x0, 0x1, 0x78, 0x70, 0x0,
    0x38, 0x85, 0x0, 0x0, 0x0, 0x0, 0x0, 0x0,
    0x0, 0x0, 0x0, 0x0, 0x0, 0x0, 0x0, 0x0,
    0x0, 0x0, 0x5, 0xbe, 0xff, 0xd9, 0x20, 0x0,
    0x1, 0xcf, 0xff, 0xff, 0xff, 0xf5, 0x0, 0xb,
    0xff, 0xff, 0xcd, 0xff, 0xff, 0x30, 0x2f, 0xff,
    0xa0, 0x0, 0x3e, 0xff, 0xa0, 0x5f, 0xff, 0x30,
    0x0, 0x4, 0x84, 0x10, 0x4f, 0xff, 0x90, 0x0,
    0x0, 0x0, 0x0, 0xe, 0xff, 0xfe, 0xa6, 0x30,
    0x0, 0x0, 0x4, 0xff, 0xff, 0xff, 0xff, 0xa2,
    0x0, 0x0, 0x19, 0xef, 0xff, 0xff, 0xff, 0x40,
    0x0, 0x0, 0x2, 0x59, 0xef, 0xff, 0xe0, 0x0,
    0x0, 0x0, 0x0, 0xb, 0xff, 0xf2, 0x6a, 0xdc,
    0x0, 0x0, 0x7, 0xff, 0xf2, 0x8f, 0xff, 0x80,
    0x0, 0x3e, 0xff, 0xe0, 0x1e, 0xff, 0xff, 0xde,
    0xff, 0xff, 0x60, 0x3, 0xef, 0xff, 0xff, 0xff,
    0xf7, 0x0, 0x0, 0x7, 0xce, 0xfe, 0xd8, 0x20,
    0x0,

    /* U+015E "Ş" */
    0x0, 0x0, 0x39, 0xde, 0xfe, 0xb6, 0x10, 0x0,
    0x0, 0x1a, 0xff, 0xff, 0xff, 0xff, 0xe5, 0x0,
    0x0, 0xcf, 0xff, 0xff, 0xff, 0xff, 0xff, 0x50,
    0x8, 0xff, 0xfe, 0x84, 0x35, 0xbf, 0xff, 0xe0,
    0xe, 0xff, 0xe2, 0x0, 0x0, 0x8, 0xff, 0xf6,
    0x1f, 0xff, 0xa0, 0x0, 0x0, 0x0, 0xee, 0xe8,
    0x1f, 0xff, 0xa0, 0x0, 0x0, 0x0, 0x0, 0x0,
    0xe, 0xff, 0xf6, 0x0, 0x0, 0x0, 0x0, 0x0,
    0x7, 0xff, 0xff, 0xd8, 0x30, 0x0, 0x0, 0x0,
    0x0, 0xaf, 0xff, 0xff, 0xff, 0xa5, 0x0, 0x0,
    0x0, 0x5, 0xdf, 0xff, 0xff, 0xff, 0xe5, 0x0,
    0x0, 0x0, 0x3, 0x7b, 0xff, 0xff, 0xff, 0x70,
    0x0, 0x0, 0x0, 0x0, 0x5, 0xbf, 0xff, 0xf3,
    0x0, 0x0, 0x0, 0x0, 0x0, 0x4, 0xff, 0xfa,
    0x46, 0x65, 0x0, 0x0, 0x0, 0x0, 0xcf, 0xfd,
    0x9f, 0xff, 0x10, 0x0, 0x0, 0x0, 0xdf, 0xfd,
    0x5f, 0xff, 0xa0, 0x0, 0x0, 0x6, 0xff, 0xfa,
    0xe, 0xff, 0xfd, 0x74, 0x46, 0xbf, 0xff, 0xf4,
    0x4, 0xff, 0xff, 0xff, 0xff, 0xff, 0xff, 0xa0,
    0x0, 0x4e, 0xff, 0xff, 0xff, 0xff, 0xf8, 0x0,
    0x0, 0x0, 0x6b, 0xef, 0xfe, 0xc8, 0x20, 0x0,
    0x0, 0x0, 0x0, 0xc, 0xe0, 0x0, 0x0, 0x0,
    0x0, 0x0, 0x0, 0xe, 0xfe, 0x90, 0x0, 0x0,
    0x0, 0x0, 0x0, 0x6, 0x7e, 0xf5, 0x0, 0x0,
    0x0, 0x0, 0x0, 0x0, 0xa, 0xf7, 0x0, 0x0,
    0x0, 0x0, 0x0, 0x59, 0xaf, 0xf4, 0x0, 0x0,
    0x0, 0x0, 0x0, 0x8f, 0xfd, 0x70, 0x0, 0x0,

    /* U+015F "ş" */
    0x0, 0x5, 0xbe, 0xff, 0xd9, 0x20, 0x0, 0x1,
    0xcf, 0xff, 0xff, 0xff, 0xf5, 0x0, 0xb, 0xff,
    0xff, 0xcd, 0xff, 0xff, 0x30, 0x2f, 0xff, 0xa0,
    0x0, 0x3e, 0xff, 0xa0, 0x5f, 0xff, 0x30, 0x0,
    0x4, 0x84, 0x10, 0x4f, 0xff, 0x90, 0x0, 0x0,
    0x0, 0x0, 0xe, 0xff, 0xfe, 0xa6, 0x30, 0x0,
    0x0, 0x4, 0xff, 0xff, 0xff, 0xff, 0xa2, 0x0,
    0x0, 0x19, 0xef, 0xff, 0xff, 0xff, 0x40, 0x0,
    0x0, 0x2, 0x59, 0xef, 0xff, 0xe0, 0x0, 0x0,
    0x0, 0x0, 0xb, 0xff, 0xf2, 0x6a, 0xdc, 0x0,
    0x0, 0x7, 0xff, 0xf2, 0x8f, 0xff, 0x80, 0x0,
    0x3e, 0xff, 0xe0, 0x1e, 0xff, 0xff, 0xde, 0xff,
    0xff, 0x60, 0x3, 0xef, 0xff, 0xff, 0xff, 0xf7,
    0x0, 0x0, 0x7, 0xce, 0xff, 0xd8, 0x20, 0x0,
    0x0, 0x0, 0x1, 0xf8, 0x0, 0x0, 0x0, 0x0,
    0x0, 0x4, 0xff, 0xd5, 0x0, 0x0, 0x0, 0x0,
    0x2, 0x69, 0xff, 0x0, 0x0, 0x0, 0x0, 0x0,
    0x0, 0xff, 0x20, 0x0, 0x0, 0x0, 0x8, 0x9c,
    0xfe, 0x0, 0x0, 0x0, 0x0, 0xe, 0xff, 0xc4,
    0x0, 0x0,

    /* U+0160 "Š" */
    0x0, 0xa, 0xff, 0x80, 0x4, 0xff, 0xe1, 0x0,
    0x0, 0x0, 0xdf, 0xf3, 0x1e, 0xff, 0x30, 0x0,
    0x0, 0x0, 0x2f, 0xfd, 0xbf, 0xf5, 0x0, 0x0,
    0x0, 0x0, 0x5, 0xff, 0xff, 0x90, 0x0, 0x0,
    0x0, 0x0, 0x0, 0x8c, 0xca, 0x0, 0x0, 0x0,
    0x0, 0x0, 0x0, 0x0, 0x0, 0x0, 0x0, 0x0,
    0x0, 0x0, 0x0, 0x0, 0x0, 0x0, 0x0, 0x0,
    0x0, 0x0, 0x39, 0xde, 0xfe, 0xc8, 0x20, 0x0,
    0x0, 0x1a, 0xff, 0xff, 0xff, 0xff, 0xf8, 0x0,
    0x0, 0xcf, 0xff, 0xff, 0xff, 0xff, 0xff, 0x90,
    0x8, 0xff, 0xfe, 0x84, 0x35, 0x9f, 0xff, 0xf3,
    0xe, 0xff, 0xe2, 0x0, 0x0, 0x3, 0xff, 0xf8,
    0x1f, 0xff, 0xa0, 0x0, 0x0, 0x0, 0x11, 0x11,
    0x1f, 0xff, 0xa0, 0x0, 0x0, 0x0, 0x0, 0x0,
    0xe, 0xff, 0xf6, 0x0, 0x0, 0x0, 0x0, 0x0,
    0x7, 0xff, 0xff, 0xd8, 0x30, 0x0, 0x0, 0x0,
    0x0, 0xaf, 0xff, 0xff, 0xff, 0xa5, 0x0, 0x0,
    0x0, 0x5, 0xdf, 0xff, 0xff, 0xff, 0xe5, 0x0,
    0x0, 0x0, 0x3, 0x7b, 0xff, 0xff, 0xff, 0x70,
    0x0, 0x0, 0x0, 0x0, 0x5, 0xbf, 0xff, 0xf3,
    0x0, 0x0, 0x0, 0x0, 0x0, 0x4, 0xff, 0xfa,
    0x69, 0x98, 0x0, 0x0, 0x0, 0x0, 0xcf, 0xfd,
    0x9f, 0xff, 0x20, 0x0, 0x0, 0x0, 0xdf, 0xfd,
    0x5f, 0xff, 0xb0, 0x0, 0x0, 0x6, 0xff, 0xfa,
    0xd, 0xff, 0xfe, 0x74, 0x46, 0xbf, 0xff, 0xf4,
    0x3, 0xff, 0xff, 0xff, 0xff, 0xff, 0xff, 0xa0,
    0x0, 0x3d, 0xff, 0xff, 0xff, 0xff, 0xf8, 0x0,
    0x0, 0x0, 0x5a, 0xdf, 0xfe, 0xc8, 0x20, 0x0,

    /* U+0161 "š" */
    0x1, 0x78, 0x70, 0x0, 0x38, 0x86, 0x0, 0x0,
    0x6f, 0xfa, 0x2, 0xff, 0xe2, 0x0, 0x0, 0x8,
    0xff, 0x8d, 0xfe, 0x30, 0x0, 0x0, 0x0, 0x9f,
    0xff, 0xf3, 0x0, 0x0, 0x0, 0x0, 0x6, 0x88,
    0x30, 0x0, 0x0, 0x0, 0x0, 0x0, 0x0, 0x0,
    0x0, 0x0, 0x0, 0x0, 0x0, 0x0, 0x0, 0x0,
    0x0, 0x0, 0x5, 0xbe, 0xff, 0xd9, 0x20, 0x0,
    0x1, 0xcf, 0xff, 0xff, 0xff, 0xf5, 0x0, 0xb,
    0xff, 0xff, 0xcd, 0xff, 0xff, 0x30, 0x2f, 0xff,
    0xa0, 0x0, 0x3e, 0xff, 0xa0, 0x5f, 0xff, 0x30,
    0x0, 0x4, 0x84, 0x10, 0x4f, 0xff, 0x90, 0x0,
    0x0, 0x0, 0x0, 0xe, 0xff, 0xfe, 0xa6, 0x30,
    0x0, 0x0, 0x4, 0xff, 0xff, 0xff, 0xff, 0xa2,
    0x0, 0x0, 0x19, 0xef, 0xff, 0xff, 0xff, 0x40,
    0x0, 0x0, 0x2, 0x59, 0xef, 0xff, 0xe0, 0x0,
    0x0, 0x0, 0x0, 0xb, 0xff, 0xf2, 0x6a, 0xdc,
    0x0, 0x0, 0x7, 0xff, 0xf2, 0x8f, 0xff, 0x80,
    0x0, 0x3e, 0xff, 0xe0, 0x1e, 0xff, 0xff, 0xde,
    0xff, 0xff, 0x60, 0x3, 0xef, 0xff, 0xff, 0xff,
    0xf7, 0x0, 0x0, 0x7, 0xce, 0xfe, 0xd8, 0x20,
    0x0,

    /* U+0162 "Ţ" */
    0xdf, 0xff, 0xff, 0xff, 0xff, 0xff, 0xff, 0xff,
    0x5d, 0xff, 0xff, 0xff, 0xff, 0xff, 0xff, 0xff,
    0xf5, 0xdf, 0xff, 0xff, 0xff, 0xff, 0xff, 0xff,
    0xff, 0x52, 0x22, 0x22, 0x2a, 0xff, 0xf3, 0x22,
    0x22, 0x20, 0x0, 0x0, 0x0, 0x9f, 0xff, 0x10,
    0x0, 0x0, 0x0, 0x0, 0x0, 0x9, 0xff, 0xf1,
    0x0, 0x0, 0x0, 0x0, 0x0, 0x0, 0x9f, 0xff,
    0x10, 0x0, 0x0, 0x0, 0x0, 0x0, 0x9, 0xff,
    0xf1, 0x0, 0x0, 0x0, 0x0, 0x0, 0x0, 0x9f,
    0xff, 0x10, 0x0, 0x0, 0x0, 0x0, 0x0, 0x9,
    0xff, 0xf1, 0x0, 0x0, 0x0, 0x0, 0x0, 0x0,
    0x9f, 0xff, 0x10, 0x0, 0x0, 0x0, 0x0, 0x0,
    0x9, 0xff, 0xf1, 0x0, 0x0, 0x0, 0x0, 0x0,
    0x0, 0x9f, 0xff, 0x10, 0x0, 0x0, 0x0, 0x0,
    0x0, 0x9, 0xff, 0xf1, 0x0, 0x0, 0x0, 0x0,
    0x0, 0x0, 0x9f, 0xff, 0x10, 0x0, 0x0, 0x0,
    0x0, 0x0, 0x9, 0xff, 0xf1, 0x0, 0x0, 0x0,
    0x0, 0x0, 0x0, 0x9f, 0xff, 0x10, 0x0, 0x0,
    0x0, 0x0, 0x0, 0x9, 0xff, 0xf1, 0x0, 0x0,
    0x0, 0x0, 0x0, 0x0, 0x9f, 0xff, 0x10, 0x0,
    0x0, 0x0, 0x0, 0x0, 0x9, 0xff, 0xf1, 0x0,
    0x0, 0x0, 0x0, 0x0, 0x0, 0x9f, 0xff, 0x10,
    0x0, 0x0, 0x0, 0x0, 0x0, 0x0, 0x9f, 0x0,
    0x0, 0x0, 0x0, 0x0, 0x0, 0x0, 0xc, 0xfa,
    0x60, 0x0, 0x0, 0x0, 0x0, 0x0, 0x0, 0x89,
    0xef, 0x60, 0x0, 0x0, 0x0, 0x0, 0x0, 0x0,
    0x7, 0xf9, 0x0, 0x0, 0x0, 0x0, 0x0, 0x3,
    0x9a, 0xef, 0x70, 0x0, 0x0, 0x0, 0x0, 0x0,
    0x6f, 0xfe, 0x90, 0x0, 0x0, 0x0,

    /* U+0163 "ţ" */
    0x0, 0x48, 0x88, 0x0, 0x0, 0x0, 0x8f, 0xff,
    0x0, 0x0, 0x0, 0x8f, 0xff, 0x0, 0x0, 0x0,
    0x8f, 0xff, 0x0, 0x0, 0xbf, 0xff, 0xff, 0xff,
    0xf0, 0xbf, 0xff, 0xff, 0xff, 0xf0, 0xae, 0xff,
    0xff, 0xee, 0xd0, 0x0, 0x8f, 0xff, 0x0, 0x0,
    0x0, 0x8f, 0xff, 0x0, 0x0, 0x0, 0x8f, 0xff,
    0x0, 0x0, 0x0, 0x8f, 0xff, 0x0, 0x0, 0x0,
    0x8f, 0xff, 0x0, 0x0, 0x0, 0x8f, 0xff, 0x0,
    0x0, 0x0, 0x8f, 0xff, 0x0, 0x0, 0x0, 0x8f,
    0xff, 0x0, 0x0, 0x0, 0x8f, 0xff, 0x0, 0x0,
    0x0, 0x7f, 0xff, 0x60, 0x10, 0x0, 0x3f, 0xff,
    0xff, 0xf0, 0x0, 0xa, 0xff, 0xff, 0xf2, 0x0,
    0x0, 0x7f, 0xff, 0xd3, 0x0, 0x0, 0xb, 0xf0,
    0x0, 0x0, 0x0, 0xd, 0xfd, 0x80, 0x0, 0x0,
    0x7, 0x8e, 0xf6, 0x0, 0x0, 0x0, 0x8, 0xf8,
    0x0, 0x0, 0x49, 0xaf, 0xf5, 0x0, 0x0, 0x7f,
    0xfe, 0x80,

    /* U+0164 "Ť" */
    0x0, 0x5, 0x88, 0x30, 0x0, 0x78, 0x82, 0x0,
    0x0, 0x0, 0x2e, 0xfe, 0x10, 0x8f, 0xfa, 0x0,
    0x0, 0x0, 0x0, 0x4f, 0xfc, 0x4f, 0xfc, 0x0,
    0x0, 0x0, 0x0, 0x0, 0x6f, 0xff, 0xfd, 0x10,
    0x0, 0x0, 0x0, 0x0, 0x0, 0x9f, 0xff, 0x20,
    0x0, 0x0, 0x0, 0x0, 0x0, 0x0, 0x0, 0x0,
    0x0, 0x0, 0x0, 0x0, 0x0, 0x0, 0x0, 0x0,
    0x0, 0x0, 0x0, 0xd, 0xff, 0xff, 0xff, 0xff,
    0xff, 0xff, 0xff, 0xf5, 0xdf, 0xff, 0xff, 0xff,
    0xff, 0xff, 0xff, 0xff, 0x5d, 0xff, 0xff, 0xff,
    0xff, 0xff, 0xff, 0xff, 0xf5, 0x22, 0x22, 0x22,
    0xaf, 0xff, 0x32, 0x22, 0x22, 0x0, 0x0, 0x0,
    0x9, 0xff, 0xf1, 0x0, 0x0, 0x0, 0x0, 0x0,
    0x0, 0x9f, 0xff, 0x10, 0x0, 0x0, 0x0, 0x0,
    0x0, 0x9, 0xff, 0xf1, 0x0, 0x0, 0x0, 0x0,
    0x0, 0x0, 0x9f, 0xff, 0x10, 0x0, 0x0, 0x0,
    0x0, 0x0, 0x9, 0xff, 0xf1, 0x0, 0x0, 0x0,
    0x0, 0x0, 0x0, 0x9f, 0xff, 0x10, 0x0, 0x0,
    0x0, 0x0, 0x0, 0x9, 0xff, 0xf1, 0x0, 0x0,
    0x0, 0x0, 0x0, 0x0, 0x9f, 0xff, 0x10, 0x0,
    0x0, 0x0, 0x0, 0x0, 0x9, 0xff, 0xf1, 0x0,
    0x0, 0x0, 0x0, 0x0, 0x0, 0x9f, 0xff, 0x10,
    0x0, 0x0, 0x0, 0x0, 0x0, 0x9, 0xff, 0xf1,
    0x0, 0x0, 0x0, 0x0, 0x0, 0x0, 0x9f, 0xff,
    0x10, 0x0, 0x0, 0x0, 0x0, 0x0, 0x9, 0xff,
    0xf1, 0x0, 0x0, 0x0, 0x0, 0x0, 0x0, 0x9f,
    0xff, 0x10, 0x0, 0x0, 0x0, 0x0, 0x0, 0x9,
    0xff, 0xf1, 0x0, 0x0, 0x0, 0x0, 0x0, 0x0,
    0x9f, 0xff, 0x10, 0x0, 0x0, 0x0, 0x0, 0x0,
    0x9, 0xff, 0xf1, 0x0, 0x0, 0x0,

    /* U+0165 "ť" */
    0x0, 0x0, 0x0, 0x2, 0x66, 0x30, 0x0, 0x0,
    0x0, 0x5f, 0xf7, 0x0, 0x0, 0x0, 0x5, 0xff,
    0x40, 0x0, 0x0, 0x0, 0x5f, 0xf2, 0x0, 0x7d,
    0xdd, 0x5, 0xff, 0x0, 0x8, 0xff, 0xf0, 0x5f,
    0xe0, 0x0, 0x8f, 0xff, 0x0, 0x0, 0x0, 0x8,
    0xff, 0xf0, 0x0, 0x0, 0xbf, 0xff, 0xff, 0xff,
    0xf0, 0xb, 0xff, 0xff, 0xff, 0xff, 0x0, 0xae,
    0xff, 0xff, 0xee, 0xd0, 0x0, 0x8, 0xff, 0xf0,
    0x0, 0x0, 0x0, 0x8f, 0xff, 0x0, 0x0, 0x0,
    0x8, 0xff, 0xf0, 0x0, 0x0, 0x0, 0x8f, 0xff,
    0x0, 0x0, 0x0, 0x8, 0xff, 0xf0, 0x0, 0x0,
    0x0, 0x8f, 0xff, 0x0, 0x0, 0x0, 0x8, 0xff,
    0xf0, 0x0, 0x0, 0x0, 0x8f, 0xff, 0x0, 0x0,
    0x0, 0x8, 0xff, 0xf0, 0x0, 0x0, 0x0, 0x7f,
    0xff, 0x60, 0x10, 0x0, 0x3, 0xff, 0xff, 0xff,
    0x0, 0x0, 0xa, 0xff, 0xff, 0xf2, 0x0, 0x0,
    0x7, 0xdf, 0xfd, 0x30,

    /* U+0166 "Ŧ" */
    0xdf, 0xff, 0xff, 0xff, 0xff, 0xff, 0xff, 0xff,
    0x5d, 0xff, 0xff, 0xff, 0xff, 0xff, 0xff, 0xff,
    0xf5, 0xdf, 0xff, 0xff, 0xff, 0xff, 0xff, 0xff,
    0xff, 0x52, 0x22, 0x22, 0x2a, 0xff, 0xf3, 0x22,
    0x22, 0x20, 0x0, 0x0, 0x0, 0x9f, 0xff, 0x10,
    0x0, 0x0, 0x0, 0x0, 0x0, 0x9, 0xff, 0xf1,
    0x0, 0x0, 0x0, 0x0, 0x0, 0x0, 0x9f, 0xff,
    0x10, 0x0, 0x0, 0x0, 0x0, 0x0, 0x9, 0xff,
    0xf1, 0x0, 0x0, 0x0, 0x0, 0x0, 0x0, 0x9f,
    0xff, 0x10, 0x0, 0x0, 0x0, 0x5, 0xaa, 0xaf,
    0xff, 0xfb, 0xaa, 0xa0, 0x0, 0x0, 0x9f, 0xff,
    0xff, 0xff, 0xff, 0xff, 0x10, 0x0, 0x9, 0xff,
    0xff, 0xff, 0xff, 0xff, 0xf1, 0x0, 0x0, 0x0,
    0x0, 0x9f, 0xff, 0x10, 0x0, 0x0, 0x0, 0x0,
    0x0, 0x9, 0xff, 0xf1, 0x0, 0x0, 0x0, 0x0,
    0x0, 0x0, 0x9f, 0xff, 0x10, 0x0, 0x0, 0x0,
    0x0, 0x0, 0x9, 0xff, 0xf1, 0x0, 0x0, 0x0,
    0x0, 0x0, 0x0, 0x9f, 0xff, 0x10, 0x0, 0x0,
    0x0, 0x0, 0x0, 0x9, 0xff, 0xf1, 0x0, 0x0,
    0x0, 0x0, 0x0, 0x0, 0x9f, 0xff, 0x10, 0x0,
    0x0, 0x0, 0x0, 0x0, 0x9, 0xff, 0xf1, 0x0,
    0x0, 0x0, 0x0, 0x0, 0x0, 0x9f, 0xff, 0x10,
    0x0, 0x0, 0x0,

    /* U+0167 "ŧ" */
    0x0, 0x8f, 0xff, 0x0, 0x0, 0x0, 0x8f, 0xff,
    0x0, 0x0, 0x0, 0x8f, 0xff, 0x0, 0x0, 0x0,
    0x8f, 0xff, 0x0, 0x0, 0xbf, 0xff, 0xff, 0xff,
    0xf0, 0xbf, 0xff, 0xff, 0xff, 0xf0, 0xae, 0xff,
    0xff, 0xee, 0xd0, 0x0, 0x8f, 0xff, 0x0, 0x0,
    0x0, 0x8f, 0xff, 0x0, 0x0, 0x58, 0xcf, 0xff,
    0x88, 0x70, 0xbf, 0xff, 0xff, 0xff, 0xf0, 0xbf,
    0xff, 0xff, 0xff, 0xf0, 0x0, 0x8f, 0xff, 0x0,
    0x0, 0x0, 0x8f, 0xff, 0x0, 0x0, 0x0, 0x8f,
    0xff, 0x0, 0x0, 0x0, 0x8f, 0xff, 0x0, 0x0,
    0x0, 0x7f, 0xff, 0x60, 0x10, 0x0, 0x3f, 0xff,
    0xff, 0xf0, 0x0, 0xa, 0xff, 0xff, 0xf2, 0x0,
    0x0, 0x7d, 0xff, 0xd3,

    /* U+0168 "Ũ" */
    0x0, 0x0, 0x0, 0x20, 0x0, 0x2, 0x20, 0x0,
    0x0, 0x0, 0x3, 0xef, 0xf8, 0x17, 0xfb, 0x0,
    0x0, 0x0, 0x0, 0xdf, 0xff, 0xff, 0xff, 0x70,
    0x0, 0x0, 0x0, 0x1f, 0xf2, 0x3c, 0xff, 0xb0,
    0x0, 0x0, 0x0, 0x0, 0x32, 0x0, 0x1, 0x20,
    0x0, 0x0, 0x0, 0x0, 0x0, 0x0, 0x0, 0x0,
    0x0, 0x0, 0x0, 0x0, 0x0, 0x0, 0x0, 0x0,
    0x0, 0x0, 0x0, 0xf, 0xff, 0xb0, 0x0, 0x0,
    0x0, 0x1, 0xff, 0xf9, 0xff, 0xfb, 0x0, 0x0,
    0x0, 0x0, 0x1f, 0xff, 0x9f, 0xff, 0xb0, 0x0,
    0x0, 0x0, 0x1, 0xff, 0xf9, 0xff, 0xfb, 0x0,
    0x0, 0x0, 0x0, 0x1f, 0xff, 0x9f, 0xff, 0xb0,
    0x0, 0x0, 0x0, 0x1, 0xff, 0xf9, 0xff, 0xfb,
    0x0, 0x0, 0x0, 0x0, 0x1f, 0xff, 0x9f, 0xff,
    0xb0, 0x0, 0x0, 0x0, 0x1, 0xff, 0xf9, 0xff,
    0xfb, 0x0, 0x0, 0x0, 0x0, 0x1f, 0xff, 0x9f,
    0xff, 0xb0, 0x0, 0x0, 0x0, 0x1, 0xff, 0xf9,
    0xff, 0xfb, 0x0, 0x0, 0x0, 0x0, 0x1f, 0xff,
    0x9f, 0xff, 0xb0, 0x0, 0x0, 0x0, 0x1, 0xff,
    0xf9, 0xff, 0xfb, 0x0, 0x0, 0x0, 0x0, 0x1f,
    0xff, 0x9f, 0xff, 0xb0, 0x0, 0x0, 0x0, 0x1,
    0xff, 0xf9, 0xff, 0xfb, 0x0, 0x0, 0x0, 0x0,
    0x1f, 0xff, 0x8e, 0xff, 0xe0, 0x0, 0x0, 0x0,
    0x4, 0xff, 0xf7, 0xbf, 0xff, 0x50, 0x0, 0x0,
    0x0, 0xbf, 0xff, 0x45, 0xff, 0xfe, 0x30, 0x0,
    0x0, 0x8f, 0xff, 0xe0, 0xc, 0xff, 0xff, 0xb7,
    0x68, 0xdf, 0xff, 0xf6, 0x0, 0x1e, 0xff, 0xff,
    0xff, 0xff, 0xff, 0xfa, 0x0, 0x0, 0x1b, 0xff,
    0xff, 0xff, 0xff, 0xf7, 0x0, 0x0, 0x0, 0x3,
    0x9d, 0xef, 0xec, 0x71, 0x0, 0x0,

    /* U+0169 "ũ" */
    0x0, 0x2, 0xbf, 0xff, 0xff, 0xff, 0x0, 0x0,
    0x0, 0xbf, 0xff, 0xff, 0xff, 0x50, 0x0, 0x0,
    0x2, 0x32, 0x22, 0x32, 0x0, 0x0, 0x0, 0x0,
    0x0, 0x0, 0x0, 0x0, 0x0, 0x0, 0x0, 0x0,
    0x0, 0x0, 0x0, 0x0, 0x0, 0x1, 0xff, 0xf7,
    0x0, 0x0, 0x5, 0xff, 0xf4, 0x1f, 0xff, 0x70,
    0x0, 0x0, 0x5f, 0xff, 0x41, 0xff, 0xf7, 0x0,
    0x0, 0x5, 0xff, 0xf4, 0x1f, 0xff, 0x70, 0x0,
    0x0, 0x5f, 0xff, 0x41, 0xff, 0xf7, 0x0, 0x0,
    0x5, 0xff, 0xf4, 0x1f, 0xff, 0x70, 0x0, 0x0,
    0x5f, 0xff, 0x41, 0xff, 0xf7, 0x0, 0x0, 0x5,
    0xff, 0xf4, 0x1f, 0xff, 0x70, 0x0, 0x0, 0x5f,
    0xff, 0x41, 0xff, 0xf7, 0x0, 0x0, 0x5, 0xff,
    0xf4, 0x1f, 0xff, 0x70, 0x0, 0x0, 0x5f, 0xff,
    0x41, 0xff, 0xf9, 0x0, 0x0, 0x8, 0xff, 0xf4,
    0xf, 0xff, 0xe0, 0x0, 0x1, 0xef, 0xff, 0x40,
    0xbf, 0xff, 0xd4, 0x25, 0xdf, 0xff, 0xf4, 0x5,
    0xff, 0xff, 0xff, 0xff, 0x8f, 0xff, 0x40, 0x9,
    0xff, 0xff, 0xff, 0xa2, 0xff, 0xf4, 0x0, 0x5,
    0xcf, 0xfc, 0x60, 0x2f, 0xff, 0x40,

    /* U+016A "Ū" */
    0x0, 0x0, 0x9f, 0xff, 0xff, 0xff, 0x30, 0x0,
    0x0, 0x0, 0x9, 0xff, 0xff, 0xff, 0xf3, 0x0,
    0x0, 0x0, 0x0, 0x47, 0x77, 0x77, 0x77, 0x10,
    0x0, 0x0, 0x0, 0x0, 0x0, 0x0, 0x0, 0x0,
    0x0, 0x0, 0x0, 0x0, 0x0, 0x0, 0x0, 0x0,
    0x0, 0x0, 0x0, 0x0, 0x0, 0x0, 0x0, 0x0,
    0x0, 0x0, 0x0, 0xff, 0xfb, 0x0, 0x0, 0x0,
    0x0, 0x1f, 0xff, 0x9f, 0xff, 0xb0, 0x0, 0x0,
    0x0, 0x1, 0xff, 0xf9, 0xff, 0xfb, 0x0, 0x0,
    0x0, 0x0, 0x1f, 0xff, 0x9f, 0xff, 0xb0, 0x0,
    0x0, 0x0, 0x1, 0xff, 0xf9, 0xff, 0xfb, 0x0,
    0x0, 0x0, 0x0, 0x1f, 0xff, 0x9f, 0xff, 0xb0,
    0x0, 0x0, 0x0, 0x1, 0xff, 0xf9, 0xff, 0xfb,
    0x0, 0x0, 0x0, 0x0, 0x1f, 0xff, 0x9f, 0xff,
    0xb0, 0x0, 0x0, 0x0, 0x1, 0xff, 0xf9, 0xff,
    0xfb, 0x0, 0x0, 0x0, 0x0, 0x1f, 0xff, 0x9f,
    0xff, 0xb0, 0x0, 0x0, 0x0, 0x1, 0xff, 0xf9,
    0xff, 0xfb, 0x0, 0x0, 0x0, 0x0, 0x1f, 0xff,
    0x9f, 0xff, 0xb0, 0x0, 0x0, 0x0, 0x1, 0xff,
    0xf9, 0xff, 0xfb, 0x0, 0x0, 0x0, 0x0, 0x1f,
    0xff, 0x9f, 0xff, 0xb0, 0x0, 0x0, 0x0, 0x1,
    0xff, 0xf8, 0xef, 0xfe, 0x0, 0x0, 0x0, 0x0,
    0x4f, 0xff, 0x7b, 0xff, 0xf5, 0x0, 0x0, 0x0,
    0xb, 0xff, 0xf4, 0x5f, 0xff, 0xe3, 0x0, 0x0,
    0x8, 0xff, 0xfe, 0x0, 0xcf, 0xff, 0xfb, 0x76,
    0x8d, 0xff, 0xff, 0x60, 0x1, 0xef, 0xff, 0xff,
    0xff, 0xff, 0xff, 0xa0, 0x0, 0x1, 0xbf, 0xff,
    0xff, 0xff, 0xff, 0x70, 0x0, 0x0, 0x0, 0x39,
    0xde, 0xfe, 0xc7, 0x10, 0x0, 0x0,

    /* U+016B "ū" */
    0x0, 0x5, 0xff, 0xff, 0xff, 0xf7, 0x0, 0x0,
    0x0, 0x5f, 0xff, 0xff, 0xff, 0x70, 0x0, 0x0,
    0x2, 0x77, 0x77, 0x77, 0x73, 0x0, 0x0, 0x0,
    0x0, 0x0, 0x0, 0x0, 0x0, 0x0, 0x0, 0x0,
    0x0, 0x0, 0x0, 0x0, 0x0, 0x1, 0xff, 0xf7,
    0x0, 0x0, 0x5, 0xff, 0xf4, 0x1f, 0xff, 0x70,
    0x0, 0x0, 0x5f, 0xff, 0x41, 0xff, 0xf7, 0x0,
    0x0, 0x5, 0xff, 0xf4, 0x1f, 0xff, 0x70, 0x0,
    0x0, 0x5f, 0xff, 0x41, 0xff, 0xf7, 0x0, 0x0,
    0x5, 0xff, 0xf4, 0x1f, 0xff, 0x70, 0x0, 0x0,
    0x5f, 0xff, 0x41, 0xff, 0xf7, 0x0, 0x0, 0x5,
    0xff, 0xf4, 0x1f, 0xff, 0x70, 0x0, 0x0, 0x5f,
    0xff, 0x41, 0xff, 0xf7, 0x0, 0x0, 0x5, 0xff,
    0xf4, 0x1f, 0xff, 0x70, 0x0, 0x0, 0x5f, 0xff,
    0x41, 0xff, 0xf9, 0x0, 0x0, 0x8, 0xff, 0xf4,
    0xf, 0xff, 0xe0, 0x0, 0x1, 0xef, 0xff, 0x40,
    0xbf, 0xff, 0xd4, 0x25, 0xdf, 0xff, 0xf4, 0x5,
    0xff, 0xff, 0xff, 0xff, 0x8f, 0xff, 0x40, 0x9,
    0xff, 0xff, 0xff, 0xa2, 0xff, 0xf4, 0x0, 0x5,
    0xcf, 0xfc, 0x60, 0x2f, 0xff, 0x40,

    /* U+016C "Ŭ" */
    0x0, 0x1, 0x88, 0x0, 0x0, 0x38, 0x50, 0x0,
    0x0, 0x0, 0xf, 0xf4, 0x0, 0xb, 0xfa, 0x0,
    0x0, 0x0, 0x0, 0xaf, 0xe5, 0x38, 0xff, 0x40,
    0x0, 0x0, 0x0, 0x1, 0xef, 0xff, 0xff, 0x90,
    0x0, 0x0, 0x0, 0x0, 0x1, 0x9e, 0xfc, 0x60,
    0x0, 0x0, 0x0, 0x0, 0x0, 0x0, 0x0, 0x0,
    0x0, 0x0, 0x0, 0x0, 0x0, 0x0, 0x0, 0x0,
    0x0, 0x0, 0x0, 0xf, 0xff, 0xb0, 0x0, 0x0,
    0x0, 0x1, 0xff, 0xf9, 0xff, 0xfb, 0x0, 0x0,
    0x0, 0x0, 0x1f, 0xff, 0x9f, 0xff, 0xb0, 0x0,
    0x0, 0x0, 0x1, 0xff, 0xf9, 0xff, 0xfb, 0x0,
    0x0, 0x0, 0x0, 0x1f, 0xff, 0x9f, 0xff, 0xb0,
    0x0, 0x0, 0x0, 0x1, 0xff, 0xf9, 0xff, 0xfb,
    0x0, 0x0, 0x0, 0x0, 0x1f, 0xff, 0x9f, 0xff,
    0xb0, 0x0, 0x0, 0x0, 0x1, 0xff, 0xf9, 0xff,
    0xfb, 0x0, 0x0, 0x0, 0x0, 0x1f, 0xff, 0x9f,
    0xff, 0xb0, 0x0, 0x0, 0x0, 0x1, 0xff, 0xf9,
    0xff, 0xfb, 0x0, 0x0, 0x0, 0x0, 0x1f, 0xff,
    0x9f, 0xff, 0xb0, 0x0, 0x0, 0x0, 0x1, 0xff,
    0xf9, 0xff, 0xfb, 0x0, 0x0, 0x0, 0x0, 0x1f,
    0xff, 0x9f, 0xff, 0xb0, 0x0, 0x0, 0x0, 0x1,
    0xff, 0xf9, 0xff, 0xfb, 0x0, 0x0, 0x0, 0x0,
    0x1f, 0xff, 0x8e, 0xff, 0xe0, 0x0, 0x0, 0x0,
    0x4, 0xff, 0xf7, 0xbf, 0xff, 0x50, 0x0, 0x0,
    0x0, 0xbf, 0xff, 0x45, 0xff, 0xfe, 0x30, 0x0,
    0x0, 0x8f, 0xff, 0xe0, 0xc, 0xff, 0xff, 0xb7,
    0x68, 0xdf, 0xff, 0xf6, 0x0, 0x1e, 0xff, 0xff,
    0xff, 0xff, 0xff, 0xfa, 0x0, 0x0, 0x1b, 0xff,
    0xff, 0xff, 0xff, 0xf7, 0x0, 0x0, 0x0, 0x3,
    0x9d, 0xef, 0xec, 0x71, 0x0, 0x0,

    /* U+016D "ŭ" */
    0x0, 0x6, 0x82, 0x0, 0x1, 0x87, 0x0, 0x0,
    0x0, 0xcf, 0x80, 0x0, 0x6f, 0xe0, 0x0, 0x0,
    0x6, 0xff, 0x73, 0x6f, 0xf8, 0x0, 0x0, 0x0,
    0xb, 0xff, 0xff, 0xfd, 0x0, 0x0, 0x0, 0x0,
    0x7, 0xdf, 0xe8, 0x0, 0x0, 0x0, 0x0, 0x0,
    0x0, 0x0, 0x0, 0x0, 0x0, 0x0, 0x0, 0x0,
    0x0, 0x0, 0x0, 0x0, 0x1, 0xff, 0xf7, 0x0,
    0x0, 0x5, 0xff, 0xf4, 0x1f, 0xff, 0x70, 0x0,
    0x0, 0x5f, 0xff, 0x41, 0xff, 0xf7, 0x0, 0x0,
    0x5, 0xff, 0xf4, 0x1f, 0xff, 0x70, 0x0, 0x0,
    0x5f, 0xff, 0x41, 0xff, 0xf7, 0x0, 0x0, 0x5,
    0xff, 0xf4, 0x1f, 0xff, 0x70, 0x0, 0x0, 0x5f,
    0xff, 0x41, 0xff, 0xf7, 0x0, 0x0, 0x5, 0xff,
    0xf4, 0x1f, 0xff, 0x70, 0x0, 0x0, 0x5f, 0xff,
    0x41, 0xff, 0xf7, 0x0, 0x0, 0x5, 0xff, 0xf4,
    0x1f, 0xff, 0x70, 0x0, 0x0, 0x5f, 0xff, 0x41,
    0xff, 0xf9, 0x0, 0x0, 0x8, 0xff, 0xf4, 0xf,
    0xff, 0xe0, 0x0, 0x1, 0xef, 0xff, 0x40, 0xbf,
    0xff, 0xd4, 0x25, 0xdf, 0xff, 0xf4, 0x5, 0xff,
    0xff, 0xff, 0xff, 0x8f, 0xff, 0x40, 0x9, 0xff,
    0xff, 0xff, 0xa2, 0xff, 0xf4, 0x0, 0x5, 0xcf,
    0xfc, 0x60, 0x2f, 0xff, 0x40,

    /* U+016E "Ů" */
    0x0, 0x0, 0x0, 0x8d, 0xfc, 0x40, 0x0, 0x0,
    0x0, 0x0, 0x0, 0xbf, 0xfe, 0xff, 0x50, 0x0,
    0x0, 0x0, 0x0, 0x3f, 0xe1, 0x6, 0xfd, 0x0,
    0x0, 0x0, 0x0, 0x5, 0xfb, 0x0, 0x1f, 0xf0,
    0x0, 0x0, 0x0, 0x0, 0x3f, 0xf3, 0x8, 0xfd,
    0x0, 0x0, 0x0, 0x0, 0x0, 0x9f, 0xff, 0xff,
    0x40, 0x0, 0x0, 0x0, 0x0, 0x0, 0x5b, 0xc9,
    0x20, 0x0, 0x0, 0x0, 0x0, 0x0, 0x0, 0x0,
    0x0, 0x0, 0x0, 0x0, 0xff, 0xfb, 0x0, 0x0,
    0x0, 0x0, 0x1f, 0xff, 0x9f, 0xff, 0xb0, 0x0,
    0x0, 0x0, 0x1, 0xff, 0xf9, 0xff, 0xfb, 0x0,
    0x0, 0x0, 0x0, 0x1f, 0xff, 0x9f, 0xff, 0xb0,
    0x0, 0x0, 0x0, 0x1, 0xff, 0xf9, 0xff, 0xfb,
    0x0, 0x0, 0x0, 0x0, 0x1f, 0xff, 0x9f, 0xff,
    0xb0, 0x0, 0x0, 0x0, 0x1, 0xff, 0xf9, 0xff,
    0xfb, 0x0, 0x0, 0x0, 0x0, 0x1f, 0xff, 0x9f,
    0xff, 0xb0, 0x0, 0x0, 0x0, 0x1, 0xff, 0xf9,
    0xff, 0xfb, 0x0, 0x0, 0x0, 0x0, 0x1f, 0xff,
    0x9f, 0xff, 0xb0, 0x0, 0x0, 0x0, 0x1, 0xff,
    0xf9, 0xff, 0xfb, 0x0, 0x0, 0x0, 0x0, 0x1f,
    0xff, 0x9f, 0xff, 0xb0, 0x0, 0x0, 0x0, 0x1,
    0xff, 0xf9, 0xff, 0xfb, 0x0, 0x0, 0x0, 0x0,
    0x1f, 0xff, 0x9f, 0xff, 0xb0, 0x0, 0x0, 0x0,
    0x1, 0xff, 0xf8, 0xef, 0xfe, 0x0, 0x0, 0x0,
    0x0, 0x4f, 0xff, 0x7b, 0xff, 0xf5, 0x0, 0x0,
    0x0, 0xb, 0xff, 0xf4, 0x5f, 0xff, 0xe3, 0x0,
    0x0, 0x8, 0xff, 0xfe, 0x0, 0xcf, 0xff, 0xfb,
    0x76, 0x8d, 0xff, 0xff, 0x60, 0x1, 0xef, 0xff,
    0xff, 0xff, 0xff, 0xff, 0xa0, 0x0, 0x1, 0xbf,
    0xff, 0xff, 0xff, 0xff, 0x70, 0x0, 0x0, 0x0,
    0x39, 0xde, 0xfe, 0xc7, 0x10, 0x0, 0x0,

    /* U+016F "ů" */
    0x0, 0x0, 0x5, 0xdf, 0xd7, 0x0, 0x0, 0x0,
    0x0, 0x7, 0xff, 0xef, 0xf9, 0x0, 0x0, 0x0,
    0x0, 0xff, 0x50, 0x3f, 0xf1, 0x0, 0x0, 0x0,
    0x1f, 0xf0, 0x0, 0xdf, 0x30, 0x0, 0x0, 0x0,
    0xef, 0x70, 0x5f, 0xf1, 0x0, 0x0, 0x0, 0x5,
    0xff, 0xff, 0xf7, 0x0, 0x0, 0x0, 0x0, 0x4,
    0xbd, 0xb5, 0x0, 0x0, 0x0, 0x0, 0x0, 0x0,
    0x0, 0x0, 0x0, 0x0, 0x1f, 0xff, 0x70, 0x0,
    0x0, 0x5f, 0xff, 0x41, 0xff, 0xf7, 0x0, 0x0,
    0x5, 0xff, 0xf4, 0x1f, 0xff, 0x70, 0x0, 0x0,
    0x5f, 0xff, 0x41, 0xff, 0xf7, 0x0, 0x0, 0x5,
    0xff, 0xf4, 0x1f, 0xff, 0x70, 0x0, 0x0, 0x5f,
    0xff, 0x41, 0xff, 0xf7, 0x0, 0x0, 0x5, 0xff,
    0xf4, 0x1f, 0xff, 0x70, 0x0, 0x0, 0x5f, 0xff,
    0x41, 0xff, 0xf7, 0x0, 0x0, 0x5, 0xff, 0xf4,
    0x1f, 0xff, 0x70, 0x0, 0x0, 0x5f, 0xff, 0x41,
    0xff, 0xf7, 0x0, 0x0, 0x5, 0xff, 0xf4, 0x1f,
    0xff, 0x90, 0x0, 0x0, 0x8f, 0xff, 0x40, 0xff,
    0xfe, 0x0, 0x0, 0x1e, 0xff, 0xf4, 0xb, 0xff,
    0xfd, 0x42, 0x5d, 0xff, 0xff, 0x40, 0x5f, 0xff,
    0xff, 0xff, 0xf8, 0xff, 0xf4, 0x0, 0x9f, 0xff,
    0xff, 0xfa, 0x2f, 0xff, 0x40, 0x0, 0x5c, 0xff,
    0xc6, 0x2, 0xff, 0xf4,

    /* U+0170 "Ű" */
    0x0, 0x0, 0x1f, 0xff, 0x30, 0xbf, 0xfb, 0x0,
    0x0, 0x0, 0x6, 0xff, 0xa0, 0x3f, 0xfe, 0x10,
    0x0, 0x0, 0x0, 0xcf, 0xf2, 0xc, 0xff, 0x30,
    0x0, 0x0, 0x0, 0x1f, 0xf9, 0x5, 0xff, 0x70,
    0x0, 0x0, 0x0, 0x1, 0x55, 0x10, 0x35, 0x50,
    0x0, 0x0, 0x0, 0x0, 0x0, 0x0, 0x0, 0x0,
    0x0, 0x0, 0x0, 0x0, 0x0, 0x0, 0x0, 0x0,
    0x0, 0x0, 0x0, 0xf, 0xff, 0xb0, 0x0, 0x0,
    0x0, 0x1, 0xff, 0xf9, 0xff, 0xfb, 0x0, 0x0,
    0x0, 0x0, 0x1f, 0xff, 0x9f, 0xff, 0xb0, 0x0,
    0x0, 0x0, 0x1, 0xff, 0xf9, 0xff, 0xfb, 0x0,
    0x0, 0x0, 0x0, 0x1f, 0xff, 0x9f, 0xff, 0xb0,
    0x0, 0x0, 0x0, 0x1, 0xff, 0xf9, 0xff, 0xfb,
    0x0, 0x0, 0x0, 0x0, 0x1f, 0xff, 0x9f, 0xff,
    0xb0, 0x0, 0x0, 0x0, 0x1, 0xff, 0xf9, 0xff,
    0xfb, 0x0, 0x0, 0x0, 0x0, 0x1f, 0xff, 0x9f,
    0xff, 0xb0, 0x0, 0x0, 0x0, 0x1, 0xff, 0xf9,
    0xff, 0xfb, 0x0, 0x0, 0x0, 0x0, 0x1f, 0xff,
    0x9f, 0xff, 0xb0, 0x0, 0x0, 0x0, 0x1, 0xff,
    0xf9, 0xff, 0xfb, 0x0, 0x0, 0x0, 0x0, 0x1f,
    0xff, 0x9f, 0xff, 0xb0, 0x0, 0x0, 0x0, 0x1,
    0xff, 0xf9, 0xff, 0xfb, 0x0, 0x0, 0x0, 0x0,
    0x1f, 0xff, 0x8e, 0xff, 0xe0, 0x0, 0x0, 0x0,
    0x4, 0xff, 0xf7, 0xbf, 0xff, 0x50, 0x0, 0x0,
    0x0, 0xbf, 0xff, 0x45, 0xff, 0xfe, 0x30, 0x0,
    0x0, 0x8f, 0xff, 0xe0, 0xc, 0xff, 0xff, 0xb7,
    0x68, 0xdf, 0xff, 0xf6, 0x0, 0x1e, 0xff, 0xff,
    0xff, 0xff, 0xff, 0xfa, 0x0, 0x0, 0x1b, 0xff,
    0xff, 0xff, 0xff, 0xf7, 0x0, 0x0, 0x0, 0x3,
    0x9d, 0xef, 0xec, 0x71, 0x0, 0x0,

    /* U+0171 "ű" */
    0x0, 0x0, 0x35, 0x53, 0x1, 0x55, 0x51, 0x0,
    0x0, 0xe, 0xff, 0x40, 0xaf, 0xfb, 0x0, 0x0,
    0x4, 0xff, 0xc0, 0x2f, 0xfe, 0x10, 0x0, 0x0,
    0x9f, 0xf3, 0xb, 0xff, 0x40, 0x0, 0x0, 0xe,
    0xfb, 0x3, 0xff, 0x80, 0x0, 0x0, 0x0, 0x0,
    0x0, 0x0, 0x0, 0x0, 0x0, 0x0, 0x0, 0x0,
    0x0, 0x0, 0x0, 0x0, 0x1, 0xff, 0xf7, 0x0,
    0x0, 0x5, 0xff, 0xf4, 0x1f, 0xff, 0x70, 0x0,
    0x0, 0x5f, 0xff, 0x41, 0xff, 0xf7, 0x0, 0x0,
    0x5, 0xff, 0xf4, 0x1f, 0xff, 0x70, 0x0, 0x0,
    0x5f, 0xff, 0x41, 0xff, 0xf7, 0x0, 0x0, 0x5,
    0xff, 0xf4, 0x1f, 0xff, 0x70, 0x0, 0x0, 0x5f,
    0xff, 0x41, 0xff, 0xf7, 0x0, 0x0, 0x5, 0xff,
    0xf4, 0x1f, 0xff, 0x70, 0x0, 0x0, 0x5f, 0xff,
    0x41, 0xff, 0xf7, 0x0, 0x0, 0x5, 0xff, 0xf4,
    0x1f, 0xff, 0x70, 0x0, 0x0, 0x5f, 0xff, 0x41,
    0xff, 0xf9, 0x0, 0x0, 0x8, 0xff, 0xf4, 0xf,
    0xff, 0xe0, 0x0, 0x1, 0xef, 0xff, 0x40, 0xbf,
    0xff, 0xd4, 0x25, 0xdf, 0xff, 0xf4, 0x5, 0xff,
    0xff, 0xff, 0xff, 0x8f, 0xff, 0x40, 0x9, 0xff,
    0xff, 0xff, 0xa2, 0xff, 0xf4, 0x0, 0x5, 0xcf,
    0xfc, 0x60, 0x2f, 0xff, 0x40,

    /* U+0172 "Ų" */
    0xff, 0xfb, 0x0, 0x0, 0x0, 0x0, 0x1f, 0xff,
    0x9f, 0xff, 0xb0, 0x0, 0x0, 0x0, 0x1, 0xff,
    0xf9, 0xff, 0xfb, 0x0, 0x0, 0x0, 0x0, 0x1f,
    0xff, 0x9f, 0xff, 0xb0, 0x0, 0x0, 0x0, 0x1,
    0xff, 0xf9, 0xff, 0xfb, 0x0, 0x0, 0x0, 0x0,
    0x1f, 0xff, 0x9f, 0xff, 0xb0, 0x0, 0x0, 0x0,
    0x1, 0xff, 0xf9, 0xff, 0xfb, 0x0, 0x0, 0x0,
    0x0, 0x1f, 0xff, 0x9f, 0xff, 0xb0, 0x0, 0x0,
    0x0, 0x1, 0xff, 0xf9, 0xff, 0xfb, 0x0, 0x0,
    0x0, 0x0, 0x1f, 0xff, 0x9f, 0xff, 0xb0, 0x0,
    0x0, 0x0, 0x1, 0xff, 0xf9, 0xff, 0xfb, 0x0,
    0x0, 0x0, 0x0, 0x1f, 0xff, 0x9f, 0xff, 0xb0,
    0x0, 0x0, 0x0, 0x1, 0xff, 0xf9, 0xff, 0xfb,
    0x0, 0x0, 0x0, 0x0, 0x1f, 0xff, 0x9f, 0xff,
    0xb0, 0x0, 0x0, 0x0, 0x1, 0xff, 0xfd, 0xef,
    0xfe, 0x0, 0x0, 0x0, 0x0, 0x4f, 0xff, 0xfb,
    0xff, 0xf5, 0x0, 0x0, 0x0, 0xb, 0xff, 0xfa,
    0x5f, 0xff, 0xe3, 0x0, 0x0, 0x8, 0xff, 0xff,
    0x10, 0xcf, 0xff, 0xfb, 0x76, 0x8d, 0xff, 0xff,
    0xe0, 0x1, 0xef, 0xff, 0xff, 0xff, 0xff, 0xff,
    0xf0, 0x0, 0x1, 0xbf, 0xff, 0xff, 0xff, 0xff,
    0xf0, 0x0, 0x0, 0x0, 0x39, 0xde, 0xff, 0xff,
    0x60, 0x0, 0x0, 0x0, 0x0, 0x1, 0xbf, 0xf8,
    0x0, 0x0, 0x0, 0x0, 0x0, 0x0, 0xcf, 0xf5,
    0x0, 0x0, 0x0, 0x0, 0x0, 0x0, 0x2f, 0xff,
    0x0, 0x0, 0x0, 0x0, 0x0, 0x0, 0x2, 0xff,
    0xf9, 0x83, 0x0, 0x0, 0x0, 0x0, 0x0, 0xd,
    0xff, 0xff, 0xa0, 0x0, 0x0, 0x0, 0x0, 0x0,
    0x1a, 0xef, 0xd7, 0x0, 0x0, 0x0,

    /* U+0173 "ų" */
    0x1f, 0xff, 0x70, 0x0, 0x0, 0x5f, 0xff, 0x40,
    0x1f, 0xff, 0x70, 0x0, 0x0, 0x5f, 0xff, 0x40,
    0x1f, 0xff, 0x70, 0x0, 0x0, 0x5f, 0xff, 0x40,
    0x1f, 0xff, 0x70, 0x0, 0x0, 0x5f, 0xff, 0x40,
    0x1f, 0xff, 0x70, 0x0, 0x0, 0x5f, 0xff, 0x40,
    0x1f, 0xff, 0x70, 0x0, 0x0, 0x5f, 0xff, 0x40,
    0x1f, 0xff, 0x70, 0x0, 0x0, 0x5f, 0xff, 0x40,
    0x1f, 0xff, 0x70, 0x0, 0x0, 0x5f, 0xff, 0x40,
    0x1f, 0xff, 0x70, 0x0, 0x0, 0x5f, 0xff, 0x40,
    0x1f, 0xff, 0x70, 0x0, 0x0, 0x5f, 0xff, 0x40,
    0x1f, 0xff, 0x90, 0x0, 0x0, 0x8f, 0xff, 0x40,
    0xf, 0xff, 0xe0, 0x0, 0x1, 0xef, 0xff, 0x40,
    0xb, 0xff, 0xfd, 0x42, 0x5d, 0xff, 0xff, 0x40,
    0x5, 0xff, 0xff, 0xff, 0xff, 0x8f, 0xff, 0x40,
    0x0, 0x9f, 0xff, 0xff, 0xfa, 0x2f, 0xff, 0x40,
    0x0, 0x5, 0xcf, 0xfc, 0x60, 0x5f, 0xff, 0x40,
    0x0, 0x0, 0x0, 0x0, 0x3, 0xff, 0xf4, 0x0,
    0x0, 0x0, 0x0, 0x0, 0xd, 0xff, 0x40, 0x0,
    0x0, 0x0, 0x0, 0x0, 0x2f, 0xff, 0x0, 0x0,
    0x0, 0x0, 0x0, 0x0, 0x1f, 0xff, 0xa8, 0x40,
    0x0, 0x0, 0x0, 0x0, 0xc, 0xff, 0xff, 0xb0,
    0x0, 0x0, 0x0, 0x0, 0x1, 0x9e, 0xfd, 0x80,

    /* U+0174 "Ŵ" */
    0x0, 0x0, 0x0, 0x0, 0x0, 0x0, 0x28, 0x87,
    0x0, 0x0, 0x0, 0x0, 0x0, 0x0, 0x0, 0x0,
    0x0, 0x0, 0x0, 0x1, 0xef, 0xff, 0x80, 0x0,
    0x0, 0x0, 0x0, 0x0, 0x0, 0x0, 0x0, 0x0,
    0x0, 0xc, 0xff, 0xbf, 0xf5, 0x0, 0x0, 0x0,
    0x0, 0x0, 0x0, 0x0, 0x0, 0x0, 0x0, 0xbf,
    0xf7, 0xd, 0xff, 0x30, 0x0, 0x0, 0x0, 0x0,
    0x0, 0x0, 0x0, 0x0, 0x8, 0xff, 0xb0, 0x2,
    0xff, 0xe1, 0x0, 0x0, 0x0, 0x0, 0x0, 0x0,
    0x0, 0x0, 0x0, 0x0, 0x0, 0x0, 0x0, 0x0,
    0x0, 0x0, 0x0, 0x0, 0x0, 0x0, 0x0, 0x0,
    0x0, 0x0, 0x0, 0x0, 0x0, 0x0, 0x0, 0x0,
    0x0, 0x0, 0x2f, 0xff, 0xb0, 0x0, 0x0, 0x0,
    0xcf, 0xff, 0x50, 0x0, 0x0, 0x2, 0xff, 0xfb,
    0xe, 0xff, 0xf0, 0x0, 0x0, 0x0, 0xff, 0xff,
    0x90, 0x0, 0x0, 0x6, 0xff, 0xf7, 0xa, 0xff,
    0xf3, 0x0, 0x0, 0x4, 0xff, 0xff, 0xd0, 0x0,
    0x0, 0xa, 0xff, 0xf3, 0x6, 0xff, 0xf7, 0x0,
    0x0, 0x8, 0xff, 0xff, 0xf1, 0x0, 0x0, 0xe,
    0xff, 0xf0, 0x2, 0xff, 0xfa, 0x0, 0x0, 0xc,
    0xff, 0xff, 0xf5, 0x0, 0x0, 0x2f, 0xff, 0xb0,
    0x0, 0xdf, 0xfe, 0x0, 0x0, 0xf, 0xff, 0xaf,
    0xf9, 0x0, 0x0, 0x5f, 0xff, 0x60, 0x0, 0x9f,
    0xff, 0x20, 0x0, 0x4f, 0xfe, 0x6f, 0xfd, 0x0,
    0x0, 0x9f, 0xff, 0x20, 0x0, 0x5f, 0xff, 0x60,
    0x0, 0x8f, 0xfb, 0x3f, 0xff, 0x10, 0x0, 0xdf,
    0xfe, 0x0, 0x0, 0x1f, 0xff, 0xa0, 0x0, 0xcf,
    0xf8, 0xf, 0xff, 0x40, 0x1, 0xff, 0xfa, 0x0,
    0x0, 0xd, 0xff, 0xd0, 0x0, 0xff, 0xf4, 0xc,
    0xff, 0x80, 0x4, 0xff, 0xf6, 0x0, 0x0, 0x9,
    0xff, 0xf1, 0x4, 0xff, 0xf0, 0x8, 0xff, 0xc0,
    0x8, 0xff, 0xf1, 0x0, 0x0, 0x4, 0xff, 0xf5,
    0x7, 0xff, 0xc0, 0x3, 0xff, 0xf0, 0xc, 0xff,
    0xd0, 0x0, 0x0, 0x0, 0xff, 0xf8, 0xb, 0xff,
    0x80, 0x0, 0xff, 0xf3, 0xf, 0xff, 0x90, 0x0,
    0x0, 0x0, 0xcf, 0xfb, 0xe, 0xff, 0x40, 0x0,
    0xbf, 0xf7, 0x2f, 0xff, 0x50, 0x0, 0x0, 0x0,
    0x8f, 0xfe, 0x1f, 0xff, 0x0, 0x0, 0x7f, 0xfa,
    0x5f, 0xff, 0x10, 0x0, 0x0, 0x0, 0x4f, 0xff,
    0x5f, 0xfc, 0x0, 0x0, 0x3f, 0xfd, 0x8f, 0xfd,
    0x0, 0x0, 0x0, 0x0, 0xf, 0xff, 0xbf, 0xf8,
    0x0, 0x0, 0xf, 0xff, 0xbf, 0xf8, 0x0, 0x0,
    0x0, 0x0, 0xb, 0xff, 0xff, 0xf4, 0x0, 0x0,
    0xb, 0xff, 0xff, 0xf4, 0x0, 0x0, 0x0, 0x0,
    0x7, 0xff, 0xff, 0xf0, 0x0, 0x0, 0x7, 0xff,
    0xff, 0xf0, 0x0, 0x0, 0x0, 0x0, 0x3, 0xff,
    0xff, 0xb0, 0x0, 0x0, 0x3, 0xff, 0xff, 0xc0,
    0x0, 0x0, 0x0, 0x0, 0x0, 0xef, 0xff, 0x70,
    0x0, 0x0, 0x0, 0xef, 0xff, 0x80, 0x0, 0x0,

    /* U+0175 "ŵ" */
    0x0, 0x0, 0x0, 0x0, 0x3, 0xff, 0xfa, 0x0,
    0x0, 0x0, 0x0, 0x0, 0x0, 0x0, 0x0, 0x2,
    0xef, 0xef, 0xf9, 0x0, 0x0, 0x0, 0x0, 0x0,
    0x0, 0x0, 0x2, 0xef, 0xe2, 0x9f, 0xf7, 0x0,
    0x0, 0x0, 0x0, 0x0, 0x0, 0x1, 0xef, 0xf3,
    0x0, 0xbf, 0xf6, 0x0, 0x0, 0x0, 0x0, 0x0,
    0x0, 0x0, 0x0, 0x0, 0x0, 0x0, 0x0, 0x0,
    0x0, 0x0, 0x0, 0x0, 0x0, 0x0, 0x0, 0x0,
    0x0, 0x0, 0x0, 0x0, 0x0, 0x4f, 0xff, 0x70,
    0x0, 0x0, 0xff, 0xf9, 0x0, 0x0, 0xf, 0xff,
    0xc0, 0xff, 0xfb, 0x0, 0x0, 0x4f, 0xff, 0xd0,
    0x0, 0x3, 0xff, 0xf7, 0xa, 0xff, 0xe0, 0x0,
    0x8, 0xff, 0xff, 0x10, 0x0, 0x7f, 0xff, 0x30,
    0x6f, 0xff, 0x30, 0x0, 0xcf, 0xff, 0xf4, 0x0,
    0xb, 0xff, 0xe0, 0x1, 0xff, 0xf6, 0x0, 0xf,
    0xfe, 0xff, 0x80, 0x0, 0xff, 0xf9, 0x0, 0xd,
    0xff, 0xa0, 0x4, 0xff, 0x7f, 0xfc, 0x0, 0x3f,
    0xff, 0x50, 0x0, 0x8f, 0xfe, 0x0, 0x8f, 0xf3,
    0xcf, 0xf0, 0x6, 0xff, 0xf0, 0x0, 0x4, 0xff,
    0xf2, 0xc, 0xff, 0x8, 0xff, 0x30, 0xaf, 0xfc,
    0x0, 0x0, 0xf, 0xff, 0x50, 0xff, 0xc0, 0x4f,
    0xf7, 0xe, 0xff, 0x70, 0x0, 0x0, 0xbf, 0xf9,
    0x3f, 0xf8, 0x0, 0xff, 0xb1, 0xff, 0xf2, 0x0,
    0x0, 0x6, 0xff, 0xc6, 0xff, 0x40, 0xc, 0xfe,
    0x4f, 0xfe, 0x0, 0x0, 0x0, 0x1f, 0xff, 0xaf,
    0xf0, 0x0, 0x7f, 0xf9, 0xff, 0x90, 0x0, 0x0,
    0x0, 0xdf, 0xff, 0xfb, 0x0, 0x3, 0xff, 0xff,
    0xf5, 0x0, 0x0, 0x0, 0x8, 0xff, 0xff, 0x60,
    0x0, 0xe, 0xff, 0xff, 0x0, 0x0, 0x0, 0x0,
    0x4f, 0xff, 0xf2, 0x0, 0x0, 0xaf, 0xff, 0xc0,
    0x0, 0x0, 0x0, 0x0, 0xff, 0xfe, 0x0, 0x0,
    0x6, 0xff, 0xf7, 0x0, 0x0,

    /* U+0176 "Ŷ" */
    0x0, 0x0, 0x0, 0x0, 0x36, 0x63, 0x0, 0x0,
    0x0, 0x0, 0x0, 0x0, 0x0, 0x4, 0xff, 0xff,
    0x40, 0x0, 0x0, 0x0, 0x0, 0x0, 0x0, 0x3f,
    0xfd, 0xdf, 0xe2, 0x0, 0x0, 0x0, 0x0, 0x0,
    0x2, 0xef, 0xf2, 0x2f, 0xfe, 0x10, 0x0, 0x0,
    0x0, 0x0, 0xa, 0xcc, 0x40, 0x4, 0xcc, 0x90,
    0x0, 0x0, 0x0, 0x0, 0x0, 0x0, 0x0, 0x0,
    0x0, 0x0, 0x0, 0x0, 0x0, 0x0, 0x0, 0x0,
    0x0, 0x0, 0x0, 0x0, 0x0, 0x0, 0x1f, 0xff,
    0xf3, 0x0, 0x0, 0x0, 0x0, 0x3f, 0xff, 0xe1,
    0x7, 0xff, 0xfc, 0x0, 0x0, 0x0, 0x0, 0xcf,
    0xff, 0x60, 0x0, 0xdf, 0xff, 0x50, 0x0, 0x0,
    0x4, 0xff, 0xfd, 0x0, 0x0, 0x4f, 0xff, 0xd0,
    0x0, 0x0, 0xd, 0xff, 0xf4, 0x0, 0x0, 0xb,
    0xff, 0xf6, 0x0, 0x0, 0x6f, 0xff, 0xb0, 0x0,
    0x0, 0x2, 0xff, 0xfe, 0x0, 0x0, 0xef, 0xff,
    0x20, 0x0, 0x0, 0x0, 0x8f, 0xff, 0x80, 0x7,
    0xff, 0xf8, 0x0, 0x0, 0x0, 0x0, 0xe, 0xff,
    0xf1, 0xe, 0xff, 0xe0, 0x0, 0x0, 0x0, 0x0,
    0x5, 0xff, 0xf8, 0x7f, 0xff, 0x60, 0x0, 0x0,
    0x0, 0x0, 0x0, 0xcf, 0xfe, 0xdf, 0xfc, 0x0,
    0x0, 0x0, 0x0, 0x0, 0x0, 0x3f, 0xff, 0xff,
    0xf3, 0x0, 0x0, 0x0, 0x0, 0x0, 0x0, 0x9,
    0xff, 0xff, 0xa0, 0x0, 0x0, 0x0, 0x0, 0x0,
    0x0, 0x1, 0xff, 0xff, 0x10, 0x0, 0x0, 0x0,
    0x0, 0x0, 0x0, 0x0, 0xcf, 0xfd, 0x0, 0x0,
    0x0, 0x0, 0x0, 0x0, 0x0, 0x0, 0xcf, 0xfd,
    0x0, 0x0, 0x0, 0x0, 0x0, 0x0, 0x0, 0x0,
    0xcf, 0xfd, 0x0, 0x0, 0x0, 0x0, 0x0, 0x0,
    0x0, 0x0, 0xcf, 0xfd, 0x0, 0x0, 0x0, 0x0,
    0x0, 0x0, 0x0, 0x0, 0xcf, 0xfd, 0x0, 0x0,
    0x0, 0x0, 0x0, 0x0, 0x0, 0x0, 0xcf, 0xfd,
    0x0, 0x0, 0x0, 0x0, 0x0, 0x0, 0x0, 0x0,
    0xcf, 0xfd, 0x0, 0x0, 0x0, 0x0, 0x0, 0x0,
    0x0, 0x0, 0xcf, 0xfd, 0x0, 0x0, 0x0, 0x0,

    /* U+0177 "ŷ" */
    0x0, 0x0, 0x0, 0xaf, 0xff, 0x30, 0x0, 0x0,
    0x0, 0x0, 0x9, 0xff, 0xef, 0xe2, 0x0, 0x0,
    0x0, 0x0, 0x8f, 0xf9, 0x2e, 0xfe, 0x10, 0x0,
    0x0, 0x7, 0xff, 0xb0, 0x3, 0xff, 0xd1, 0x0,
    0x0, 0x0, 0x0, 0x0, 0x0, 0x0, 0x0, 0x0,
    0x0, 0x0, 0x0, 0x0, 0x0, 0x0, 0x0, 0x0,
    0x4f, 0xff, 0x70, 0x0, 0x0, 0x0, 0xff, 0xfc,
    0xe, 0xff, 0xc0, 0x0, 0x0, 0x5, 0xff, 0xf6,
    0x9, 0xff, 0xf2, 0x0, 0x0, 0xa, 0xff, 0xf0,
    0x3, 0xff, 0xf7, 0x0, 0x0, 0xf, 0xff, 0xa0,
    0x0, 0xdf, 0xfc, 0x0, 0x0, 0x5f, 0xff, 0x40,
    0x0, 0x7f, 0xff, 0x10, 0x0, 0xaf, 0xfe, 0x0,
    0x0, 0x2f, 0xff, 0x60, 0x0, 0xff, 0xf9, 0x0,
    0x0, 0xc, 0xff, 0xb0, 0x5, 0xff, 0xf3, 0x0,
    0x0, 0x6, 0xff, 0xf1, 0xa, 0xff, 0xd0, 0x0,
    0x0, 0x1, 0xff, 0xf5, 0xe, 0xff, 0x70, 0x0,
    0x0, 0x0, 0xaf, 0xf9, 0x3f, 0xff, 0x10, 0x0,
    0x0, 0x0, 0x5f, 0xfd, 0x8f, 0xfb, 0x0, 0x0,
    0x0, 0x0, 0xe, 0xff, 0xdf, 0xf6, 0x0, 0x0,
    0x0, 0x0, 0x9, 0xff, 0xff, 0xf0, 0x0, 0x0,
    0x0, 0x0, 0x3, 0xff, 0xff, 0xa0, 0x0, 0x0,
    0x0, 0x0, 0x0, 0xdf, 0xff, 0x40, 0x0, 0x0,
    0x0, 0x0, 0x0, 0xdf, 0xfe, 0x0, 0x0, 0x0,
    0x0, 0x0, 0x1, 0xff, 0xf8, 0x0, 0x0, 0x0,
    0x0, 0x11, 0x1b, 0xff, 0xf2, 0x0, 0x0, 0x0,
    0x0, 0xaf, 0xff, 0xff, 0x90, 0x0, 0x0, 0x0,
    0x0, 0xef, 0xff, 0xfc, 0x0, 0x0, 0x0, 0x0,
    0x1, 0xdf, 0xfd, 0x80, 0x0, 0x0, 0x0, 0x0,

    /* U+0178 "Ÿ" */
    0x0, 0x0, 0x4, 0xee, 0x40, 0x4, 0xed, 0x30,
    0x0, 0x0, 0x0, 0x0, 0xc, 0xff, 0xd0, 0xd,
    0xff, 0xc0, 0x0, 0x0, 0x0, 0x0, 0xc, 0xff,
    0xc0, 0xc, 0xff, 0xb0, 0x0, 0x0, 0x0, 0x0,
    0x2, 0xbb, 0x20, 0x3, 0xcb, 0x20, 0x0, 0x0,
    0x0, 0x0, 0x0, 0x0, 0x0, 0x0, 0x0, 0x0,
    0x0, 0x0, 0x0, 0x0, 0x0, 0x0, 0x0, 0x0,
    0x0, 0x0, 0x0, 0x0, 0x1f, 0xff, 0xf3, 0x0,
    0x0, 0x0, 0x0, 0x3f, 0xff, 0xe1, 0x7, 0xff,
    0xfc, 0x0, 0x0, 0x0, 0x0, 0xcf, 0xff, 0x60,
    0x0, 0xdf, 0xff, 0x50, 0x0, 0x0, 0x4, 0xff,
    0xfd, 0x0, 0x0, 0x4f, 0xff, 0xd0, 0x0, 0x0,
    0xd, 0xff, 0xf4, 0x0, 0x0, 0xb, 0xff, 0xf6,
    0x0, 0x0, 0x6f, 0xff, 0xb0, 0x0, 0x0, 0x2,
    0xff, 0xfe, 0x0, 0x0, 0xef, 0xff, 0x20, 0x0,
    0x0, 0x0, 0x8f, 0xff, 0x80, 0x7, 0xff, 0xf8,
    0x0, 0x0, 0x0, 0x0, 0xe, 0xff, 0xf1, 0xe,
    0xff, 0xe0, 0x0, 0x0, 0x0, 0x0, 0x5, 0xff,
    0xf8, 0x7f, 0xff, 0x60, 0x0, 0x0, 0x0, 0x0,
    0x0, 0xcf, 0xfe, 0xdf, 0xfc, 0x0, 0x0, 0x0,
    0x0, 0x0, 0x0, 0x3f, 0xff, 0xff, 0xf3, 0x0,
    0x0, 0x0, 0x0, 0x0, 0x0, 0x9, 0xff, 0xff,
    0xa0, 0x0, 0x0, 0x0, 0x0, 0x0, 0x0, 0x1,
    0xff, 0xff, 0x10, 0x0, 0x0, 0x0, 0x0, 0x0,
    0x0, 0x0, 0xcf, 0xfd, 0x0, 0x0, 0x0, 0x0,
    0x0, 0x0, 0x0, 0x0, 0xcf, 0xfd, 0x0, 0x0,
    0x0, 0x0, 0x0, 0x0, 0x0, 0x0, 0xcf, 0xfd,
    0x0, 0x0, 0x0, 0x0, 0x0, 0x0, 0x0, 0x0,
    0xcf, 0xfd, 0x0, 0x0, 0x0, 0x0, 0x0, 0x0,
    0x0, 0x0, 0xcf, 0xfd, 0x0, 0x0, 0x0, 0x0,
    0x0, 0x0, 0x0, 0x0, 0xcf, 0xfd, 0x0, 0x0,
    0x0, 0x0, 0x0, 0x0, 0x0, 0x0, 0xcf, 0xfd,
    0x0, 0x0, 0x0, 0x0, 0x0, 0x0, 0x0, 0x0,
    0xcf, 0xfd, 0x0, 0x0, 0x0, 0x0,

    /* U+0179 "Ź" */
    0x0, 0x0, 0x0, 0x0, 0x15, 0x55, 0x0, 0x0,
    0x0, 0x0, 0x0, 0x0, 0xaf, 0xfa, 0x0, 0x0,
    0x0, 0x0, 0x0, 0x1, 0xff, 0xe1, 0x0, 0x0,
    0x0, 0x0, 0x0, 0x8, 0xff, 0x50, 0x0, 0x0,
    0x0, 0x0, 0x0, 0xe, 0xfb, 0x0, 0x0, 0x0,
    0x0, 0x0, 0x0, 0x0, 0x0, 0x0, 0x0, 0x0,
    0x0, 0x0, 0x0, 0x0, 0x0, 0x0, 0x0, 0x0,
    0x6f, 0xff, 0xff, 0xff, 0xff, 0xff, 0xff, 0xfa,
    0x6f, 0xff, 0xff, 0xff, 0xff, 0xff, 0xff, 0xfa,
    0x6f, 0xff, 0xff, 0xff, 0xff, 0xff, 0xff, 0xf7,
    0x2, 0x22, 0x22, 0x22, 0x22, 0x3e, 0xff, 0xd0,
    0x0, 0x0, 0x0, 0x0, 0x0, 0xbf, 0xff, 0x30,
    0x0, 0x0, 0x0, 0x0, 0x7, 0xff, 0xf8, 0x0,
    0x0, 0x0, 0x0, 0x0, 0x2f, 0xff, 0xc0, 0x0,
    0x0, 0x0, 0x0, 0x0, 0xcf, 0xff, 0x20, 0x0,
    0x0, 0x0, 0x0, 0x8, 0xff, 0xf7, 0x0, 0x0,
    0x0, 0x0, 0x0, 0x3f, 0xff, 0xc0, 0x0, 0x0,
    0x0, 0x0, 0x0, 0xdf, 0xff, 0x20, 0x0, 0x0,
    0x0, 0x0, 0x8, 0xff, 0xf7, 0x0, 0x0, 0x0,
    0x0, 0x0, 0x3f, 0xff, 0xc0, 0x0, 0x0, 0x0,
    0x0, 0x0, 0xdf, 0xff, 0x20, 0x0, 0x0, 0x0,
    0x0, 0x8, 0xff, 0xf6, 0x0, 0x0, 0x0, 0x0,
    0x0, 0x3f, 0xff, 0xb0, 0x0, 0x0, 0x0, 0x0,
    0x0, 0xdf, 0xfe, 0x10, 0x0, 0x0, 0x0, 0x0,
    0x9, 0xff, 0xf5, 0x22, 0x22, 0x22, 0x22, 0x21,
    0x3f, 0xff, 0xff, 0xff, 0xff, 0xff, 0xff, 0xfb,
    0x5f, 0xff, 0xff, 0xff, 0xff, 0xff, 0xff, 0xfb,
    0x5f, 0xff, 0xff, 0xff, 0xff, 0xff, 0xff, 0xfb,

    /* U+017A "ź" */
    0x0, 0x0, 0x0, 0xd, 0xff, 0x80, 0x0, 0x0,
    0x0, 0x0, 0x4f, 0xfd, 0x0, 0x0, 0x0, 0x0,
    0x0, 0xbf, 0xf3, 0x0, 0x0, 0x0, 0x0, 0x2,
    0xff, 0x90, 0x0, 0x0, 0x0, 0x0, 0x2, 0x55,
    0x0, 0x0, 0x0, 0x0, 0x0, 0x0, 0x0, 0x0,
    0x0, 0x0, 0x1f, 0xff, 0xff, 0xff, 0xff, 0xff,
    0xe0, 0x1f, 0xff, 0xff, 0xff, 0xff, 0xff, 0xe0,
    0x1f, 0xff, 0xff, 0xff, 0xff, 0xff, 0xd0, 0x2,
    0x22, 0x22, 0x22, 0xcf, 0xff, 0x30, 0x0, 0x0,
    0x0, 0x7, 0xff, 0xf8, 0x0, 0x0, 0x0, 0x0,
    0x3f, 0xff, 0xc0, 0x0, 0x0, 0x0, 0x1, 0xef,
    0xfe, 0x10, 0x0, 0x0, 0x0, 0xb, 0xff, 0xf5,
    0x0, 0x0, 0x0, 0x0, 0x7f, 0xff, 0x90, 0x0,
    0x0, 0x0, 0x3, 0xff, 0xfd, 0x0, 0x0, 0x0,
    0x0, 0x1e, 0xff, 0xf2, 0x0, 0x0, 0x0, 0x0,
    0xbf, 0xff, 0x60, 0x0, 0x0, 0x0, 0x7, 0xff,
    0xfc, 0x22, 0x22, 0x22, 0x20, 0x2f, 0xff, 0xff,
    0xff, 0xff, 0xff, 0xf2, 0x5f, 0xff, 0xff, 0xff,
    0xff, 0xff, 0xf2, 0x5f, 0xff, 0xff, 0xff, 0xff,
    0xff, 0xf2,

    /* U+017B "Ż" */
    0x0, 0x0, 0x0, 0x0, 0x0, 0x0, 0x0, 0x0,
    0x0, 0x0, 0x0, 0x3d, 0xf7, 0x0, 0x0, 0x0,
    0x0, 0x0, 0x0, 0xcf, 0xff, 0x20, 0x0, 0x0,
    0x0, 0x0, 0x0, 0xcf, 0xff, 0x10, 0x0, 0x0,
    0x0, 0x0, 0x0, 0x3d, 0xe7, 0x0, 0x0, 0x0,
    0x0, 0x0, 0x0, 0x0, 0x0, 0x0, 0x0, 0x0,
    0x0, 0x0, 0x0, 0x0, 0x0, 0x0, 0x0, 0x0,
    0x6f, 0xff, 0xff, 0xff, 0xff, 0xff, 0xff, 0xfa,
    0x6f, 0xff, 0xff, 0xff, 0xff, 0xff, 0xff, 0xfa,
    0x6f, 0xff, 0xff, 0xff, 0xff, 0xff, 0xff, 0xf7,
    0x2, 0x22, 0x22, 0x22, 0x22, 0x3e, 0xff, 0xd0,
    0x0, 0x0, 0x0, 0x0, 0x0, 0xbf, 0xff, 0x30,
    0x0, 0x0, 0x0, 0x0, 0x7, 0xff, 0xf8, 0x0,
    0x0, 0x0, 0x0, 0x0, 0x2f, 0xff, 0xc0, 0x0,
    0x0, 0x0, 0x0, 0x0, 0xcf, 0xff, 0x20, 0x0,
    0x0, 0x0, 0x0, 0x8, 0xff, 0xf7, 0x0, 0x0,
    0x0, 0x0, 0x0, 0x3f, 0xff, 0xc0, 0x0, 0x0,
    0x0, 0x0, 0x0, 0xdf, 0xff, 0x20, 0x0, 0x0,
    0x0, 0x0, 0x8, 0xff, 0xf7, 0x0, 0x0, 0x0,
    0x0, 0x0, 0x3f, 0xff, 0xc0, 0x0, 0x0, 0x0,
    0x0, 0x0, 0xdf, 0xff, 0x20, 0x0, 0x0, 0x0,
    0x0, 0x8, 0xff, 0xf6, 0x0, 0x0, 0x0, 0x0,
    0x0, 0x3f, 0xff, 0xb0, 0x0, 0x0, 0x0, 0x0,
    0x0, 0xdf, 0xfe, 0x10, 0x0, 0x0, 0x0, 0x0,
    0x9, 0xff, 0xf5, 0x22, 0x22, 0x22, 0x22, 0x21,
    0x3f, 0xff, 0xff, 0xff, 0xff, 0xff, 0xff, 0xfb,
    0x5f, 0xff, 0xff, 0xff, 0xff, 0xff, 0xff, 0xfb,
    0x5f, 0xff, 0xff, 0xff, 0xff, 0xff, 0xff, 0xfb,

    /* U+017C "ż" */
    0x0, 0x0, 0x0, 0x0, 0x0, 0x0, 0x0, 0x0,
    0x0, 0x7, 0xfd, 0x30, 0x0, 0x0, 0x0, 0x0,
    0x2f, 0xff, 0xc0, 0x0, 0x0, 0x0, 0x0, 0x2f,
    0xff, 0xc0, 0x0, 0x0, 0x0, 0x0, 0x7, 0xed,
    0x30, 0x0, 0x0, 0x0, 0x0, 0x0, 0x0, 0x0,
    0x0, 0x0, 0x0, 0x0, 0x0, 0x0, 0x0, 0x0,
    0x0, 0x1f, 0xff, 0xff, 0xff, 0xff, 0xff, 0xe0,
    0x1f, 0xff, 0xff, 0xff, 0xff, 0xff, 0xe0, 0x1f,
    0xff, 0xff, 0xff, 0xff, 0xff, 0xd0, 0x2, 0x22,
    0x22, 0x22, 0xcf, 0xff, 0x30, 0x0, 0x0, 0x0,
    0x7, 0xff, 0xf8, 0x0, 0x0, 0x0, 0x0, 0x3f,
    0xff, 0xc0, 0x0, 0x0, 0x0, 0x1, 0xef, 0xfe,
    0x10, 0x0, 0x0, 0x0, 0xb, 0xff, 0xf5, 0x0,
    0x0, 0x0, 0x0, 0x7f, 0xff, 0x90, 0x0, 0x0,
    0x0, 0x3, 0xff, 0xfd, 0x0, 0x0, 0x0, 0x0,
    0x1e, 0xff, 0xf2, 0x0, 0x0, 0x0, 0x0, 0xbf,
    0xff, 0x60, 0x0, 0x0, 0x0, 0x7, 0xff, 0xfc,
    0x22, 0x22, 0x22, 0x20, 0x2f, 0xff, 0xff, 0xff,
    0xff, 0xff, 0xf2, 0x5f, 0xff, 0xff, 0xff, 0xff,
    0xff, 0xf2, 0x5f, 0xff, 0xff, 0xff, 0xff, 0xff,
    0xf2,

    /* U+017D "Ž" */
    0x0, 0x6, 0x88, 0x30, 0x0, 0x78, 0x71, 0x0,
    0x0, 0x3, 0xff, 0xe1, 0xa, 0xff, 0x80, 0x0,
    0x0, 0x0, 0x5f, 0xfa, 0x6f, 0xfb, 0x0, 0x0,
    0x0, 0x0, 0x8, 0xff, 0xff, 0xd0, 0x0, 0x0,
    0x0, 0x0, 0x0, 0xaf, 0xfe, 0x10, 0x0, 0x0,
    0x0, 0x0, 0x0, 0x0, 0x0, 0x0, 0x0, 0x0,
    0x0, 0x0, 0x0, 0x0, 0x0, 0x0, 0x0, 0x0,
    0x6f, 0xff, 0xff, 0xff, 0xff, 0xff, 0xff, 0xfa,
    0x6f, 0xff, 0xff, 0xff, 0xff, 0xff, 0xff, 0xfa,
    0x6f, 0xff, 0xff, 0xff, 0xff, 0xff, 0xff, 0xf7,
    0x2, 0x22, 0x22, 0x22, 0x22, 0x3e, 0xff, 0xd0,
    0x0, 0x0, 0x0, 0x0, 0x0, 0xbf, 0xff, 0x30,
    0x0, 0x0, 0x0, 0x0, 0x7, 0xff, 0xf8, 0x0,
    0x0, 0x0, 0x0, 0x0, 0x2f, 0xff, 0xc0, 0x0,
    0x0, 0x0, 0x0, 0x0, 0xcf, 0xff, 0x20, 0x0,
    0x0, 0x0, 0x0, 0x8, 0xff, 0xf7, 0x0, 0x0,
    0x0, 0x0, 0x0, 0x3f, 0xff, 0xc0, 0x0, 0x0,
    0x0, 0x0, 0x0, 0xdf, 0xff, 0x20, 0x0, 0x0,
    0x0, 0x0, 0x8, 0xff, 0xf7, 0x0, 0x0, 0x0,
    0x0, 0x0, 0x3f, 0xff, 0xc0, 0x0, 0x0, 0x0,
    0x0, 0x0, 0xdf, 0xff, 0x20, 0x0, 0x0, 0x0,
    0x0, 0x8, 0xff, 0xf6, 0x0, 0x0, 0x0, 0x0,
    0x0, 0x3f, 0xff, 0xb0, 0x0, 0x0, 0x0, 0x0,
    0x0, 0xdf, 0xfe, 0x10, 0x0, 0x0, 0x0, 0x0,
    0x9, 0xff, 0xf5, 0x22, 0x22, 0x22, 0x22, 0x21,
    0x3f, 0xff, 0xff, 0xff, 0xff, 0xff, 0xff, 0xfb,
    0x5f, 0xff, 0xff, 0xff, 0xff, 0xff, 0xff, 0xfb,
    0x5f, 0xff, 0xff, 0xff, 0xff, 0xff, 0xff, 0xfb,

    /* U+017E "ž" */
    0x0, 0xcf, 0xf4, 0x0, 0xaf, 0xf9, 0x0, 0x0,
    0x1d, 0xff, 0x27, 0xff, 0xa0, 0x0, 0x0, 0x1,
    0xef, 0xef, 0xfa, 0x0, 0x0, 0x0, 0x0, 0x2e,
    0xff, 0xb0, 0x0, 0x0, 0x0, 0x0, 0x0, 0x0,
    0x0, 0x0, 0x0, 0x0, 0x0, 0x0, 0x0, 0x0,
    0x0, 0x0, 0x1f, 0xff, 0xff, 0xff, 0xff, 0xff,
    0xe0, 0x1f, 0xff, 0xff, 0xff, 0xff, 0xff, 0xe0,
    0x1f, 0xff, 0xff, 0xff, 0xff, 0xff, 0xd0, 0x2,
    0x22, 0x22, 0x22, 0xcf, 0xff, 0x30, 0x0, 0x0,
    0x0, 0x7, 0xff, 0xf8, 0x0, 0x0, 0x0, 0x0,
    0x3f, 0xff, 0xc0, 0x0, 0x0, 0x0, 0x1, 0xef,
    0xfe, 0x10, 0x0, 0x0, 0x0, 0xb, 0xff, 0xf5,
    0x0, 0x0, 0x0, 0x0, 0x7f, 0xff, 0x90, 0x0,
    0x0, 0x0, 0x3, 0xff, 0xfd, 0x0, 0x0, 0x0,
    0x0, 0x1e, 0xff, 0xf2, 0x0, 0x0, 0x0, 0x0,
    0xbf, 0xff, 0x60, 0x0, 0x0, 0x0, 0x7, 0xff,
    0xfc, 0x22, 0x22, 0x22, 0x20, 0x2f, 0xff, 0xff,
    0xff, 0xff, 0xff, 0xf2, 0x5f, 0xff, 0xff, 0xff,
    0xff, 0xff, 0xf2, 0x5f, 0xff, 0xff, 0xff, 0xff,
    0xff, 0xf2,

    /* U+017F "ſ" */
    0x0, 0x18, 0xdf, 0xec, 0x20, 0x1e, 0xff, 0xff,
    0xf1, 0xa, 0xff, 0xff, 0xfd, 0x0, 0xff, 0xfe,
    0x31, 0x20, 0x1f, 0xff, 0x70, 0x0, 0x1, 0xff,
    0xf6, 0x0, 0x0, 0x1f, 0xff, 0x60, 0x0, 0x1,
    0xff, 0xf6, 0x0, 0x0, 0x1f, 0xff, 0x60, 0x0,
    0x1, 0xff, 0xf6, 0x0, 0x0, 0x1f, 0xff, 0x60,
    0x0, 0x1, 0xff, 0xf6, 0x0, 0x0, 0x1f, 0xff,
    0x60, 0x0, 0x1, 0xff, 0xf6, 0x0, 0x0, 0x1f,
    0xff, 0x60, 0x0, 0x1, 0xff, 0xf6, 0x0, 0x0,
    0x1f, 0xff, 0x60, 0x0, 0x1, 0xff, 0xf6, 0x0,
    0x0, 0x1f, 0xff, 0x60, 0x0, 0x1, 0xff, 0xf6,
    0x0, 0x0, 0x1f, 0xff, 0x60, 0x0, 0x1, 0xff,
    0xf6, 0x0, 0x0,

    /* U+2010 "‐" */
    0x0, 0x0, 0x0, 0x0, 0x0, 0x8f, 0xff, 0xff,
    0xff, 0xfa, 0x8f, 0xff, 0xff, 0xff, 0xfa, 0x8f,
    0xff, 0xff, 0xff, 0xfa,

    /* U+2011 "‑" */
    0x0, 0x0, 0x0, 0x0, 0x0, 0x8f, 0xff, 0xff,
    0xff, 0xfa, 0x8f, 0xff, 0xff, 0xff, 0xfa, 0x8f,
    0xff, 0xff, 0xff, 0xfa,

    /* U+2012 "‒" */
    0x0, 0x0, 0x0, 0x0, 0x0, 0x0, 0x0, 0x0,
    0xe, 0xff, 0xff, 0xff, 0xff, 0xff, 0xff, 0xff,
    0xf0, 0xef, 0xff, 0xff, 0xff, 0xff, 0xff, 0xff,
    0xff, 0xe, 0xff, 0xff, 0xff, 0xff, 0xff, 0xff,
    0xff, 0xf0,

    /* U+2013 "–" */
    0x0, 0x0, 0x0, 0x0, 0x0, 0x0, 0x0, 0xff,
    0xff, 0xff, 0xff, 0xff, 0xff, 0xff, 0xff, 0xff,
    0xff, 0xff, 0xff, 0xff, 0xff, 0xff, 0xff, 0xff,
    0xff, 0xff, 0xff, 0xff,

    /* U+2014 "—" */
    0x0, 0x0, 0x0, 0x0, 0x0, 0x0, 0x0, 0x0,
    0x0, 0x0, 0x0, 0x0, 0x0, 0x0, 0xff, 0xff,
    0xff, 0xff, 0xff, 0xff, 0xff, 0xff, 0xff, 0xff,
    0xff, 0xff, 0xff, 0xff, 0xff, 0xff, 0xff, 0xff,
    0xff, 0xff, 0xff, 0xff, 0xff, 0xff, 0xff, 0xff,
    0xff, 0xff, 0xff, 0xff, 0xff, 0xff, 0xff, 0xff,
    0xff, 0xff, 0xff, 0xff, 0xff, 0xff, 0xff, 0xff,

    /* U+2015 "―" */
    0x0, 0x0, 0x0, 0x0, 0x0, 0x0, 0x0, 0x0,
    0x0, 0x0, 0x0, 0x0, 0x0, 0x0, 0xff, 0xff,
    0xff, 0xff, 0xff, 0xff, 0xff, 0xff, 0xff, 0xff,
    0xff, 0xff, 0xff, 0xff, 0xff, 0xff, 0xff, 0xff,
    0xff, 0xff, 0xff, 0xff, 0xff, 0xff, 0xff, 0xff,
    0xff, 0xff, 0xff, 0xff, 0xff, 0xff, 0xff, 0xff,
    0xff, 0xff, 0xff, 0xff, 0xff, 0xff, 0xff, 0xff,

    /* U+2016 "‖" */
    0x58, 0x85, 0x5, 0x88, 0x5a, 0xff, 0xa0, 0xaf,
    0xfa, 0xaf, 0xfa, 0xa, 0xff, 0xaa, 0xff, 0xa0,
    0xaf, 0xfa, 0xaf, 0xfa, 0xa, 0xff, 0xaa, 0xff,
    0xa0, 0xaf, 0xfa, 0xaf, 0xfa, 0xa, 0xff, 0xaa,
    0xff, 0xa0, 0xaf, 0xfa, 0xaf, 0xfa, 0xa, 0xff,
    0xaa, 0xff, 0xa0, 0xaf, 0xfa, 0xaf, 0xfa, 0xa,
    0xff, 0xaa, 0xff, 0xa0, 0xaf, 0xfa, 0xaf, 0xfa,
    0xa, 0xff, 0xaa, 0xff, 0xa0, 0xaf, 0xfa, 0xaf,
    0xfa, 0xa, 0xff, 0xaa, 0xff, 0xa0, 0xaf, 0xfa,
    0xaf, 0xfa, 0xa, 0xff, 0xaa, 0xff, 0xa0, 0xaf,
    0xfa, 0xaf, 0xfa, 0xa, 0xff, 0xaa, 0xff, 0xa0,
    0xaf, 0xfa, 0xaf, 0xfa, 0xa, 0xff, 0xaa, 0xff,
    0xa0, 0xaf, 0xfa, 0xaf, 0xfa, 0xa, 0xff, 0xaa,
    0xff, 0xa0, 0xaf, 0xfa, 0xaf, 0xfa, 0xa, 0xff,
    0xaa, 0xff, 0xa0, 0xaf, 0xfa, 0xaf, 0xfa, 0xa,
    0xff, 0xaa, 0xff, 0xa0, 0xaf, 0xfa, 0xaf, 0xfa,
    0xa, 0xff, 0xaa, 0xff, 0xa0, 0xaf, 0xfa, 0xaf,
    0xfa, 0xa, 0xff, 0xaa, 0xff, 0xa0, 0xaf, 0xfa,
    0xaf, 0xfa, 0xa, 0xff, 0xaa, 0xff, 0xa0, 0xaf,
    0xfa, 0xaf, 0xfa, 0xa, 0xff, 0xa0,

    /* U+2017 "‗" */
    0xdf, 0xff, 0xff, 0xff, 0xff, 0xff, 0xfd, 0xff,
    0xff, 0xff, 0xff, 0xff, 0xff, 0x23, 0x33, 0x33,
    0x33, 0x33, 0x33, 0x22, 0x22, 0x22, 0x22, 0x22,
    0x22, 0x22, 0xdf, 0xff, 0xff, 0xff, 0xff, 0xff,
    0xfd, 0xff, 0xff, 0xff, 0xff, 0xff, 0xff,

    /* U+2018 "‘" */
    0x0, 0x8f, 0xf0, 0x0, 0xcf, 0xe0, 0x1, 0xff,
    0xc0, 0x5, 0xff, 0x90, 0xa, 0xff, 0x70, 0xe,
    0xff, 0x50, 0x3f, 0xff, 0x30, 0x7f, 0xff, 0x0,
    0x58, 0x87, 0x0,

    /* U+2019 "’" */
    0x4, 0x88, 0x80, 0xb, 0xff, 0xd0, 0xd, 0xff,
    0x80, 0xf, 0xff, 0x40, 0x1f, 0xff, 0x0, 0x4f,
    0xfb, 0x0, 0x6f, 0xf6, 0x0, 0x8f, 0xf2, 0x0,
    0xaf, 0xd0, 0x0,

    /* U+201A "‚" */
    0x1, 0x88, 0x83, 0x4, 0xff, 0xf3, 0x7, 0xff,
    0xe0, 0x9, 0xff, 0xa0, 0xb, 0xff, 0x60, 0xd,
    0xff, 0x10, 0xf, 0xfd, 0x0, 0x2f, 0xf8, 0x0,
    0x4f, 0xf4, 0x0,

    /* U+201B "‛" */
    0xbf, 0xfd, 0x7, 0xff, 0xf0, 0x2f, 0xff, 0x20,
    0xef, 0xf4, 0x9, 0xff, 0x60, 0x5f, 0xf8, 0x1,
    0xff, 0xb0, 0xc, 0xfd, 0x0, 0x48, 0x70,

    /* U+201C "“" */
    0x0, 0x8f, 0xf0, 0x0, 0x9f, 0xf0, 0x0, 0xcf,
    0xe0, 0x0, 0xdf, 0xd0, 0x1, 0xff, 0xc0, 0x1,
    0xff, 0xb0, 0x5, 0xff, 0x90, 0x6, 0xff, 0x90,
    0xa, 0xff, 0x70, 0xa, 0xff, 0x70, 0xe, 0xff,
    0x50, 0xf, 0xff, 0x40, 0x3f, 0xff, 0x30, 0x3f,
    0xff, 0x20, 0x7f, 0xff, 0x0, 0x8f, 0xff, 0x0,
    0x58, 0x87, 0x0, 0x58, 0x87, 0x0,

    /* U+201D "”" */
    0x4, 0x88, 0x80, 0x6, 0x88, 0x70, 0xbf, 0xfd,
    0x0, 0xef, 0xfa, 0xd, 0xff, 0x80, 0xf, 0xff,
    0x50, 0xff, 0xf4, 0x2, 0xff, 0xf1, 0x1f, 0xff,
    0x0, 0x5f, 0xfc, 0x4, 0xff, 0xb0, 0x7, 0xff,
    0x80, 0x6f, 0xf6, 0x0, 0x9f, 0xf3, 0x8, 0xff,
    0x20, 0xb, 0xff, 0x0, 0xaf, 0xd0, 0x0, 0xef,
    0xa0, 0x0,

    /* U+201E "„" */
    0x1, 0x88, 0x83, 0x3, 0x88, 0x81, 0x4, 0xff,
    0xf3, 0x7, 0xff, 0xf0, 0x7, 0xff, 0xe0, 0xa,
    0xff, 0xb0, 0x9, 0xff, 0xa0, 0xc, 0xff, 0x70,
    0xb, 0xff, 0x60, 0xe, 0xff, 0x30, 0xd, 0xff,
    0x10, 0xf, 0xfe, 0x0, 0xf, 0xfd, 0x0, 0x3f,
    0xfa, 0x0, 0x2f, 0xf8, 0x0, 0x5f, 0xf5, 0x0,
    0x4f, 0xf4, 0x0, 0x7f, 0xf1, 0x0,

    /* U+201F "‟" */
    0xbf, 0xfd, 0x0, 0xef, 0xfa, 0x7, 0xff, 0xf0,
    0xa, 0xff, 0xc0, 0x2f, 0xff, 0x20, 0x5f, 0xff,
    0x0, 0xef, 0xf4, 0x1, 0xff, 0xf1, 0x9, 0xff,
    0x60, 0xc, 0xff, 0x30, 0x5f, 0xf8, 0x0, 0x8f,
    0xf5, 0x1, 0xff, 0xb0, 0x3, 0xff, 0x80, 0xc,
    0xfd, 0x0, 0xf, 0xfa, 0x0, 0x48, 0x70, 0x0,
    0x68, 0x60,

    /* U+2020 "†" */
    0x0, 0x0, 0xe, 0xff, 0x60, 0x0, 0x0, 0x0,
    0x0, 0xef, 0xf6, 0x0, 0x0, 0x0, 0x0, 0xe,
    0xff, 0x60, 0x0, 0x0, 0x0, 0x0, 0xef, 0xf6,
    0x0, 0x0, 0xb, 0xbb, 0xbf, 0xff, 0xdb, 0xbb,
    0x50, 0xff, 0xff, 0xff, 0xff, 0xff, 0xf7, 0xf,
    0xff, 0xff, 0xff, 0xff, 0xff, 0x70, 0x0, 0x0,
    0xef, 0xf6, 0x0, 0x0, 0x0, 0x0, 0xe, 0xff,
    0x60, 0x0, 0x0, 0x0, 0x0, 0xef, 0xf5, 0x0,
    0x0, 0x0, 0x0, 0xd, 0xff, 0x50, 0x0, 0x0,
    0x0, 0x0, 0xcf, 0xf3, 0x0, 0x0, 0x0, 0x0,
    0xa, 0xff, 0x10, 0x0, 0x0, 0x0, 0x0, 0x8f,
    0xf0, 0x0, 0x0, 0x0, 0x0, 0x6, 0xfe, 0x0,
    0x0, 0x0, 0x0, 0x0, 0x28, 0x60, 0x0, 0x0,

    /* U+2021 "‡" */
    0x0, 0x0, 0xe, 0xff, 0x60, 0x0, 0x0, 0x0,
    0x0, 0xef, 0xf6, 0x0, 0x0, 0x0, 0x0, 0xe,
    0xff, 0x60, 0x0, 0x0, 0x0, 0x0, 0xef, 0xf6,
    0x0, 0x0, 0xf, 0xff, 0xff, 0xff, 0xff, 0xff,
    0x70, 0xff, 0xff, 0xff, 0xff, 0xff, 0xf7, 0xa,
    0xaa, 0xaf, 0xff, 0xca, 0xaa, 0x50, 0x0, 0x0,
    0xef, 0xf6, 0x0, 0x0, 0x0, 0x0, 0xe, 0xff,
    0x60, 0x0, 0x0, 0x0, 0x0, 0xef, 0xf6, 0x0,
    0x0, 0x0, 0x0, 0xe, 0xff, 0x60, 0x0, 0x0,
    0xff, 0xff, 0xff, 0xff, 0xff, 0xf7, 0xf, 0xff,
    0xff, 0xff, 0xff, 0xff, 0x70, 0xbb, 0xbb, 0xff,
    0xfc, 0xbb, 0xb5, 0x0, 0x0, 0xe, 0xff, 0x60,
    0x0, 0x0, 0x0, 0x0, 0xef, 0xf5, 0x0, 0x0,
    0x0, 0x0, 0xd, 0xff, 0x40, 0x0, 0x0, 0x0,
    0x0, 0xbf, 0xf2, 0x0, 0x0, 0x0, 0x0, 0x9,
    0xff, 0x0, 0x0, 0x0, 0x0, 0x0, 0x7f, 0xe0,
    0x0, 0x0, 0x0, 0x0, 0x5, 0xfd, 0x0, 0x0,
    0x0,

    /* U+2022 "•" */
    0x0, 0x0, 0x0, 0x0, 0x0, 0x0, 0x2b, 0xff,
    0xb3, 0x0, 0x3, 0xff, 0xff, 0xff, 0x40, 0xd,
    0xff, 0xff, 0xff, 0xe0, 0x2f, 0xff, 0xff, 0xff,
    0xf4, 0x4f, 0xff, 0xff, 0xff, 0xf6, 0x2f, 0xff,
    0xff, 0xff, 0xf4, 0xd, 0xff, 0xff, 0xff, 0xe0,
    0x3, 0xff, 0xff, 0xff, 0x40, 0x0, 0x2a, 0xef,
    0xb3, 0x0,

    /* U+2023 "‣" */
    0x19, 0x10, 0x0, 0x0, 0x1, 0xfe, 0x50, 0x0,
    0x0, 0x1f, 0xff, 0xb2, 0x0, 0x1, 0xff, 0xff,
    0xf7, 0x0, 0x1f, 0xff, 0xff, 0xfc, 0x1, 0xff,
    0xff, 0xfb, 0x10, 0x1f, 0xff, 0xe5, 0x0, 0x1,
    0xff, 0x90, 0x0, 0x0, 0x1d, 0x30, 0x0, 0x0,
    0x0, 0x0, 0x0, 0x0, 0x0,

    /* U+2024 "․" */
    0x3, 0x73, 0x5, 0xff, 0xf3, 0xaf, 0xff, 0x99,
    0xff, 0xf7, 0x1b, 0xfb, 0x0,

    /* U+2025 "‥" */
    0x3, 0x73, 0x0, 0x0, 0x0, 0x47, 0x20, 0x5f,
    0xff, 0x30, 0x0, 0x6, 0xff, 0xf3, 0xaf, 0xff,
    0x90, 0x0, 0xb, 0xff, 0xf8, 0x9f, 0xff, 0x70,
    0x0, 0xa, 0xff, 0xf6, 0x1b, 0xfb, 0x0, 0x0,
    0x1, 0xcf, 0xa0,

    /* U+2026 "…" */
    0x3, 0x73, 0x0, 0x0, 0x0, 0x47, 0x20, 0x0,
    0x0, 0x4, 0x72, 0x5, 0xff, 0xf3, 0x0, 0x0,
    0x6f, 0xff, 0x30, 0x0, 0x7, 0xff, 0xf2, 0xaf,
    0xff, 0x90, 0x0, 0xb, 0xff, 0xf8, 0x0, 0x0,
    0xdf, 0xff, 0x79, 0xff, 0xf7, 0x0, 0x0, 0xaf,
    0xff, 0x60, 0x0, 0xb, 0xff, 0xf5, 0x1b, 0xfb,
    0x0, 0x0, 0x1, 0xcf, 0xa0, 0x0, 0x0, 0x2c,
    0xf9, 0x0,

    /* U+2027 "‧" */
    0x3, 0x73, 0x5, 0xff, 0xf3, 0xaf, 0xff, 0x99,
    0xff, 0xf7, 0x1b, 0xfb, 0x0,

    /* U+2190 "←" */
    0x0, 0x0, 0x0, 0x0, 0x0, 0x10, 0x0, 0x0,
    0x0, 0x0, 0x0, 0x0, 0x0, 0x0, 0x0, 0x7,
    0xe3, 0x0, 0x0, 0x0, 0x0, 0x0, 0x0, 0x0,
    0x0, 0x0, 0x7f, 0xfe, 0x20, 0x0, 0x0, 0x0,
    0x0, 0x0, 0x0, 0x0, 0x6, 0xff, 0xfa, 0x0,
    0x0, 0x0, 0x0, 0x0, 0x0, 0x0, 0x0, 0x6f,
    0xff, 0x90, 0x0, 0x0, 0x0, 0x0, 0x0, 0x0,
    0x0, 0x6, 0xff, 0xf9, 0x0, 0x0, 0x0, 0x0,
    0x0, 0x0, 0x0, 0x0, 0x6f, 0xff, 0x80, 0x0,
    0x0, 0x0, 0x0, 0x0, 0x0, 0x0, 0x6, 0xff,
    0xf6, 0x0, 0x0, 0x0, 0x0, 0x0, 0x0, 0x0,
    0x0, 0x6f, 0xfe, 0x31, 0x22, 0x22, 0x22, 0x22,
    0x22, 0x22, 0x20, 0x6, 0xff, 0xfe, 0xff, 0xff,
    0xff, 0xff, 0xff, 0xff, 0xff, 0xf3, 0xe, 0xff,
    0xff, 0xff, 0xff, 0xff, 0xff, 0xff, 0xff, 0xff,
    0xf3, 0x2, 0xef, 0xfc, 0x9b, 0xcc, 0xcc, 0xcc,
    0xcc, 0xcc, 0xcc, 0xc2, 0x0, 0x2e, 0xff, 0x90,
    0x0, 0x0, 0x0, 0x0, 0x0, 0x0, 0x0, 0x0,
    0x2, 0xef, 0xfc, 0x10, 0x0, 0x0, 0x0, 0x0,
    0x0, 0x0, 0x0, 0x0, 0x2e, 0xff, 0xd2, 0x0,
    0x0, 0x0, 0x0, 0x0, 0x0, 0x0, 0x0, 0x2,
    0xef, 0xfe, 0x20, 0x0, 0x0, 0x0, 0x0, 0x0,
    0x0, 0x0, 0x0, 0x2e, 0xff, 0xe2, 0x0, 0x0,
    0x0, 0x0, 0x0, 0x0, 0x0, 0x0, 0x2, 0xef,
    0xfe, 0x10, 0x0, 0x0, 0x0, 0x0, 0x0, 0x0,
    0x0, 0x0, 0x2e, 0xfb, 0x0, 0x0, 0x0, 0x0,
    0x0, 0x0, 0x0, 0x0, 0x0, 0x2, 0x90, 0x0,
    0x0, 0x0, 0x0, 0x0,

    /* U+2191 "↑" */
    0x0, 0x0, 0x0, 0x0, 0x0, 0x70, 0x0, 0x0,
    0x0, 0x0, 0x0, 0x0, 0x0, 0x0, 0xc, 0xf9,
    0x0, 0x0, 0x0, 0x0, 0x0, 0x0, 0x0, 0x0,
    0xcf, 0xff, 0x90, 0x0, 0x0, 0x0, 0x0, 0x0,
    0x0, 0xc, 0xff, 0xff, 0xf9, 0x0, 0x0, 0x0,
    0x0, 0x0, 0x0, 0xcf, 0xff, 0xff, 0xff, 0x90,
    0x0, 0x0, 0x0, 0x0, 0xc, 0xff, 0xad, 0xfa,
    0xdf, 0xf9, 0x0, 0x0, 0x0, 0x0, 0xcf, 0xfd,
    0xf, 0xfb, 0x2f, 0xff, 0x90, 0x0, 0x0, 0xc,
    0xff, 0xe2, 0xf, 0xfd, 0x4, 0xff, 0xf9, 0x0,
    0x0, 0xcf, 0xff, 0x30, 0x1f, 0xfd, 0x0, 0x6f,
    0xff, 0x90, 0xc, 0xff, 0xf3, 0x0, 0x1f, 0xfd,
    0x0, 0x6, 0xff, 0xf9, 0x8, 0xff, 0x30, 0x0,
    0x1f, 0xfd, 0x0, 0x0, 0x6f, 0xf5, 0x0, 0x83,
    0x0, 0x0, 0x1f, 0xfd, 0x0, 0x0, 0x6, 0x50,
    0x0, 0x0, 0x0, 0x0, 0x1f, 0xfd, 0x0, 0x0,
    0x0, 0x0, 0x0, 0x0, 0x0, 0x0, 0x1f, 0xfd,
    0x0, 0x0, 0x0, 0x0, 0x0, 0x0, 0x0, 0x0,
    0x1f, 0xfd, 0x0, 0x0, 0x0, 0x0, 0x0, 0x0,
    0x0, 0x0, 0x1f, 0xfd, 0x0, 0x0, 0x0, 0x0,
    0x0, 0x0, 0x0, 0x0, 0x1f, 0xfd, 0x0, 0x0,
    0x0, 0x0, 0x0, 0x0, 0x0, 0x0, 0x1f, 0xfd,
    0x0, 0x0, 0x0, 0x0, 0x0, 0x0, 0x0, 0x0,
    0x1f, 0xfd, 0x0, 0x0, 0x0, 0x0, 0x0, 0x0,
    0x0, 0x0, 0x1f, 0xfd, 0x0, 0x0, 0x0, 0x0,
    0x0, 0x0, 0x0, 0x0, 0x1f, 0xfd, 0x0, 0x0,
    0x0, 0x0,

    /* U+2192 "→" */
    0x0, 0x0, 0x0, 0x0, 0x0, 0x1, 0x0, 0x0,
    0x0, 0x0, 0x0, 0x0, 0x0, 0x0, 0x0, 0x6,
    0xe3, 0x0, 0x0, 0x0, 0x0, 0x0, 0x0, 0x0,
    0x0, 0x5, 0xff, 0xf3, 0x0, 0x0, 0x0, 0x0,
    0x0, 0x0, 0x0, 0x0, 0x1d, 0xff, 0xf3, 0x0,
    0x0, 0x0, 0x0, 0x0, 0x0, 0x0, 0x0, 0x1d,
    0xff, 0xf3, 0x0, 0x0, 0x0, 0x0, 0x0, 0x0,
    0x0, 0x0, 0x1d, 0xff, 0xf3, 0x0, 0x0, 0x0,
    0x0, 0x0, 0x0, 0x0, 0x0, 0x1c, 0xff, 0xe3,
    0x0, 0x0, 0x0, 0x0, 0x0, 0x0, 0x0, 0x0,
    0xa, 0xff, 0xe3, 0x0, 0x12, 0x22, 0x22, 0x22,
    0x22, 0x22, 0x22, 0x7, 0xff, 0xe3, 0x8, 0xff,
    0xff, 0xff, 0xff, 0xff, 0xff, 0xff, 0xef, 0xff,
    0xe3, 0x8f, 0xff, 0xff, 0xff, 0xff, 0xff, 0xff,
    0xff, 0xff, 0xff, 0xa6, 0xcc, 0xcc, 0xcc, 0xcc,
    0xcc, 0xcc, 0xca, 0x9e, 0xff, 0xb0, 0x0, 0x0,
    0x0, 0x0, 0x0, 0x0, 0x0, 0x1c, 0xff, 0xb0,
    0x0, 0x0, 0x0, 0x0, 0x0, 0x0, 0x0, 0x3e,
    0xff, 0xb0, 0x0, 0x0, 0x0, 0x0, 0x0, 0x0,
    0x0, 0x4f, 0xff, 0xb0, 0x0, 0x0, 0x0, 0x0,
    0x0, 0x0, 0x0, 0x5f, 0xff, 0xb0, 0x0, 0x0,
    0x0, 0x0, 0x0, 0x0, 0x0, 0x5f, 0xff, 0xb0,
    0x0, 0x0, 0x0, 0x0, 0x0, 0x0, 0x0, 0x4f,
    0xff, 0xb0, 0x0, 0x0, 0x0, 0x0, 0x0, 0x0,
    0x0, 0x2, 0xef, 0xb0, 0x0, 0x0, 0x0, 0x0,
    0x0, 0x0, 0x0, 0x0, 0x2, 0xa0, 0x0, 0x0,
    0x0, 0x0,

    /* U+2193 "↓" */
    0x0, 0x0, 0x0, 0x0, 0x6, 0x65, 0x0, 0x0,
    0x0, 0x0, 0x0, 0x0, 0x0, 0x0, 0x1f, 0xfd,
    0x0, 0x0, 0x0, 0x0, 0x0, 0x0, 0x0, 0x0,
    0x1f, 0xfd, 0x0, 0x0, 0x0, 0x0, 0x0, 0x0,
    0x0, 0x0, 0x1f, 0xfd, 0x0, 0x0, 0x0, 0x0,
    0x0, 0x0, 0x0, 0x0, 0x1f, 0xfd, 0x0, 0x0,
    0x0, 0x0, 0x0, 0x0, 0x0, 0x0, 0x1f, 0xfd,
    0x0, 0x0, 0x0, 0x0, 0x0, 0x0, 0x0, 0x0,
    0x1f, 0xfd, 0x0, 0x0, 0x0, 0x0, 0x0, 0x0,
    0x0, 0x0, 0x1f, 0xfd, 0x0, 0x0, 0x0, 0x0,
    0x0, 0x0, 0x0, 0x0, 0x1f, 0xfd, 0x0, 0x0,
    0x0, 0x0, 0x0, 0x0, 0x0, 0x0, 0x1f, 0xfd,
    0x0, 0x0, 0x0, 0x0, 0x1, 0xd8, 0x0, 0x0,
    0x1f, 0xfd, 0x0, 0x0, 0xc, 0xa0, 0xd, 0xff,
    0x80, 0x0, 0x1f, 0xfd, 0x0, 0x0, 0xcf, 0xfa,
    0x7, 0xff, 0xf8, 0x0, 0x1f, 0xfd, 0x0, 0xc,
    0xff, 0xf4, 0x0, 0x7f, 0xff, 0x80, 0x1f, 0xfd,
    0x0, 0xbf, 0xff, 0x40, 0x0, 0x7, 0xff, 0xf6,
    0xf, 0xfc, 0x9, 0xff, 0xf4, 0x0, 0x0, 0x0,
    0x7f, 0xff, 0x3e, 0xfb, 0x6f, 0xff, 0x40, 0x0,
    0x0, 0x0, 0x7, 0xff, 0xed, 0xfc, 0xff, 0xf4,
    0x0, 0x0, 0x0, 0x0, 0x0, 0x7f, 0xff, 0xff,
    0xff, 0x40, 0x0, 0x0, 0x0, 0x0, 0x0, 0x7,
    0xff, 0xff, 0xf4, 0x0, 0x0, 0x0, 0x0, 0x0,
    0x0, 0x0, 0x7f, 0xff, 0x40, 0x0, 0x0, 0x0,
    0x0, 0x0, 0x0, 0x0, 0x7, 0xf4, 0x0, 0x0,
    0x0, 0x0, 0x0, 0x0, 0x0, 0x0, 0x0, 0x20,
    0x0, 0x0, 0x0, 0x0,

    /* U+2212 "−" */
    0x7d, 0xdd, 0xdd, 0xdd, 0xdd, 0xdd, 0xdc, 0x9f,
    0xff, 0xff, 0xff, 0xff, 0xff, 0xfe, 0x9f, 0xff,
    0xff, 0xff, 0xff, 0xff, 0xfe, 0x24, 0x44, 0x44,
    0x44, 0x44, 0x44, 0x43,

    /* U+25B2 "▲" */
    0x0, 0x0, 0x0, 0x0, 0x0, 0x0, 0x3, 0x0,
    0x0, 0x0, 0x0, 0x0, 0x0, 0x0, 0x0, 0x0,
    0x0, 0x0, 0x0, 0x3, 0xf2, 0x0, 0x0, 0x0,
    0x0, 0x0, 0x0, 0x0, 0x0, 0x0, 0x0, 0x0,
    0x0, 0xcf, 0xb0, 0x0, 0x0, 0x0, 0x0, 0x0,
    0x0, 0x0, 0x0, 0x0, 0x0, 0x0, 0x6f, 0xff,
    0x50, 0x0, 0x0, 0x0, 0x0, 0x0, 0x0, 0x0,
    0x0, 0x0, 0x0, 0x1e, 0xff, 0xfe, 0x0, 0x0,
    0x0, 0x0, 0x0, 0x0, 0x0, 0x0, 0x0, 0x0,
    0x9, 0xff, 0xff, 0xf8, 0x0, 0x0, 0x0, 0x0,
    0x0, 0x0, 0x0, 0x0, 0x0, 0x3, 0xff, 0xff,
    0xff, 0xf2, 0x0, 0x0, 0x0, 0x0, 0x0, 0x0,
    0x0, 0x0, 0x0, 0xcf, 0xff, 0xff, 0xff, 0xb0,
    0x0, 0x0, 0x0, 0x0, 0x0, 0x0, 0x0, 0x0,
    0x6f, 0xff, 0xff, 0xff, 0xff, 0x50, 0x0, 0x0,
    0x0, 0x0, 0x0, 0x0, 0x0, 0x1e, 0xff, 0xff,
    0xff, 0xff, 0xfe, 0x0, 0x0, 0x0, 0x0, 0x0,
    0x0, 0x0, 0x9, 0xff, 0xff, 0xff, 0xff, 0xff,
    0xf8, 0x0, 0x0, 0x0, 0x0, 0x0, 0x0, 0x3,
    0xff, 0xff, 0xff, 0xff, 0xff, 0xff, 0xf2, 0x0,
    0x0, 0x0, 0x0, 0x0, 0x0, 0xcf, 0xff, 0xff,
    0xff, 0xff, 0xff, 0xff, 0xb0, 0x0, 0x0, 0x0,
    0x0, 0x0, 0x6f, 0xff, 0xff, 0xff, 0xff, 0xff,
    0xff, 0xff, 0x50, 0x0, 0x0, 0x0, 0x0, 0x1e,
    0xff, 0xff, 0xff, 0xff, 0xff, 0xff, 0xff, 0xfe,
    0x0, 0x0, 0x0, 0x0, 0x9, 0xff, 0xff, 0xff,
    0xff, 0xff, 0xff, 0xff, 0xff, 0xf8, 0x0, 0x0,
    0x0, 0x3, 0xff, 0xff, 0xff, 0xff, 0xff, 0xff,
    0xff, 0xff, 0xff, 0xf2, 0x0, 0x0, 0x0, 0xcf,
    0xff, 0xff, 0xff, 0xff, 0xff, 0xff, 0xff, 0xff,
    0xff, 0xb0, 0x0, 0x0, 0x6f, 0xff, 0xff, 0xff,
    0xff, 0xff, 0xff, 0xff, 0xff, 0xff, 0xff, 0x50,
    0x0, 0x1e, 0xff, 0xff, 0xff, 0xff, 0xff, 0xff,
    0xff, 0xff, 0xff, 0xff, 0xfe, 0x0, 0x9, 0xff,
    0xff, 0xff, 0xff, 0xff, 0xff, 0xff, 0xff, 0xff,
    0xff, 0xff, 0xf8, 0x3, 0xff, 0xff, 0xff, 0xff,
    0xff, 0xff, 0xff, 0xff, 0xff, 0xff, 0xff, 0xff,
    0xf2,

    /* U+25B6 "▶" */
    0x28, 0x0, 0x0, 0x0, 0x0, 0x0, 0x0, 0x0,
    0x0, 0x0, 0x0, 0x3, 0xfe, 0x50, 0x0, 0x0,
    0x0, 0x0, 0x0, 0x0, 0x0, 0x0, 0x0, 0x3f,
    0xff, 0xc3, 0x0, 0x0, 0x0, 0x0, 0x0, 0x0,
    0x0, 0x0, 0x3, 0xff, 0xff, 0xfa, 0x10, 0x0,
    0x0, 0x0, 0x0, 0x0, 0x0, 0x0, 0x3f, 0xff,
    0xff, 0xff, 0x70, 0x0, 0x0, 0x0, 0x0, 0x0,
    0x0, 0x3, 0xff, 0xff, 0xff, 0xff, 0xd5, 0x0,
    0x0, 0x0, 0x0, 0x0, 0x0, 0x3f, 0xff, 0xff,
    0xff, 0xff, 0xfb, 0x20, 0x0, 0x0, 0x0, 0x0,
    0x3, 0xff, 0xff, 0xff, 0xff, 0xff, 0xff, 0x91,
    0x0, 0x0, 0x0, 0x0, 0x3f, 0xff, 0xff, 0xff,
    0xff, 0xff, 0xff, 0xe6, 0x0, 0x0, 0x0, 0x3,
    0xff, 0xff, 0xff, 0xff, 0xff, 0xff, 0xff, 0xfd,
    0x40, 0x0, 0x0, 0x3f, 0xff, 0xff, 0xff, 0xff,
    0xff, 0xff, 0xff, 0xff, 0xb2, 0x0, 0x3, 0xff,
    0xff, 0xff, 0xff, 0xff, 0xff, 0xff, 0xff, 0xff,
    0xf8, 0x0, 0x3f, 0xff, 0xff, 0xff, 0xff, 0xff,
    0xff, 0xff, 0xff, 0xff, 0xfe, 0x53, 0xff, 0xff,
    0xff, 0xff, 0xff, 0xff, 0xff, 0xff, 0xff, 0xff,
    0x91, 0x3f, 0xff, 0xff, 0xff, 0xff, 0xff, 0xff,
    0xff, 0xff, 0xfc, 0x30, 0x3, 0xff, 0xff, 0xff,
    0xff, 0xff, 0xff, 0xff, 0xff, 0xe5, 0x0, 0x0,
    0x3f, 0xff, 0xff, 0xff, 0xff, 0xff, 0xff, 0xff,
    0x80, 0x0, 0x0, 0x3, 0xff, 0xff, 0xff, 0xff,
    0xff, 0xff, 0xfa, 0x10, 0x0, 0x0, 0x0, 0x3f,
    0xff, 0xff, 0xff, 0xff, 0xff, 0xc3, 0x0, 0x0,
    0x0, 0x0, 0x3, 0xff, 0xff, 0xff, 0xff, 0xfe,
    0x60, 0x0, 0x0, 0x0, 0x0, 0x0, 0x3f, 0xff,
    0xff, 0xff, 0xf8, 0x0, 0x0, 0x0, 0x0, 0x0,
    0x0, 0x3, 0xff, 0xff, 0xff, 0xb2, 0x0, 0x0,
    0x0, 0x0, 0x0, 0x0, 0x0, 0x3f, 0xff, 0xfd,
    0x40, 0x0, 0x0, 0x0, 0x0, 0x0, 0x0, 0x0,
    0x3, 0xff, 0xe6, 0x0, 0x0, 0x0, 0x0, 0x0,
    0x0, 0x0, 0x0, 0x0, 0x3f, 0x91, 0x0, 0x0,
    0x0, 0x0, 0x0, 0x0, 0x0, 0x0, 0x0, 0x1,
    0x20, 0x0, 0x0, 0x0, 0x0, 0x0, 0x0, 0x0,
    0x0, 0x0, 0x0,

    /* U+25BC "▼" */
    0x26, 0x66, 0x66, 0x66, 0x66, 0x66, 0x66, 0x66,
    0x66, 0x66, 0x66, 0x66, 0x66, 0x21, 0xef, 0xff,
    0xff, 0xff, 0xff, 0xff, 0xff, 0xff, 0xff, 0xff,
    0xff, 0xff, 0xe0, 0x6, 0xff, 0xff, 0xff, 0xff,
    0xff, 0xff, 0xff, 0xff, 0xff, 0xff, 0xff, 0xf5,
    0x0, 0xc, 0xff, 0xff, 0xff, 0xff, 0xff, 0xff,
    0xff, 0xff, 0xff, 0xff, 0xfb, 0x0, 0x0, 0x3f,
    0xff, 0xff, 0xff, 0xff, 0xff, 0xff, 0xff, 0xff,
    0xff, 0xff, 0x20, 0x0, 0x0, 0x9f, 0xff, 0xff,
    0xff, 0xff, 0xff, 0xff, 0xff, 0xff, 0xff, 0x80,
    0x0, 0x0, 0x1, 0xef, 0xff, 0xff, 0xff, 0xff,
    0xff, 0xff, 0xff, 0xff, 0xe0, 0x0, 0x0, 0x0,
    0x6, 0xff, 0xff, 0xff, 0xff, 0xff, 0xff, 0xff,
    0xff, 0xf5, 0x0, 0x0, 0x0, 0x0, 0xc, 0xff,
    0xff, 0xff, 0xff, 0xff, 0xff, 0xff, 0xfb, 0x0,
    0x0, 0x0, 0x0, 0x0, 0x3f, 0xff, 0xff, 0xff,
    0xff, 0xff, 0xff, 0xff, 0x20, 0x0, 0x0, 0x0,
    0x0, 0x0, 0x9f, 0xff, 0xff, 0xff, 0xff, 0xff,
    0xff, 0x80, 0x0, 0x0, 0x0, 0x0, 0x0, 0x1,
    0xef, 0xff, 0xff, 0xff, 0xff, 0xff, 0xe0, 0x0,
    0x0, 0x0, 0x0, 0x0, 0x0, 0x6, 0xff, 0xff,
    0xff, 0xff, 0xff, 0xf5, 0x0, 0x0, 0x0, 0x0,
    0x0, 0x0, 0x0, 0xc, 0xff, 0xff, 0xff, 0xff,
    0xfb, 0x0, 0x0, 0x0, 0x0, 0x0, 0x0, 0x0,
    0x0, 0x3f, 0xff, 0xff, 0xff, 0xff, 0x20, 0x0,
    0x0, 0x0, 0x0, 0x0, 0x0, 0x0, 0x0, 0x9f,
    0xff, 0xff, 0xff, 0x80, 0x0, 0x0, 0x0, 0x0,
    0x0, 0x0, 0x0, 0x0, 0x1, 0xef, 0xff, 0xff,
    0xe0, 0x0, 0x0, 0x0, 0x0, 0x0, 0x0, 0x0,
    0x0, 0x0, 0x6, 0xff, 0xff, 0xf5, 0x0, 0x0,
    0x0, 0x0, 0x0, 0x0, 0x0, 0x0, 0x0, 0x0,
    0xc, 0xff, 0xfb, 0x0, 0x0, 0x0, 0x0, 0x0,
    0x0, 0x0, 0x0, 0x0, 0x0, 0x0, 0x3f, 0xff,
    0x20, 0x0, 0x0, 0x0, 0x0, 0x0, 0x0, 0x0,
    0x0, 0x0, 0x0, 0x0, 0x9f, 0x80, 0x0, 0x0,
    0x0, 0x0, 0x0, 0x0, 0x0, 0x0, 0x0, 0x0,
    0x0, 0x1, 0xd0, 0x0, 0x0, 0x0, 0x0, 0x0,
    0x0, 0x0, 0x0, 0x0, 0x0, 0x0, 0x0, 0x0,
    0x0, 0x0, 0x0, 0x0, 0x0, 0x0, 0x0,

    /* U+25C0 "◀" */
    0x0, 0x0, 0x0, 0x0, 0x0, 0x0, 0x0, 0x0,
    0x0, 0x0, 0x5, 0x60, 0x0, 0x0, 0x0, 0x0,
    0x0, 0x0, 0x0, 0x0, 0x0, 0x2b, 0xf8, 0x0,
    0x0, 0x0, 0x0, 0x0, 0x0, 0x0, 0x0, 0x1,
    0x9f, 0xff, 0x80, 0x0, 0x0, 0x0, 0x0, 0x0,
    0x0, 0x0, 0x6, 0xef, 0xff, 0xf8, 0x0, 0x0,
    0x0, 0x0, 0x0, 0x0, 0x0, 0x4d, 0xff, 0xff,
    0xff, 0x80, 0x0, 0x0, 0x0, 0x0, 0x0, 0x2,
    0xbf, 0xff, 0xff, 0xff, 0xf8, 0x0, 0x0, 0x0,
    0x0, 0x0, 0x8, 0xff, 0xff, 0xff, 0xff, 0xff,
    0x80, 0x0, 0x0, 0x0, 0x0, 0x6e, 0xff, 0xff,
    0xff, 0xff, 0xff, 0xf8, 0x0, 0x0, 0x0, 0x3,
    0xcf, 0xff, 0xff, 0xff, 0xff, 0xff, 0xff, 0x80,
    0x0, 0x0, 0x1a, 0xff, 0xff, 0xff, 0xff, 0xff,
    0xff, 0xff, 0xf8, 0x0, 0x0, 0x8f, 0xff, 0xff,
    0xff, 0xff, 0xff, 0xff, 0xff, 0xff, 0x80, 0x5,
    0xef, 0xff, 0xff, 0xff, 0xff, 0xff, 0xff, 0xff,
    0xff, 0xf8, 0x2c, 0xff, 0xff, 0xff, 0xff, 0xff,
    0xff, 0xff, 0xff, 0xff, 0xff, 0x80, 0x6e, 0xff,
    0xff, 0xff, 0xff, 0xff, 0xff, 0xff, 0xff, 0xff,
    0xf8, 0x0, 0x19, 0xff, 0xff, 0xff, 0xff, 0xff,
    0xff, 0xff, 0xff, 0xff, 0x80, 0x0, 0x2, 0xbf,
    0xff, 0xff, 0xff, 0xff, 0xff, 0xff, 0xff, 0xf8,
    0x0, 0x0, 0x0, 0x4d, 0xff, 0xff, 0xff, 0xff,
    0xff, 0xff, 0xff, 0x80, 0x0, 0x0, 0x0, 0x7,
    0xff, 0xff, 0xff, 0xff, 0xff, 0xff, 0xf8, 0x0,
    0x0, 0x0, 0x0, 0x1, 0x9f, 0xff, 0xff, 0xff,
    0xff, 0xff, 0x80, 0x0, 0x0, 0x0, 0x0, 0x0,
    0x3c, 0xff, 0xff, 0xff, 0xff, 0xf8, 0x0, 0x0,
    0x0, 0x0, 0x0, 0x0, 0x5, 0xef, 0xff, 0xff,
    0xff, 0x80, 0x0, 0x0, 0x0, 0x0, 0x0, 0x0,
    0x0, 0x7f, 0xff, 0xff, 0xf8, 0x0, 0x0, 0x0,
    0x0, 0x0, 0x0, 0x0, 0x0, 0x1a, 0xff, 0xff,
    0x80, 0x0, 0x0, 0x0, 0x0, 0x0, 0x0, 0x0,
    0x0, 0x3, 0xcf, 0xf8, 0x0, 0x0, 0x0, 0x0,
    0x0, 0x0, 0x0, 0x0, 0x0, 0x0, 0x6e, 0x80,
    0x0, 0x0, 0x0, 0x0, 0x0, 0x0, 0x0, 0x0,
    0x0, 0x0, 0x3,

    /* U+2605 "★" */
    0x0, 0x0, 0x0, 0x0, 0x0, 0x0, 0x40, 0x0,
    0x0, 0x0, 0x0, 0x0, 0x0, 0x0, 0x0, 0x0,
    0x0, 0x0, 0xd, 0x10, 0x0, 0x0, 0x0, 0x0,
    0x0, 0x0, 0x0, 0x0, 0x0, 0x0, 0x2, 0xf6,
    0x0, 0x0, 0x0, 0x0, 0x0, 0x0, 0x0, 0x0,
    0x0, 0x0, 0x0, 0x7f, 0xb0, 0x0, 0x0, 0x0,
    0x0, 0x0, 0x0, 0x0, 0x0, 0x0, 0x0, 0xc,
    0xff, 0x10, 0x0, 0x0, 0x0, 0x0, 0x0, 0x0,
    0x0, 0x0, 0x0, 0x1, 0xff, 0xf6, 0x0, 0x0,
    0x0, 0x0, 0x0, 0x0, 0x0, 0x0, 0x0, 0x0,
    0x7f, 0xff, 0xb0, 0x0, 0x0, 0x0, 0x0, 0x0,
    0x0, 0x0, 0x0, 0x0, 0xc, 0xff, 0xff, 0x0,
    0x0, 0x0, 0x0, 0x0, 0x1, 0x11, 0x11, 0x11,
    0x12, 0xff, 0xff, 0xf6, 0x11, 0x11, 0x11, 0x11,
    0x0, 0x9f, 0xff, 0xff, 0xff, 0xff, 0xff, 0xff,
    0xff, 0xff, 0xff, 0xff, 0xc2, 0x0, 0x5e, 0xff,
    0xff, 0xff, 0xff, 0xff, 0xff, 0xff, 0xff, 0xff,
    0x80, 0x0, 0x0, 0x1c, 0xff, 0xff, 0xff, 0xff,
    0xff, 0xff, 0xff, 0xfe, 0x40, 0x0, 0x0, 0x0,
    0x7, 0xff, 0xff, 0xff, 0xff, 0xff, 0xff, 0xfb,
    0x10, 0x0, 0x0, 0x0, 0x0, 0x3, 0xdf, 0xff,
    0xff, 0xff, 0xff, 0xf6, 0x0, 0x0, 0x0, 0x0,
    0x0, 0x0, 0x1, 0xff, 0xff, 0xff, 0xff, 0xf5,
    0x0, 0x0, 0x0, 0x0, 0x0, 0x0, 0x0, 0x4f,
    0xff, 0xff, 0xff, 0xff, 0x90, 0x0, 0x0, 0x0,
    0x0, 0x0, 0x0, 0xa, 0xff, 0xff, 0xff, 0xff,
    0xfe, 0x0, 0x0, 0x0, 0x0, 0x0, 0x0, 0x0,
    0xff, 0xff, 0xfe, 0xff, 0xff, 0xf4, 0x0, 0x0,
    0x0, 0x0, 0x0, 0x0, 0x4f, 0xff, 0xf9, 0x6,
    0xff, 0xff, 0x90, 0x0, 0x0, 0x0, 0x0, 0x0,
    0xa, 0xff, 0xe4, 0x0, 0x2, 0xdf, 0xfe, 0x0,
    0x0, 0x0, 0x0, 0x0, 0x0, 0xff, 0xb1, 0x0,
    0x0, 0x0, 0x9f, 0xf4, 0x0, 0x0, 0x0, 0x0,
    0x0, 0x5f, 0x70, 0x0, 0x0, 0x0, 0x0, 0x4e,
    0x90, 0x0, 0x0, 0x0, 0x0, 0x8, 0x30, 0x0,
    0x0, 0x0, 0x0, 0x0, 0x1a, 0x0, 0x0, 0x0,
    0x0, 0x0, 0x0, 0x0, 0x0, 0x0, 0x0, 0x0,
    0x0, 0x0, 0x0, 0x0,

    /* U+2713 "✓" */
    0x0, 0x0, 0x0, 0x0, 0x0, 0x0, 0x0, 0x0,
    0x0, 0x80, 0x0, 0x0, 0x0, 0x0, 0x0, 0x0,
    0x0, 0x0, 0x0, 0xcf, 0xb0, 0x0, 0x0, 0x0,
    0x0, 0x0, 0x0, 0x0, 0x0, 0xcf, 0xff, 0x80,
    0x0, 0x0, 0x0, 0x0, 0x0, 0x0, 0x0, 0xcf,
    0xff, 0xc1, 0x0, 0x0, 0x0, 0x0, 0x0, 0x0,
    0x1, 0xcf, 0xff, 0xc1, 0x0, 0x0, 0x0, 0x0,
    0x0, 0x0, 0x1, 0xcf, 0xff, 0xc1, 0x0, 0x0,
    0x7c, 0x0, 0x0, 0x0, 0x1, 0xcf, 0xff, 0xc1,
    0x0, 0x0, 0x7f, 0xfc, 0x10, 0x0, 0x1, 0xcf,
    0xff, 0xc1, 0x0, 0x0, 0xc, 0xff, 0xfc, 0x10,
    0x1, 0xcf, 0xff, 0xc1, 0x0, 0x0, 0x0, 0x1c,
    0xff, 0xfd, 0x11, 0xcf, 0xff, 0xc1, 0x0, 0x0,
    0x0, 0x0, 0x1c, 0xff, 0xfd, 0xdf, 0xff, 0xc1,
    0x0, 0x0, 0x0, 0x0, 0x0, 0x1c, 0xff, 0xff,
    0xff, 0xc1, 0x0, 0x0, 0x0, 0x0, 0x0, 0x0,
    0xc, 0xff, 0xff, 0xc1, 0x0, 0x0, 0x0, 0x0,
    0x0, 0x0, 0x0, 0xc, 0xff, 0xc0, 0x0, 0x0,
    0x0, 0x0, 0x0, 0x0, 0x0, 0x0, 0xc, 0xc0,
    0x0, 0x0, 0x0, 0x0, 0x0, 0x0, 0x0, 0x0,
    0x0, 0x0, 0x0, 0x0, 0x0, 0x0, 0x0, 0x0
};


/*---------------------
 *  GLYPH DESCRIPTION
 *--------------------*/

static const lv_font_fmt_txt_glyph_dsc_t glyph_dsc[] = {
    {.bitmap_index = 0, .adv_w = 0, .box_w = 0, .box_h = 0, .ofs_x = 0, .ofs_y = 0} /* id = 0 reserved */,
    {.bitmap_index = 0, .adv_w = 120, .box_w = 0, .box_h = 0, .ofs_x = 0, .ofs_y = 0},
    {.bitmap_index = 0, .adv_w = 144, .box_w = 5, .box_h = 21, .ofs_x = 2, .ofs_y = 0},
    {.bitmap_index = 53, .adv_w = 234, .box_w = 10, .box_h = 9, .ofs_x = 2, .ofs_y = 12},
    {.bitmap_index = 98, .adv_w = 288, .box_w = 18, .box_h = 21, .ofs_x = 0, .ofs_y = 0},
    {.bitmap_index = 287, .adv_w = 291, .box_w = 16, .box_h = 27, .ofs_x = 1, .ofs_y = -3},
    {.bitmap_index = 503, .adv_w = 450, .box_w = 24, .box_h = 21, .ofs_x = 2, .ofs_y = 0},
    {.bitmap_index = 755, .adv_w = 297, .box_w = 18, .box_h = 21, .ofs_x = 1, .ofs_y = 0},
    {.bitmap_index = 944, .adv_w = 146, .box_w = 5, .box_h = 9, .ofs_x = 2, .ofs_y = 12},
    {.bitmap_index = 967, .adv_w = 175, .box_w = 8, .box_h = 27, .ofs_x = 2, .ofs_y = -4},
    {.bitmap_index = 1075, .adv_w = 175, .box_w = 8, .box_h = 27, .ofs_x = 1, .ofs_y = -4},
    {.bitmap_index = 1183, .adv_w = 290, .box_w = 12, .box_h = 12, .ofs_x = 3, .ofs_y = 9},
    {.bitmap_index = 1255, .adv_w = 290, .box_w = 14, .box_h = 15, .ofs_x = 2, .ofs_y = 1},
    {.bitmap_index = 1360, .adv_w = 120, .box_w = 5, .box_h = 9, .ofs_x = 1, .ofs_y = -5},
    {.bitmap_index = 1383, .adv_w = 290, .box_w = 10, .box_h = 4, .ofs_x = 4, .ofs_y = 7},
    {.bitmap_index = 1403, .adv_w = 120, .box_w = 5, .box_h = 5, .ofs_x = 1, .ofs_y = 0},
    {.bitmap_index = 1416, .adv_w = 170, .box_w = 11, .box_h = 25, .ofs_x = 0, .ofs_y = -3},
    {.bitmap_index = 1554, .adv_w = 290, .box_w = 16, .box_h = 21, .ofs_x = 1, .ofs_y = 0},
    {.bitmap_index = 1722, .adv_w = 290, .box_w = 15, .box_h = 21, .ofs_x = 2, .ofs_y = 0},
    {.bitmap_index = 1880, .adv_w = 290, .box_w = 15, .box_h = 21, .ofs_x = 2, .ofs_y = 0},
    {.bitmap_index = 2038, .adv_w = 290, .box_w = 16, .box_h = 21, .ofs_x = 1, .ofs_y = 0},
    {.bitmap_index = 2206, .adv_w = 290, .box_w = 16, .box_h = 21, .ofs_x = 1, .ofs_y = 0},
    {.bitmap_index = 2374, .adv_w = 290, .box_w = 16, .box_h = 21, .ofs_x = 1, .ofs_y = 0},
    {.bitmap_index = 2542, .adv_w = 290, .box_w = 16, .box_h = 21, .ofs_x = 1, .ofs_y = 0},
    {.bitmap_index = 2710, .adv_w = 290, .box_w = 14, .box_h = 21, .ofs_x = 2, .ofs_y = 0},
    {.bitmap_index = 2857, .adv_w = 290, .box_w = 16, .box_h = 21, .ofs_x = 1, .ofs_y = 0},
    {.bitmap_index = 3025, .adv_w = 290, .box_w = 16, .box_h = 21, .ofs_x = 1, .ofs_y = 0},
    {.bitmap_index = 3193, .adv_w = 120, .box_w = 5, .box_h = 16, .ofs_x = 1, .ofs_y = 0},
    {.bitmap_index = 3233, .adv_w = 120, .box_w = 6, .box_h = 21, .ofs_x = 1, .ofs_y = -5},
    {.bitmap_index = 3296, .adv_w = 290, .box_w = 14, .box_h = 17, .ofs_x = 2, .ofs_y = 0},
    {.bitmap_index = 3415, .adv_w = 290, .box_w = 14, .box_h = 10, .ofs_x = 2, .ofs_y = 3},
    {.bitmap_index = 3485, .adv_w = 290, .box_w = 14, .box_h = 17, .ofs_x = 2, .ofs_y = 0},
    {.bitmap_index = 3604, .adv_w = 243, .box_w = 13, .box_h = 21, .ofs_x = 1, .ofs_y = 0},
    {.bitmap_index = 3741, .adv_w = 448, .box_w = 26, .box_h = 27, .ofs_x = 1, .ofs_y = -6},
    {.bitmap_index = 4092, .adv_w = 326, .box_w = 20, .box_h = 21, .ofs_x = 0, .ofs_y = 0},
    {.bitmap_index = 4302, .adv_w = 295, .box_w = 16, .box_h = 21, .ofs_x = 2, .ofs_y = 0},
    {.bitmap_index = 4470, .adv_w = 330, .box_w = 19, .box_h = 21, .ofs_x = 1, .ofs_y = 0},
    {.bitmap_index = 4670, .adv_w = 324, .box_w = 17, .box_h = 21, .ofs_x = 2, .ofs_y = 0},
    {.bitmap_index = 4849, .adv_w = 271, .box_w = 14, .box_h = 21, .ofs_x = 2, .ofs_y = 0},
    {.bitmap_index = 4996, .adv_w = 263, .box_w = 14, .box_h = 21, .ofs_x = 2, .ofs_y = 0},
    {.bitmap_index = 5143, .adv_w = 336, .box_w = 19, .box_h = 21, .ofs_x = 1, .ofs_y = 0},
    {.bitmap_index = 5343, .adv_w = 334, .box_w = 17, .box_h = 21, .ofs_x = 2, .ofs_y = 0},
    {.bitmap_index = 5522, .adv_w = 124, .box_w = 4, .box_h = 21, .ofs_x = 2, .ofs_y = 0},
    {.bitmap_index = 5564, .adv_w = 260, .box_w = 14, .box_h = 21, .ofs_x = 1, .ofs_y = 0},
    {.bitmap_index = 5711, .adv_w = 315, .box_w = 17, .box_h = 21, .ofs_x = 2, .ofs_y = 0},
    {.bitmap_index = 5890, .adv_w = 253, .box_w = 13, .box_h = 21, .ofs_x = 2, .ofs_y = 0},
    {.bitmap_index = 6027, .adv_w = 413, .box_w = 22, .box_h = 21, .ofs_x = 2, .ofs_y = 0},
    {.bitmap_index = 6258, .adv_w = 340, .box_w = 18, .box_h = 21, .ofs_x = 2, .ofs_y = 0},
    {.bitmap_index = 6447, .adv_w = 344, .box_w = 20, .box_h = 21, .ofs_x = 1, .ofs_y = 0},
    {.bitmap_index = 6657, .adv_w = 289, .box_w = 15, .box_h = 21, .ofs_x = 2, .ofs_y = 0},
    {.bitmap_index = 6815, .adv_w = 346, .box_w = 20, .box_h = 23, .ofs_x = 1, .ofs_y = -2},
    {.bitmap_index = 7045, .adv_w = 292, .box_w = 16, .box_h = 21, .ofs_x = 2, .ofs_y = 0},
    {.bitmap_index = 7213, .adv_w = 291, .box_w = 16, .box_h = 21, .ofs_x = 1, .ofs_y = 0},
    {.bitmap_index = 7381, .adv_w = 296, .box_w = 17, .box_h = 21, .ofs_x = 1, .ofs_y = 0},
    {.bitmap_index = 7560, .adv_w = 330, .box_w = 17, .box_h = 21, .ofs_x = 2, .ofs_y = 0},
    {.bitmap_index = 7739, .adv_w = 326, .box_w = 20, .box_h = 21, .ofs_x = 0, .ofs_y = 0},
    {.bitmap_index = 7949, .adv_w = 457, .box_w = 28, .box_h = 21, .ofs_x = 0, .ofs_y = 0},
    {.bitmap_index = 8243, .adv_w = 322, .box_w = 20, .box_h = 21, .ofs_x = 0, .ofs_y = 0},
    {.bitmap_index = 8453, .adv_w = 320, .box_w = 20, .box_h = 21, .ofs_x = 0, .ofs_y = 0},
    {.bitmap_index = 8663, .adv_w = 292, .box_w = 16, .box_h = 21, .ofs_x = 1, .ofs_y = 0},
    {.bitmap_index = 8831, .adv_w = 175, .box_w = 7, .box_h = 26, .ofs_x = 3, .ofs_y = -4},
    {.bitmap_index = 8922, .adv_w = 170, .box_w = 11, .box_h = 25, .ofs_x = 0, .ofs_y = -3},
    {.bitmap_index = 9060, .adv_w = 175, .box_w = 7, .box_h = 26, .ofs_x = 1, .ofs_y = -4},
    {.bitmap_index = 9151, .adv_w = 216, .box_w = 12, .box_h = 9, .ofs_x = 1, .ofs_y = 12},
    {.bitmap_index = 9205, .adv_w = 210, .box_w = 14, .box_h = 3, .ofs_x = 0, .ofs_y = -3},
    {.bitmap_index = 9226, .adv_w = 157, .box_w = 6, .box_h = 5, .ofs_x = 2, .ofs_y = 18},
    {.bitmap_index = 9241, .adv_w = 257, .box_w = 14, .box_h = 16, .ofs_x = 1, .ofs_y = 0},
    {.bitmap_index = 9353, .adv_w = 280, .box_w = 16, .box_h = 21, .ofs_x = 1, .ofs_y = 0},
    {.bitmap_index = 9521, .adv_w = 261, .box_w = 15, .box_h = 16, .ofs_x = 1, .ofs_y = 0},
    {.bitmap_index = 9641, .adv_w = 280, .box_w = 15, .box_h = 21, .ofs_x = 1, .ofs_y = 0},
    {.bitmap_index = 9799, .adv_w = 265, .box_w = 15, .box_h = 16, .ofs_x = 1, .ofs_y = 0},
    {.bitmap_index = 9919, .adv_w = 174, .box_w = 11, .box_h = 22, .ofs_x = 0, .ofs_y = 0},
    {.bitmap_index = 10040, .adv_w = 280, .box_w = 15, .box_h = 22, .ofs_x = 1, .ofs_y = -6},
    {.bitmap_index = 10205, .adv_w = 274, .box_w = 15, .box_h = 21, .ofs_x = 1, .ofs_y = 0},
    {.bitmap_index = 10363, .adv_w = 117, .box_w = 5, .box_h = 23, .ofs_x = 1, .ofs_y = 0},
    {.bitmap_index = 10421, .adv_w = 117, .box_w = 7, .box_h = 28, .ofs_x = -1, .ofs_y = -6},
    {.bitmap_index = 10519, .adv_w = 255, .box_w = 15, .box_h = 21, .ofs_x = 1, .ofs_y = 0},
    {.bitmap_index = 10677, .adv_w = 117, .box_w = 5, .box_h = 21, .ofs_x = 1, .ofs_y = 0},
    {.bitmap_index = 10730, .adv_w = 403, .box_w = 23, .box_h = 16, .ofs_x = 1, .ofs_y = 0},
    {.bitmap_index = 10914, .adv_w = 274, .box_w = 15, .box_h = 16, .ofs_x = 1, .ofs_y = 0},
    {.bitmap_index = 11034, .adv_w = 273, .box_w = 15, .box_h = 16, .ofs_x = 1, .ofs_y = 0},
    {.bitmap_index = 11154, .adv_w = 280, .box_w = 16, .box_h = 22, .ofs_x = 1, .ofs_y = -6},
    {.bitmap_index = 11330, .adv_w = 280, .box_w = 15, .box_h = 22, .ofs_x = 1, .ofs_y = -6},
    {.bitmap_index = 11495, .adv_w = 178, .box_w = 10, .box_h = 17, .ofs_x = 1, .ofs_y = 0},
    {.bitmap_index = 11580, .adv_w = 246, .box_w = 14, .box_h = 16, .ofs_x = 1, .ofs_y = 0},
    {.bitmap_index = 11692, .adv_w = 158, .box_w = 10, .box_h = 20, .ofs_x = 0, .ofs_y = 0},
    {.bitmap_index = 11792, .adv_w = 274, .box_w = 15, .box_h = 16, .ofs_x = 1, .ofs_y = 0},
    {.bitmap_index = 11912, .adv_w = 263, .box_w = 16, .box_h = 16, .ofs_x = 0, .ofs_y = 0},
    {.bitmap_index = 12040, .adv_w = 376, .box_w = 23, .box_h = 16, .ofs_x = 0, .ofs_y = 0},
    {.bitmap_index = 12224, .adv_w = 255, .box_w = 16, .box_h = 16, .ofs_x = 0, .ofs_y = 0},
    {.bitmap_index = 12352, .adv_w = 264, .box_w = 16, .box_h = 22, .ofs_x = 0, .ofs_y = -6},
    {.bitmap_index = 12528, .adv_w = 254, .box_w = 14, .box_h = 16, .ofs_x = 1, .ofs_y = 0},
    {.bitmap_index = 12640, .adv_w = 175, .box_w = 10, .box_h = 26, .ofs_x = 0, .ofs_y = -4},
    {.bitmap_index = 12770, .adv_w = 161, .box_w = 4, .box_h = 35, .ofs_x = 3, .ofs_y = -7},
    {.bitmap_index = 12840, .adv_w = 175, .box_w = 10, .box_h = 26, .ofs_x = 1, .ofs_y = -4},
    {.bitmap_index = 12970, .adv_w = 290, .box_w = 16, .box_h = 6, .ofs_x = 1, .ofs_y = 5},
    {.bitmap_index = 13018, .adv_w = 120, .box_w = 0, .box_h = 0, .ofs_x = 0, .ofs_y = 0},
    {.bitmap_index = 13018, .adv_w = 144, .box_w = 5, .box_h = 22, .ofs_x = 2, .ofs_y = -6},
    {.bitmap_index = 13073, .adv_w = 261, .box_w = 15, .box_h = 21, .ofs_x = 1, .ofs_y = 0},
    {.bitmap_index = 13231, .adv_w = 282, .box_w = 16, .box_h = 21, .ofs_x = 1, .ofs_y = 0},
    {.bitmap_index = 13399, .adv_w = 336, .box_w = 19, .box_h = 19, .ofs_x = 1, .ofs_y = -1},
    {.bitmap_index = 13580, .adv_w = 252, .box_w = 16, .box_h = 21, .ofs_x = 0, .ofs_y = 0},
    {.bitmap_index = 13748, .adv_w = 142, .box_w = 5, .box_h = 25, .ofs_x = 2, .ofs_y = -4},
    {.bitmap_index = 13811, .adv_w = 255, .box_w = 14, .box_h = 26, .ofs_x = 1, .ofs_y = -5},
    {.bitmap_index = 13993, .adv_w = 274, .box_w = 11, .box_h = 4, .ofs_x = 3, .ofs_y = 18},
    {.bitmap_index = 14015, .adv_w = 410, .box_w = 22, .box_h = 22, .ofs_x = 2, .ofs_y = 0},
    {.bitmap_index = 14257, .adv_w = 206, .box_w = 12, .box_h = 12, .ofs_x = 0, .ofs_y = 9},
    {.bitmap_index = 14329, .adv_w = 284, .box_w = 16, .box_h = 14, .ofs_x = 1, .ofs_y = 2},
    {.bitmap_index = 14441, .adv_w = 301, .box_w = 14, .box_h = 8, .ofs_x = 2, .ofs_y = 4},
    {.bitmap_index = 14497, .adv_w = 297, .box_w = 17, .box_h = 17, .ofs_x = 1, .ofs_y = 5},
    {.bitmap_index = 14642, .adv_w = 202, .box_w = 9, .box_h = 3, .ofs_x = 2, .ofs_y = 19},
    {.bitmap_index = 14656, .adv_w = 205, .box_w = 11, .box_h = 10, .ofs_x = 1, .ofs_y = 11},
    {.bitmap_index = 14711, .adv_w = 290, .box_w = 14, .box_h = 16, .ofs_x = 2, .ofs_y = 0},
    {.bitmap_index = 14823, .adv_w = 203, .box_w = 11, .box_h = 12, .ofs_x = 1, .ofs_y = 12},
    {.bitmap_index = 14889, .adv_w = 208, .box_w = 11, .box_h = 12, .ofs_x = 1, .ofs_y = 12},
    {.bitmap_index = 14955, .adv_w = 157, .box_w = 6, .box_h = 5, .ofs_x = 2, .ofs_y = 18},
    {.bitmap_index = 14970, .adv_w = 275, .box_w = 17, .box_h = 22, .ofs_x = 1, .ofs_y = -6},
    {.bitmap_index = 15157, .adv_w = 269, .box_w = 14, .box_h = 21, .ofs_x = 1, .ofs_y = 0},
    {.bitmap_index = 15304, .adv_w = 143, .box_w = 5, .box_h = 5, .ofs_x = 2, .ofs_y = 8},
    {.bitmap_index = 15317, .adv_w = 149, .box_w = 6, .box_h = 7, .ofs_x = 2, .ofs_y = -6},
    {.bitmap_index = 15338, .adv_w = 145, .box_w = 7, .box_h = 12, .ofs_x = 1, .ofs_y = 12},
    {.bitmap_index = 15380, .adv_w = 218, .box_w = 13, .box_h = 12, .ofs_x = 0, .ofs_y = 9},
    {.bitmap_index = 15458, .adv_w = 284, .box_w = 16, .box_h = 14, .ofs_x = 1, .ofs_y = 2},
    {.bitmap_index = 15570, .adv_w = 372, .box_w = 22, .box_h = 22, .ofs_x = 1, .ofs_y = 0},
    {.bitmap_index = 15812, .adv_w = 390, .box_w = 23, .box_h = 22, .ofs_x = 1, .ofs_y = 0},
    {.bitmap_index = 16065, .adv_w = 406, .box_w = 24, .box_h = 22, .ofs_x = 1, .ofs_y = 0},
    {.bitmap_index = 16329, .adv_w = 243, .box_w = 14, .box_h = 22, .ofs_x = 1, .ofs_y = -6},
    {.bitmap_index = 16483, .adv_w = 326, .box_w = 20, .box_h = 28, .ofs_x = 0, .ofs_y = 0},
    {.bitmap_index = 16763, .adv_w = 326, .box_w = 20, .box_h = 28, .ofs_x = 0, .ofs_y = 0},
    {.bitmap_index = 17043, .adv_w = 326, .box_w = 20, .box_h = 28, .ofs_x = 0, .ofs_y = 0},
    {.bitmap_index = 17323, .adv_w = 326, .box_w = 20, .box_h = 27, .ofs_x = 0, .ofs_y = 0},
    {.bitmap_index = 17593, .adv_w = 326, .box_w = 20, .box_h = 27, .ofs_x = 0, .ofs_y = 0},
    {.bitmap_index = 17863, .adv_w = 326, .box_w = 20, .box_h = 29, .ofs_x = 0, .ofs_y = 0},
    {.bitmap_index = 18153, .adv_w = 454, .box_w = 27, .box_h = 21, .ofs_x = 0, .ofs_y = 0},
    {.bitmap_index = 18437, .adv_w = 330, .box_w = 19, .box_h = 27, .ofs_x = 1, .ofs_y = -6},
    {.bitmap_index = 18694, .adv_w = 271, .box_w = 14, .box_h = 28, .ofs_x = 2, .ofs_y = 0},
    {.bitmap_index = 18890, .adv_w = 271, .box_w = 14, .box_h = 28, .ofs_x = 2, .ofs_y = 0},
    {.bitmap_index = 19086, .adv_w = 271, .box_w = 14, .box_h = 28, .ofs_x = 2, .ofs_y = 0},
    {.bitmap_index = 19282, .adv_w = 271, .box_w = 14, .box_h = 27, .ofs_x = 2, .ofs_y = 0},
    {.bitmap_index = 19471, .adv_w = 124, .box_w = 7, .box_h = 28, .ofs_x = -1, .ofs_y = 0},
    {.bitmap_index = 19569, .adv_w = 124, .box_w = 6, .box_h = 28, .ofs_x = 2, .ofs_y = 0},
    {.bitmap_index = 19653, .adv_w = 124, .box_w = 12, .box_h = 28, .ofs_x = -2, .ofs_y = 0},
    {.bitmap_index = 19821, .adv_w = 124, .box_w = 10, .box_h = 27, .ofs_x = -1, .ofs_y = 0},
    {.bitmap_index = 19956, .adv_w = 337, .box_w = 20, .box_h = 21, .ofs_x = 0, .ofs_y = 0},
    {.bitmap_index = 20166, .adv_w = 340, .box_w = 18, .box_h = 27, .ofs_x = 2, .ofs_y = 0},
    {.bitmap_index = 20409, .adv_w = 344, .box_w = 20, .box_h = 28, .ofs_x = 1, .ofs_y = 0},
    {.bitmap_index = 20689, .adv_w = 344, .box_w = 20, .box_h = 28, .ofs_x = 1, .ofs_y = 0},
    {.bitmap_index = 20969, .adv_w = 344, .box_w = 20, .box_h = 28, .ofs_x = 1, .ofs_y = 0},
    {.bitmap_index = 21249, .adv_w = 344, .box_w = 20, .box_h = 28, .ofs_x = 1, .ofs_y = 0},
    {.bitmap_index = 21529, .adv_w = 344, .box_w = 20, .box_h = 28, .ofs_x = 1, .ofs_y = 0},
    {.bitmap_index = 21809, .adv_w = 290, .box_w = 14, .box_h = 15, .ofs_x = 2, .ofs_y = 1},
    {.bitmap_index = 21914, .adv_w = 344, .box_w = 20, .box_h = 23, .ofs_x = 1, .ofs_y = -1},
    {.bitmap_index = 22144, .adv_w = 330, .box_w = 17, .box_h = 28, .ofs_x = 2, .ofs_y = 0},
    {.bitmap_index = 22382, .adv_w = 330, .box_w = 17, .box_h = 28, .ofs_x = 2, .ofs_y = 0},
    {.bitmap_index = 22620, .adv_w = 330, .box_w = 17, .box_h = 28, .ofs_x = 2, .ofs_y = 0},
    {.bitmap_index = 22858, .adv_w = 330, .box_w = 17, .box_h = 28, .ofs_x = 2, .ofs_y = 0},
    {.bitmap_index = 23096, .adv_w = 320, .box_w = 20, .box_h = 28, .ofs_x = 0, .ofs_y = 0},
    {.bitmap_index = 23376, .adv_w = 295, .box_w = 16, .box_h = 21, .ofs_x = 1, .ofs_y = 0},
    {.bitmap_index = 23544, .adv_w = 288, .box_w = 15, .box_h = 21, .ofs_x = 2, .ofs_y = 0},
    {.bitmap_index = 23702, .adv_w = 257, .box_w = 14, .box_h = 23, .ofs_x = 1, .ofs_y = 0},
    {.bitmap_index = 23863, .adv_w = 257, .box_w = 14, .box_h = 23, .ofs_x = 1, .ofs_y = 0},
    {.bitmap_index = 24024, .adv_w = 257, .box_w = 14, .box_h = 23, .ofs_x = 1, .ofs_y = 0},
    {.bitmap_index = 24185, .adv_w = 257, .box_w = 14, .box_h = 21, .ofs_x = 1, .ofs_y = 0},
    {.bitmap_index = 24332, .adv_w = 257, .box_w = 14, .box_h = 22, .ofs_x = 1, .ofs_y = 0},
    {.bitmap_index = 24486, .adv_w = 257, .box_w = 14, .box_h = 24, .ofs_x = 1, .ofs_y = 0},
    {.bitmap_index = 24654, .adv_w = 409, .box_w = 24, .box_h = 16, .ofs_x = 1, .ofs_y = 0},
    {.bitmap_index = 24846, .adv_w = 261, .box_w = 15, .box_h = 22, .ofs_x = 1, .ofs_y = -6},
    {.bitmap_index = 25011, .adv_w = 265, .box_w = 15, .box_h = 23, .ofs_x = 1, .ofs_y = 0},
    {.bitmap_index = 25184, .adv_w = 265, .box_w = 15, .box_h = 23, .ofs_x = 1, .ofs_y = 0},
    {.bitmap_index = 25357, .adv_w = 265, .box_w = 15, .box_h = 23, .ofs_x = 1, .ofs_y = 0},
    {.bitmap_index = 25530, .adv_w = 265, .box_w = 15, .box_h = 22, .ofs_x = 1, .ofs_y = 0},
    {.bitmap_index = 25695, .adv_w = 117, .box_w = 7, .box_h = 22, .ofs_x = -1, .ofs_y = 0},
    {.bitmap_index = 25772, .adv_w = 117, .box_w = 7, .box_h = 22, .ofs_x = 1, .ofs_y = 0},
    {.bitmap_index = 25849, .adv_w = 117, .box_w = 11, .box_h = 22, .ofs_x = -2, .ofs_y = 0},
    {.bitmap_index = 25970, .adv_w = 117, .box_w = 11, .box_h = 22, .ofs_x = -2, .ofs_y = 0},
    {.bitmap_index = 26091, .adv_w = 266, .box_w = 15, .box_h = 23, .ofs_x = 1, .ofs_y = 0},
    {.bitmap_index = 26264, .adv_w = 274, .box_w = 15, .box_h = 21, .ofs_x = 1, .ofs_y = 0},
    {.bitmap_index = 26422, .adv_w = 273, .box_w = 15, .box_h = 23, .ofs_x = 1, .ofs_y = 0},
    {.bitmap_index = 26595, .adv_w = 273, .box_w = 15, .box_h = 23, .ofs_x = 1, .ofs_y = 0},
    {.bitmap_index = 26768, .adv_w = 273, .box_w = 15, .box_h = 23, .ofs_x = 1, .ofs_y = 0},
    {.bitmap_index = 26941, .adv_w = 273, .box_w = 15, .box_h = 21, .ofs_x = 1, .ofs_y = 0},
    {.bitmap_index = 27099, .adv_w = 273, .box_w = 15, .box_h = 22, .ofs_x = 1, .ofs_y = 0},
    {.bitmap_index = 27264, .adv_w = 290, .box_w = 14, .box_h = 16, .ofs_x = 2, .ofs_y = 0},
    {.bitmap_index = 27376, .adv_w = 273, .box_w = 15, .box_h = 18, .ofs_x = 1, .ofs_y = -1},
    {.bitmap_index = 27511, .adv_w = 274, .box_w = 15, .box_h = 23, .ofs_x = 1, .ofs_y = 0},
    {.bitmap_index = 27684, .adv_w = 274, .box_w = 15, .box_h = 23, .ofs_x = 1, .ofs_y = 0},
    {.bitmap_index = 27857, .adv_w = 274, .box_w = 15, .box_h = 23, .ofs_x = 1, .ofs_y = 0},
    {.bitmap_index = 28030, .adv_w = 274, .box_w = 15, .box_h = 22, .ofs_x = 1, .ofs_y = 0},
    {.bitmap_index = 28195, .adv_w = 264, .box_w = 16, .box_h = 28, .ofs_x = 0, .ofs_y = -6},
    {.bitmap_index = 28419, .adv_w = 280, .box_w = 16, .box_h = 27, .ofs_x = 1, .ofs_y = -6},
    {.bitmap_index = 28635, .adv_w = 264, .box_w = 16, .box_h = 28, .ofs_x = 0, .ofs_y = -6},
    {.bitmap_index = 28859, .adv_w = 326, .box_w = 20, .box_h = 27, .ofs_x = 0, .ofs_y = 0},
    {.bitmap_index = 29129, .adv_w = 257, .box_w = 14, .box_h = 21, .ofs_x = 1, .ofs_y = 0},
    {.bitmap_index = 29276, .adv_w = 326, .box_w = 20, .box_h = 28, .ofs_x = 0, .ofs_y = 0},
    {.bitmap_index = 29556, .adv_w = 257, .box_w = 14, .box_h = 23, .ofs_x = 1, .ofs_y = 0},
    {.bitmap_index = 29717, .adv_w = 326, .box_w = 21, .box_h = 27, .ofs_x = 0, .ofs_y = -6},
    {.bitmap_index = 30001, .adv_w = 257, .box_w = 14, .box_h = 22, .ofs_x = 1, .ofs_y = -6},
    {.bitmap_index = 30155, .adv_w = 330, .box_w = 19, .box_h = 28, .ofs_x = 1, .ofs_y = 0},
    {.bitmap_index = 30421, .adv_w = 261, .box_w = 15, .box_h = 23, .ofs_x = 1, .ofs_y = 0},
    {.bitmap_index = 30594, .adv_w = 330, .box_w = 19, .box_h = 28, .ofs_x = 1, .ofs_y = 0},
    {.bitmap_index = 30860, .adv_w = 261, .box_w = 15, .box_h = 23, .ofs_x = 1, .ofs_y = 0},
    {.bitmap_index = 31033, .adv_w = 330, .box_w = 19, .box_h = 28, .ofs_x = 1, .ofs_y = 0},
    {.bitmap_index = 31299, .adv_w = 261, .box_w = 15, .box_h = 23, .ofs_x = 1, .ofs_y = 0},
    {.bitmap_index = 31472, .adv_w = 330, .box_w = 19, .box_h = 28, .ofs_x = 1, .ofs_y = 0},
    {.bitmap_index = 31738, .adv_w = 261, .box_w = 15, .box_h = 23, .ofs_x = 1, .ofs_y = 0},
    {.bitmap_index = 31911, .adv_w = 324, .box_w = 17, .box_h = 28, .ofs_x = 2, .ofs_y = 0},
    {.bitmap_index = 32149, .adv_w = 331, .box_w = 20, .box_h = 23, .ofs_x = 1, .ofs_y = 0},
    {.bitmap_index = 32379, .adv_w = 337, .box_w = 20, .box_h = 21, .ofs_x = 0, .ofs_y = 0},
    {.bitmap_index = 32589, .adv_w = 280, .box_w = 17, .box_h = 21, .ofs_x = 1, .ofs_y = 0},
    {.bitmap_index = 32768, .adv_w = 271, .box_w = 14, .box_h = 27, .ofs_x = 2, .ofs_y = 0},
    {.bitmap_index = 32957, .adv_w = 265, .box_w = 15, .box_h = 21, .ofs_x = 1, .ofs_y = 0},
    {.bitmap_index = 33115, .adv_w = 271, .box_w = 14, .box_h = 28, .ofs_x = 2, .ofs_y = 0},
    {.bitmap_index = 33311, .adv_w = 265, .box_w = 15, .box_h = 23, .ofs_x = 1, .ofs_y = 0},
    {.bitmap_index = 33484, .adv_w = 271, .box_w = 14, .box_h = 28, .ofs_x = 2, .ofs_y = 0},
    {.bitmap_index = 33680, .adv_w = 265, .box_w = 15, .box_h = 23, .ofs_x = 1, .ofs_y = 0},
    {.bitmap_index = 33853, .adv_w = 271, .box_w = 15, .box_h = 27, .ofs_x = 2, .ofs_y = -6},
    {.bitmap_index = 34056, .adv_w = 265, .box_w = 15, .box_h = 22, .ofs_x = 1, .ofs_y = -6},
    {.bitmap_index = 34221, .adv_w = 271, .box_w = 14, .box_h = 28, .ofs_x = 2, .ofs_y = 0},
    {.bitmap_index = 34417, .adv_w = 265, .box_w = 15, .box_h = 23, .ofs_x = 1, .ofs_y = 0},
    {.bitmap_index = 34590, .adv_w = 336, .box_w = 19, .box_h = 28, .ofs_x = 1, .ofs_y = 0},
    {.bitmap_index = 34856, .adv_w = 280, .box_w = 15, .box_h = 29, .ofs_x = 1, .ofs_y = -6},
    {.bitmap_index = 35074, .adv_w = 336, .box_w = 19, .box_h = 28, .ofs_x = 1, .ofs_y = 0},
    {.bitmap_index = 35340, .adv_w = 280, .box_w = 15, .box_h = 29, .ofs_x = 1, .ofs_y = -6},
    {.bitmap_index = 35558, .adv_w = 336, .box_w = 19, .box_h = 28, .ofs_x = 1, .ofs_y = 0},
    {.bitmap_index = 35824, .adv_w = 280, .box_w = 15, .box_h = 29, .ofs_x = 1, .ofs_y = -6},
    {.bitmap_index = 36042, .adv_w = 336, .box_w = 19, .box_h = 28, .ofs_x = 1, .ofs_y = -7},
    {.bitmap_index = 36308, .adv_w = 280, .box_w = 15, .box_h = 30, .ofs_x = 1, .ofs_y = -6},
    {.bitmap_index = 36533, .adv_w = 334, .box_w = 17, .box_h = 28, .ofs_x = 2, .ofs_y = 0},
    {.bitmap_index = 36771, .adv_w = 274, .box_w = 18, .box_h = 28, .ofs_x = -2, .ofs_y = 0},
    {.bitmap_index = 37023, .adv_w = 357, .box_w = 21, .box_h = 21, .ofs_x = 1, .ofs_y = 0},
    {.bitmap_index = 37244, .adv_w = 274, .box_w = 17, .box_h = 21, .ofs_x = -1, .ofs_y = 0},
    {.bitmap_index = 37423, .adv_w = 124, .box_w = 10, .box_h = 27, .ofs_x = -1, .ofs_y = 0},
    {.bitmap_index = 37558, .adv_w = 117, .box_w = 10, .box_h = 21, .ofs_x = -1, .ofs_y = 0},
    {.bitmap_index = 37663, .adv_w = 124, .box_w = 9, .box_h = 27, .ofs_x = -1, .ofs_y = 0},
    {.bitmap_index = 37785, .adv_w = 117, .box_w = 9, .box_h = 21, .ofs_x = -1, .ofs_y = 0},
    {.bitmap_index = 37880, .adv_w = 124, .box_w = 10, .box_h = 28, .ofs_x = -1, .ofs_y = 0},
    {.bitmap_index = 38020, .adv_w = 117, .box_w = 10, .box_h = 22, .ofs_x = -1, .ofs_y = 0},
    {.bitmap_index = 38130, .adv_w = 124, .box_w = 7, .box_h = 27, .ofs_x = 0, .ofs_y = -6},
    {.bitmap_index = 38225, .adv_w = 117, .box_w = 8, .box_h = 29, .ofs_x = -1, .ofs_y = -6},
    {.bitmap_index = 38341, .adv_w = 124, .box_w = 5, .box_h = 28, .ofs_x = 1, .ofs_y = 0},
    {.bitmap_index = 38411, .adv_w = 117, .box_w = 5, .box_h = 16, .ofs_x = 1, .ofs_y = 0},
    {.bitmap_index = 38451, .adv_w = 384, .box_w = 20, .box_h = 21, .ofs_x = 2, .ofs_y = 0},
    {.bitmap_index = 38661, .adv_w = 234, .box_w = 13, .box_h = 28, .ofs_x = 1, .ofs_y = -6},
    {.bitmap_index = 38843, .adv_w = 260, .box_w = 17, .box_h = 28, .ofs_x = 1, .ofs_y = 0},
    {.bitmap_index = 39081, .adv_w = 117, .box_w = 11, .box_h = 28, .ofs_x = -2, .ofs_y = -6},
    {.bitmap_index = 39235, .adv_w = 315, .box_w = 17, .box_h = 28, .ofs_x = 2, .ofs_y = -7},
    {.bitmap_index = 39473, .adv_w = 255, .box_w = 15, .box_h = 28, .ofs_x = 1, .ofs_y = -7},
    {.bitmap_index = 39683, .adv_w = 254, .box_w = 15, .box_h = 16, .ofs_x = 1, .ofs_y = 0},
    {.bitmap_index = 39803, .adv_w = 253, .box_w = 13, .box_h = 28, .ofs_x = 2, .ofs_y = 0},
    {.bitmap_index = 39985, .adv_w = 117, .box_w = 7, .box_h = 28, .ofs_x = 1, .ofs_y = 0},
    {.bitmap_index = 40083, .adv_w = 253, .box_w = 13, .box_h = 28, .ofs_x = 2, .ofs_y = -7},
    {.bitmap_index = 40265, .adv_w = 117, .box_w = 6, .box_h = 28, .ofs_x = 0, .ofs_y = -7},
    {.bitmap_index = 40349, .adv_w = 253, .box_w = 13, .box_h = 22, .ofs_x = 2, .ofs_y = 0},
    {.bitmap_index = 40492, .adv_w = 169, .box_w = 10, .box_h = 22, .ofs_x = 1, .ofs_y = 0},
    {.bitmap_index = 40602, .adv_w = 257, .box_w = 13, .box_h = 21, .ofs_x = 2, .ofs_y = 0},
    {.bitmap_index = 40739, .adv_w = 188, .box_w = 11, .box_h = 21, .ofs_x = 1, .ofs_y = 0},
    {.bitmap_index = 40855, .adv_w = 270, .box_w = 16, .box_h = 21, .ofs_x = 0, .ofs_y = 0},
    {.bitmap_index = 41023, .adv_w = 117, .box_w = 9, .box_h = 21, .ofs_x = -1, .ofs_y = 0},
    {.bitmap_index = 41118, .adv_w = 340, .box_w = 18, .box_h = 28, .ofs_x = 2, .ofs_y = 0},
    {.bitmap_index = 41370, .adv_w = 274, .box_w = 15, .box_h = 22, .ofs_x = 1, .ofs_y = 0},
    {.bitmap_index = 41535, .adv_w = 340, .box_w = 18, .box_h = 28, .ofs_x = 2, .ofs_y = -7},
    {.bitmap_index = 41787, .adv_w = 274, .box_w = 15, .box_h = 23, .ofs_x = 1, .ofs_y = -7},
    {.bitmap_index = 41960, .adv_w = 340, .box_w = 18, .box_h = 28, .ofs_x = 2, .ofs_y = 0},
    {.bitmap_index = 42212, .adv_w = 274, .box_w = 15, .box_h = 22, .ofs_x = 1, .ofs_y = 0},
    {.bitmap_index = 42377, .adv_w = 340, .box_w = 18, .box_h = 27, .ofs_x = 2, .ofs_y = -6},
    {.bitmap_index = 42620, .adv_w = 274, .box_w = 15, .box_h = 22, .ofs_x = 1, .ofs_y = -6},
    {.bitmap_index = 42785, .adv_w = 344, .box_w = 20, .box_h = 27, .ofs_x = 1, .ofs_y = 0},
    {.bitmap_index = 43055, .adv_w = 273, .box_w = 15, .box_h = 21, .ofs_x = 1, .ofs_y = 0},
    {.bitmap_index = 43213, .adv_w = 344, .box_w = 20, .box_h = 28, .ofs_x = 1, .ofs_y = 0},
    {.bitmap_index = 43493, .adv_w = 273, .box_w = 15, .box_h = 23, .ofs_x = 1, .ofs_y = 0},
    {.bitmap_index = 43666, .adv_w = 344, .box_w = 20, .box_h = 28, .ofs_x = 1, .ofs_y = 0},
    {.bitmap_index = 43946, .adv_w = 273, .box_w = 15, .box_h = 23, .ofs_x = 1, .ofs_y = 0},
    {.bitmap_index = 44119, .adv_w = 454, .box_w = 26, .box_h = 21, .ofs_x = 1, .ofs_y = 0},
    {.bitmap_index = 44392, .adv_w = 444, .box_w = 26, .box_h = 16, .ofs_x = 1, .ofs_y = 0},
    {.bitmap_index = 44600, .adv_w = 292, .box_w = 16, .box_h = 28, .ofs_x = 2, .ofs_y = 0},
    {.bitmap_index = 44824, .adv_w = 178, .box_w = 10, .box_h = 22, .ofs_x = 1, .ofs_y = 0},
    {.bitmap_index = 44934, .adv_w = 292, .box_w = 16, .box_h = 28, .ofs_x = 2, .ofs_y = -7},
    {.bitmap_index = 45158, .adv_w = 178, .box_w = 11, .box_h = 24, .ofs_x = 0, .ofs_y = -7},
    {.bitmap_index = 45290, .adv_w = 292, .box_w = 16, .box_h = 28, .ofs_x = 2, .ofs_y = 0},
    {.bitmap_index = 45514, .adv_w = 178, .box_w = 12, .box_h = 22, .ofs_x = 0, .ofs_y = 0},
    {.bitmap_index = 45646, .adv_w = 291, .box_w = 16, .box_h = 28, .ofs_x = 1, .ofs_y = 0},
    {.bitmap_index = 45870, .adv_w = 246, .box_w = 14, .box_h = 23, .ofs_x = 1, .ofs_y = 0},
    {.bitmap_index = 46031, .adv_w = 291, .box_w = 16, .box_h = 28, .ofs_x = 1, .ofs_y = 0},
    {.bitmap_index = 46255, .adv_w = 246, .box_w = 14, .box_h = 23, .ofs_x = 1, .ofs_y = 0},
    {.bitmap_index = 46416, .adv_w = 291, .box_w = 16, .box_h = 27, .ofs_x = 1, .ofs_y = -6},
    {.bitmap_index = 46632, .adv_w = 246, .box_w = 14, .box_h = 22, .ofs_x = 1, .ofs_y = -6},
    {.bitmap_index = 46786, .adv_w = 291, .box_w = 16, .box_h = 28, .ofs_x = 1, .ofs_y = 0},
    {.bitmap_index = 47010, .adv_w = 246, .box_w = 14, .box_h = 23, .ofs_x = 1, .ofs_y = 0},
    {.bitmap_index = 47171, .adv_w = 296, .box_w = 17, .box_h = 27, .ofs_x = 1, .ofs_y = -6},
    {.bitmap_index = 47401, .adv_w = 158, .box_w = 10, .box_h = 26, .ofs_x = 0, .ofs_y = -6},
    {.bitmap_index = 47531, .adv_w = 296, .box_w = 17, .box_h = 28, .ofs_x = 1, .ofs_y = 0},
    {.bitmap_index = 47769, .adv_w = 188, .box_w = 11, .box_h = 24, .ofs_x = 0, .ofs_y = 0},
    {.bitmap_index = 47901, .adv_w = 296, .box_w = 17, .box_h = 21, .ofs_x = 1, .ofs_y = 0},
    {.bitmap_index = 48080, .adv_w = 158, .box_w = 10, .box_h = 20, .ofs_x = 0, .ofs_y = 0},
    {.bitmap_index = 48180, .adv_w = 330, .box_w = 17, .box_h = 28, .ofs_x = 2, .ofs_y = 0},
    {.bitmap_index = 48418, .adv_w = 274, .box_w = 15, .box_h = 21, .ofs_x = 1, .ofs_y = 0},
    {.bitmap_index = 48576, .adv_w = 330, .box_w = 17, .box_h = 27, .ofs_x = 2, .ofs_y = 0},
    {.bitmap_index = 48806, .adv_w = 274, .box_w = 15, .box_h = 21, .ofs_x = 1, .ofs_y = 0},
    {.bitmap_index = 48964, .adv_w = 330, .box_w = 17, .box_h = 28, .ofs_x = 2, .ofs_y = 0},
    {.bitmap_index = 49202, .adv_w = 274, .box_w = 15, .box_h = 23, .ofs_x = 1, .ofs_y = 0},
    {.bitmap_index = 49375, .adv_w = 330, .box_w = 17, .box_h = 29, .ofs_x = 2, .ofs_y = 0},
    {.bitmap_index = 49622, .adv_w = 274, .box_w = 15, .box_h = 24, .ofs_x = 1, .ofs_y = 0},
    {.bitmap_index = 49802, .adv_w = 330, .box_w = 17, .box_h = 28, .ofs_x = 2, .ofs_y = 0},
    {.bitmap_index = 50040, .adv_w = 274, .box_w = 15, .box_h = 23, .ofs_x = 1, .ofs_y = 0},
    {.bitmap_index = 50213, .adv_w = 330, .box_w = 17, .box_h = 27, .ofs_x = 2, .ofs_y = -6},
    {.bitmap_index = 50443, .adv_w = 274, .box_w = 16, .box_h = 22, .ofs_x = 1, .ofs_y = -6},
    {.bitmap_index = 50619, .adv_w = 457, .box_w = 28, .box_h = 28, .ofs_x = 0, .ofs_y = 0},
    {.bitmap_index = 51011, .adv_w = 376, .box_w = 23, .box_h = 22, .ofs_x = 0, .ofs_y = 0},
    {.bitmap_index = 51264, .adv_w = 320, .box_w = 20, .box_h = 28, .ofs_x = 0, .ofs_y = 0},
    {.bitmap_index = 51544, .adv_w = 264, .box_w = 16, .box_h = 28, .ofs_x = 0, .ofs_y = -6},
    {.bitmap_index = 51768, .adv_w = 320, .box_w = 20, .box_h = 27, .ofs_x = 0, .ofs_y = 0},
    {.bitmap_index = 52038, .adv_w = 292, .box_w = 16, .box_h = 28, .ofs_x = 1, .ofs_y = 0},
    {.bitmap_index = 52262, .adv_w = 254, .box_w = 14, .box_h = 22, .ofs_x = 1, .ofs_y = 0},
    {.bitmap_index = 52416, .adv_w = 292, .box_w = 16, .box_h = 28, .ofs_x = 1, .ofs_y = 0},
    {.bitmap_index = 52640, .adv_w = 254, .box_w = 14, .box_h = 23, .ofs_x = 1, .ofs_y = 0},
    {.bitmap_index = 52801, .adv_w = 292, .box_w = 16, .box_h = 28, .ofs_x = 1, .ofs_y = 0},
    {.bitmap_index = 53025, .adv_w = 254, .box_w = 14, .box_h = 22, .ofs_x = 1, .ofs_y = 0},
    {.bitmap_index = 53179, .adv_w = 150, .box_w = 9, .box_h = 22, .ofs_x = 1, .ofs_y = 0},
    {.bitmap_index = 53278, .adv_w = 189, .box_w = 10, .box_h = 4, .ofs_x = 1, .ofs_y = 7},
    {.bitmap_index = 53298, .adv_w = 189, .box_w = 10, .box_h = 4, .ofs_x = 1, .ofs_y = 7},
    {.bitmap_index = 53318, .adv_w = 290, .box_w = 17, .box_h = 4, .ofs_x = 1, .ofs_y = 8},
    {.bitmap_index = 53352, .adv_w = 224, .box_w = 14, .box_h = 4, .ofs_x = 0, .ofs_y = 7},
    {.bitmap_index = 53380, .adv_w = 448, .box_w = 28, .box_h = 4, .ofs_x = 0, .ofs_y = 7},
    {.bitmap_index = 53436, .adv_w = 448, .box_w = 28, .box_h = 4, .ofs_x = 0, .ofs_y = 7},
    {.bitmap_index = 53492, .adv_w = 240, .box_w = 9, .box_h = 35, .ofs_x = 3, .ofs_y = -7},
    {.bitmap_index = 53650, .adv_w = 210, .box_w = 13, .box_h = 6, .ofs_x = 0, .ofs_y = -6},
    {.bitmap_index = 53689, .adv_w = 132, .box_w = 6, .box_h = 9, .ofs_x = 2, .ofs_y = 12},
    {.bitmap_index = 53716, .adv_w = 132, .box_w = 6, .box_h = 9, .ofs_x = 2, .ofs_y = 13},
    {.bitmap_index = 53743, .adv_w = 122, .box_w = 6, .box_h = 9, .ofs_x = 1, .ofs_y = -5},
    {.bitmap_index = 53770, .adv_w = 132, .box_w = 5, .box_h = 9, .ofs_x = 1, .ofs_y = 12},
    {.bitmap_index = 53793, .adv_w = 227, .box_w = 12, .box_h = 9, .ofs_x = 2, .ofs_y = 12},
    {.bitmap_index = 53847, .adv_w = 225, .box_w = 11, .box_h = 9, .ofs_x = 2, .ofs_y = 13},
    {.bitmap_index = 53897, .adv_w = 215, .box_w = 12, .box_h = 9, .ofs_x = 1, .ofs_y = -5},
    {.bitmap_index = 53951, .adv_w = 225, .box_w = 11, .box_h = 9, .ofs_x = 1, .ofs_y = 12},
    {.bitmap_index = 54001, .adv_w = 247, .box_w = 13, .box_h = 16, .ofs_x = 1, .ofs_y = 5},
    {.bitmap_index = 54105, .adv_w = 247, .box_w = 13, .box_h = 21, .ofs_x = 1, .ofs_y = 0},
    {.bitmap_index = 54242, .adv_w = 226, .box_w = 10, .box_h = 10, .ofs_x = 2, .ofs_y = 4},
    {.bitmap_index = 54292, .adv_w = 226, .box_w = 9, .box_h = 10, .ofs_x = 3, .ofs_y = 3},
    {.bitmap_index = 54337, .adv_w = 143, .box_w = 5, .box_h = 5, .ofs_x = 2, .ofs_y = 0},
    {.bitmap_index = 54350, .adv_w = 285, .box_w = 14, .box_h = 5, .ofs_x = 2, .ofs_y = 0},
    {.bitmap_index = 54385, .adv_w = 428, .box_w = 23, .box_h = 5, .ofs_x = 2, .ofs_y = 0},
    {.bitmap_index = 54443, .adv_w = 143, .box_w = 5, .box_h = 5, .ofs_x = 2, .ofs_y = 8},
    {.bitmap_index = 54456, .adv_w = 427, .box_w = 22, .box_h = 20, .ofs_x = 2, .ofs_y = -1},
    {.bitmap_index = 54676, .adv_w = 395, .box_w = 20, .box_h = 21, .ofs_x = 2, .ofs_y = 0},
    {.bitmap_index = 54886, .adv_w = 427, .box_w = 21, .box_h = 20, .ofs_x = 3, .ofs_y = -1},
    {.bitmap_index = 55096, .adv_w = 395, .box_w = 20, .box_h = 22, .ofs_x = 2, .ofs_y = -1},
    {.bitmap_index = 55316, .adv_w = 290, .box_w = 14, .box_h = 4, .ofs_x = 2, .ofs_y = 6},
    {.bitmap_index = 55344, .adv_w = 463, .box_w = 27, .box_h = 22, .ofs_x = 1, .ofs_y = 0},
    {.bitmap_index = 55641, .adv_w = 421, .box_w = 23, .box_h = 26, .ofs_x = 2, .ofs_y = -3},
    {.bitmap_index = 55940, .adv_w = 463, .box_w = 27, .box_h = 23, .ofs_x = 1, .ofs_y = -2},
    {.bitmap_index = 56251, .adv_w = 421, .box_w = 23, .box_h = 26, .ofs_x = 1, .ofs_y = -3},
    {.bitmap_index = 56550, .adv_w = 468, .box_w = 25, .box_h = 24, .ofs_x = 2, .ofs_y = -1},
    {.bitmap_index = 56850, .adv_w = 396, .box_w = 21, .box_h = 16, .ofs_x = 2, .ofs_y = 1}
};

/*---------------------
 *  CHARACTER MAPPING
 *--------------------*/

static const uint16_t unicode_list_5[] = {
    0x0, 0x1, 0x2, 0x3, 0x82, 0x422, 0x426, 0x42c,
    0x430, 0x475, 0x583
};

/*Collect the unicode lists and glyph_id offsets*/
static const lv_font_fmt_txt_cmap_t cmaps[] =
{
    {
        .range_start = 32, .range_length = 95, .glyph_id_start = 1,
        .unicode_list = NULL, .glyph_id_ofs_list = NULL, .list_length = 0, .type = LV_FONT_FMT_TXT_CMAP_FORMAT0_TINY
    },
    {
        .range_start = 160, .range_length = 13, .glyph_id_start = 96,
        .unicode_list = NULL, .glyph_id_ofs_list = NULL, .list_length = 0, .type = LV_FONT_FMT_TXT_CMAP_FORMAT0_TINY
    },
    {
        .range_start = 174, .range_length = 155, .glyph_id_start = 109,
        .unicode_list = NULL, .glyph_id_ofs_list = NULL, .list_length = 0, .type = LV_FONT_FMT_TXT_CMAP_FORMAT0_TINY
    },
    {
        .range_start = 330, .range_length = 54, .glyph_id_start = 264,
        .unicode_list = NULL, .glyph_id_ofs_list = NULL, .list_length = 0, .type = LV_FONT_FMT_TXT_CMAP_FORMAT0_TINY
    },
    {
        .range_start = 8208, .range_length = 24, .glyph_id_start = 318,
        .unicode_list = NULL, .glyph_id_ofs_list = NULL, .list_length = 0, .type = LV_FONT_FMT_TXT_CMAP_FORMAT0_TINY
    },
    {
        .range_start = 8592, .range_length = 1412, .glyph_id_start = 342,
        .unicode_list = unicode_list_5, .glyph_id_ofs_list = NULL, .list_length = 11, .type = LV_FONT_FMT_TXT_CMAP_SPARSE_TINY
    }
};

/*-----------------
 *    KERNING
 *----------------*/


/*Pair left and right glyphs for kerning*/
static const uint16_t kern_pair_glyph_ids[] =
{
    3, 7,
    3, 98,
    3, 340,
    3, 347,
    5, 347,
    6, 326,
    6, 327,
    6, 330,
    6, 331,
    7, 3,
    7, 8,
    7, 61,
    7, 109,
    7, 326,
    7, 330,
    7, 334,
    7, 335,
    8, 7,
    8, 98,
    8, 340,
    8, 347,
    16, 61,
    16, 340,
    16, 347,
    32, 347,
    33, 16,
    33, 61,
    33, 64,
    33, 109,
    33, 326,
    33, 328,
    33, 330,
    33, 332,
    33, 340,
    33, 347,
    61, 3,
    61, 5,
    61, 8,
    61, 16,
    61, 32,
    61, 33,
    61, 61,
    61, 63,
    61, 98,
    61, 105,
    61, 107,
    61, 108,
    61, 109,
    61, 111,
    61, 117,
    61, 118,
    61, 122,
    61, 326,
    61, 327,
    61, 330,
    61, 331,
    61, 334,
    61, 335,
    61, 336,
    61, 337,
    61, 344,
    61, 347,
    63, 7,
    63, 33,
    63, 64,
    63, 105,
    63, 340,
    63, 347,
    64, 33,
    64, 61,
    64, 63,
    64, 93,
    64, 105,
    64, 111,
    64, 117,
    64, 326,
    64, 330,
    93, 64,
    97, 61,
    97, 326,
    97, 330,
    98, 3,
    98, 8,
    98, 61,
    98, 109,
    98, 326,
    98, 327,
    98, 330,
    98, 331,
    98, 334,
    98, 335,
    98, 347,
    105, 16,
    105, 61,
    105, 64,
    105, 109,
    105, 326,
    105, 328,
    105, 330,
    105, 332,
    105, 340,
    105, 347,
    107, 347,
    109, 7,
    109, 33,
    109, 98,
    109, 105,
    109, 347,
    111, 7,
    111, 33,
    111, 64,
    111, 105,
    111, 340,
    111, 347,
    116, 16,
    116, 64,
    116, 108,
    116, 118,
    116, 326,
    116, 327,
    116, 330,
    116, 331,
    116, 344,
    117, 64,
    118, 61,
    118, 117,
    118, 326,
    118, 330,
    118, 347,
    122, 61,
    122, 326,
    122, 330,
    122, 347,
    126, 61,
    126, 326,
    126, 327,
    126, 330,
    126, 331,
    326, 7,
    326, 16,
    326, 98,
    326, 126,
    326, 328,
    326, 332,
    326, 340,
    326, 347,
    327, 4,
    327, 7,
    327, 16,
    327, 33,
    327, 64,
    327, 98,
    327, 105,
    327, 107,
    327, 108,
    327, 116,
    327, 117,
    327, 118,
    327, 126,
    327, 340,
    327, 344,
    327, 347,
    328, 33,
    328, 61,
    328, 105,
    328, 326,
    328, 327,
    328, 330,
    328, 331,
    330, 7,
    330, 16,
    330, 98,
    330, 126,
    330, 328,
    330, 332,
    330, 340,
    330, 347,
    331, 4,
    331, 7,
    331, 16,
    331, 33,
    331, 64,
    331, 98,
    331, 105,
    331, 107,
    331, 108,
    331, 116,
    331, 117,
    331, 118,
    331, 126,
    331, 340,
    331, 344,
    331, 347,
    332, 33,
    332, 61,
    332, 105,
    332, 326,
    332, 327,
    332, 330,
    332, 331,
    334, 7,
    334, 98,
    334, 347,
    335, 7,
    335, 98,
    335, 347,
    336, 61,
    336, 347,
    337, 61,
    337, 347,
    340, 2,
    340, 3,
    340, 8,
    340, 32,
    340, 33,
    340, 105,
    340, 117,
    340, 327,
    340, 329,
    340, 331,
    340, 333,
    342, 61,
    342, 117,
    342, 326,
    342, 330,
    342, 347,
    347, 3,
    347, 5,
    347, 8,
    347, 16,
    347, 32,
    347, 33,
    347, 61,
    347, 63,
    347, 98,
    347, 105,
    347, 107,
    347, 108,
    347, 109,
    347, 111,
    347, 117,
    347, 118,
    347, 122,
    347, 326,
    347, 327,
    347, 330,
    347, 331,
    347, 334,
    347, 335,
    347, 336,
    347, 337,
    347, 344,
    347, 347
};

/* Kerning between the respective left and right glyphs
 * 4.4 format which needs to scaled with `kern_scale`*/
static const int8_t kern_pair_values[] =
{
    -15, -8, -39, -35, -5, -28, -30, -28,
    -30, -15, -15, -28, -10, -41, -41, -18,
    -18, -15, -8, -39, -35, 2, -18, -11,
    -28, -18, -17, -18, -2, -15, -18, -15,
    -18, -20, -18, -35, -5, -35, 6, -28,
    -18, -22, -40, -7, -18, -15, -15, -32,
    -40, -23, -15, -15, -19, -25, -19, -25,
    -33, -33, -15, -15, -15, 7, -15, -7,
    -30, -7, -61, -40, -18, -35, -30, 15,
    -18, -30, -20, -18, -18, 5, -15, -15,
    -15, -8, -8, -26, -5, -28, -10, -28,
    -10, -15, -15, -15, -18, -17, -18, -2,
    -15, -18, -15, -18, -20, -18, -15, -15,
    -2, -13, -2, -32, -15, -7, -30, -7,
    -61, -40, -15, -15, -15, -17, -23, 6,
    -23, 6, -17, 5, -18, -5, -18, -18,
    -15, -28, -38, -38, -15, -47, -28, -15,
    -28, -15, -28, -43, -17, -28, -38, -38,
    -45, -43, -56, -30, -63, -25, -18, -28,
    -25, -38, -25, -20, -5, -25, -30, -53,
    -25, -61, -17, -41, -17, -56, -43, -56,
    -43, -28, -43, -17, -28, -38, -38, -45,
    -43, -56, -30, -63, -25, -18, -28, -25,
    -38, -25, -20, -5, -25, -30, -53, -25,
    -61, -17, -41, -17, -56, -43, -56, -43,
    -18, -15, -33, -18, -15, -33, -18, -15,
    -18, -15, -4, -42, -42, -39, -20, -20,
    -23, -37, -61, -37, -81, -21, -5, -18,
    -18, -15, -35, -5, -35, 6, -28, -18,
    -34, -40, -7, -18, -15, -15, -32, -40,
    -23, -15, -15, -58, -46, -58, -46, -33,
    -33, -15, -15, -15, 7
};

/*Collect the kern pair's data in one place*/
static const lv_font_fmt_txt_kern_pair_t kern_pairs =
{
    .glyph_ids = kern_pair_glyph_ids,
    .values = kern_pair_values,
    .pair_cnt = 253,
    .glyph_ids_size = 1
};

/*--------------------
 *  ALL CUSTOM DATA
 *--------------------*/

#if LVGL_VERSION_MAJOR == 8
/*Store all the custom data of the font*/
static  lv_font_fmt_txt_glyph_cache_t cache;
#endif

#if LVGL_VERSION_MAJOR >= 8
static const lv_font_fmt_txt_dsc_t font_dsc = {
#else
static lv_font_fmt_txt_dsc_t font_dsc = {
#endif
    .glyph_bitmap = glyph_bitmap,
    .glyph_dsc = glyph_dsc,
    .cmaps = cmaps,
    .kern_dsc = &kern_pairs,
    .kern_scale = 16,
    .cmap_num = 6,
    .bpp = 4,
    .kern_classes = 0,
    .bitmap_format = 0,
#if LVGL_VERSION_MAJOR == 8
    .cache = &cache
#endif
};



/*-----------------
 *  PUBLIC FONT
 *----------------*/

/*Initialize a public general font descriptor*/
#if LVGL_VERSION_MAJOR >= 8
const lv_font_t face_inter_28 = {
#else
lv_font_t face_inter_28 = {
#endif
    .get_glyph_dsc = lv_font_get_glyph_dsc_fmt_txt,    /*Function pointer to get glyph's data*/
    .get_glyph_bitmap = lv_font_get_bitmap_fmt_txt,    /*Function pointer to get glyph's bitmap*/
    .line_height = 36,          /*The maximum line height required by the font*/
    .base_line = 7,             /*Baseline measured from the bottom of the line*/
#if !(LVGL_VERSION_MAJOR == 6 && LVGL_VERSION_MINOR == 0)
    .subpx = LV_FONT_SUBPX_NONE,
#endif
#if LV_VERSION_CHECK(7, 4, 0) || LVGL_VERSION_MAJOR >= 8
    .underline_position = -5,
    .underline_thickness = 2,
#endif
    .dsc = &font_dsc,          /*The custom font data. Will be accessed by `get_glyph_bitmap/dsc` */
#if LV_VERSION_CHECK(8, 2, 0) || LVGL_VERSION_MAJOR >= 9
    .fallback = NULL,
#endif
    .user_data = NULL,
};



#endif /*#if FACE_INTER_28*/

